1787945400422964006,2.4992550899764423e-17,1.719961642615525e-14,1.7175376596180138e-14,1.7175376596180138e-14
1787945400500617379,2.50377699768572e-17,1.719961642615525e-14,1.7175331379084802e-14,1.7175376596180138e-14
1787945400600606854,2.5077940131985175e-17,1.719961642615525e-14,1.7175291210690168e-14,1.7175376596180138e-14
1787945400700564830,2.5130483916291106e-17,1.719961642615525e-14,1.7175238669208655e-14,1.7175376596180138e-14
1787945400800730460,2.5178011653845955e-17,1.719961642615525e-14,1.7175191143554068e-14,1.7175376596180138e-14
1787945400900673850,2.5225580753839604e-17,1.719961642615525e-14,1.717514357653887e-14,1.7175376596180138e-14
1787945401000685215,2.5270777511423535e-17,1.719961642615525e-14,1.7175098381762118e-14,1.7175376596180138e-14
1787945401100573663,2.5321114241100544e-17,1.719961642615525e-14,1.7175048047238557e-14,1.7175376596180138e-14
1787945401200548921,2.5376038856013504e-17,1.719961642615525e-14,1.7174993125030848e-14,1.7175376596180138e-14
1787945401300590322,2.5431550972190854e-17,1.719961642615525e-14,1.7174937615347638e-14,1.7175376596180138e-14
1787945401400572634,2.5475370354187815e-17,1.719961642615525e-14,1.7174893797886153e-14,1.7175376596180138e-14
1787945401500636786,2.553016701827909e-17,1.719961642615525e-14,1.71748390036237e-14,1.7175376596180138e-14
1787945401601342074,2.55838624186851e-17,1.719961642615525e-14,1.7174785310576682e-14,1.7175376596180138e-14
1787945401700718636,2.5639524755291164e-17,1.719961642615525e-14,1.7174729650679685e-14,1.7175376596180138e-14
1787945401800630537,2.569148533326984e-17,1.719961642615525e-14,1.7174677692379087e-14,1.7175376596180138e-14
1787945401900658894,2.573273132915404e-17,1.719961642615525e-14,1.7174636448190988e-14,1.7175376596180138e-14
1787945402000650973,2.5783146627675094e-17,1.719961642615525e-14,1.717458603510214e-14,1.7175376596180138e-14
1787945402100622755,2.583297017428497e-17,1.719961642615525e-14,1.7174536213739283e-14,1.7175376596180138e-14
1787945402200771595,2.587373723801444e-17,1.719961642615525e-14,1.7174495448462375e-14,1.7175376596180138e-14
1787945402300799631,2.592133868216005e-17,1.719961642615525e-14,1.717444784910461e-14,1.7175376596180138e-14
1787945402400714347,2.5975999945290276e-17,1.719961642615525e-14,1.717439319023731e-14,1.7175376596180138e-14
1787945402500766207,2.6031541026382232e-17,1.719961642615525e-14,1.7174337651590622e-14,1.7175376596180138e-14
1787945402600659434,2.608207950804493e-17,1.719961642615525e-14,1.7174287115324114e-14,1.7175376596180138e-14
1787945402700855811,2.613188907844933e-17,1.719961642615525e-14,1.7174237307936927e-14,1.7175376596180138e-14
1787945402800853431,2.617523939003752e-17,1.719961642615525e-14,1.7174193959525447e-14,1.7175376596180138e-14
1787945402900642946,2.6217745572748497e-17,1.719961642615525e-14,1.7174151455205857e-14,1.7175376596180138e-14
1787945403000703222,2.6261811085537586e-17,1.719961642615525e-14,1.7174107391624544e-14,1.7175376596180138e-14
1787945403100812207,2.6314292828104716e-17,1.719961642615525e-14,1.717405491218237e-14,1.7175376596180138e-14
1787945403200749596,2.6364763582897687e-17,1.719961642615525e-14,1.7174004443639832e-14,1.7175376596180138e-14
1787945403300796166,2.640362182058458e-17,1.719961642615525e-14,1.7173965587105406e-14,1.7175376596180138e-14
1787945403400730830,2.644495441265657e-17,1.719961642615525e-14,1.717392425632506e-14,1.7175376596180138e-14
1787945403501558413,2.6490573343899902e-17,1.719961642615525e-14,1.717387863939344e-14,1.7175376596180138e-14
1787945403600596640,2.653434682741517e-17,1.719961642615525e-14,1.717383486782866e-14,1.7175376596180138e-14
1787945403700974663,2.658536374671208e-17,1.719961642615525e-14,1.717378385314562e-14,1.7175376596180138e-14
1787945403800544102,2.6635471674456738e-17,1.719961642615525e-14,1.7173733747414296e-14,1.7175376596180138e-14
1787945403900675629,2.667750471939895e-17,1.719961642615525e-14,1.7173691716211835e-14,1.7175376596180138e-14
1787945404000598601,2.6728956650425434e-17,1.719961642615525e-14,1.7173640266536166e-14,1.7175376596180138e-14
1787945404100808042,2.677610476188504e-17,1.719961642615525e-14,1.7173593120491427e-14,1.7175376596180138e-14
1787945404200588000,2.6823298668979863e-17,1.719961642615525e-14,1.717354592865307e-14,1.7175376596180138e-14
1787945404300805596,2.687166378397395e-17,1.719961642615525e-14,1.717349756565816e-14,1.7175376596180138e-14
1787945404400595402,2.6922663183893807e-17,1.719961642615525e-14,1.7173446568493816e-14,1.7175376596180138e-14
1787945404500682858,2.697306389130788e-17,1.719961642615525e-14,1.7173396169995743e-14,1.7175376596180138e-14
1787945404600926532,2.701991871011089e-17,1.719961642615525e-14,1.717334931723086e-14,1.7175376596180138e-14
1787945404700735423,2.70642836483791e-17,1.719961642615525e-14,1.7173304954237373e-14,1.7175376596180138e-14
1787945404800591952,2.7110501697277327e-17,1.719961642615525e-14,1.7173258738214503e-14,1.7175376596180138e-14
1787945404900843161,2.7162777575361697e-17,1.719961642615525e-14,1.7173206464628015e-14,1.7175376596180138e-14
1787945405000658654,2.720659102824067e-17,1.719961642615525e-14,1.7173162653095775e-14,1.7175376596180138e-14
1787945405100674929,2.7250138656267888e-17,1.719961642615525e-14,1.7173119107376747e-14,1.7175376596180138e-14
1787945405200831071,2.731430639035779e-17,1.719961642615525e-14,1.717305494245559e-14,1.7175376596180138e-14
1787945405301152560,2.7362295611928913e-17,1.719961642615525e-14,1.7173006955337752e-14,1.7175376596180138e-14
1787945405400594352,2.741007205226532e-17,1.719961642615525e-14,1.717295918099183e-14,1.7175376596180138e-14
1787945405500588436,2.7453939115585144e-17,1.719961642615525e-14,1.7172915315851557e-14,1.7175376596180138e-14
1787945405600578231,2.750408793575147e-17,1.719961642615525e-14,1.717286516922983e-14,1.7175376596180138e-14
1787945405700604524,2.755336597291982e-17,1.719961642615525e-14,1.7172815893352937e-14,1.7175376596180138e-14
1787945405800693894,2.7596052483198036e-17,1.719961642615525e-14,1.7172773208713982e-14,1.7175376596180138e-14
1787945405900551024,2.765532834709936e-17,1.719961642615525e-14,1.7172713935448678e-14,1.7175376596180138e-14
1787945406000732133,2.7699062969214967e-17,1.719961642615525e-14,1.7172670202743857e-14,1.7175376596180138e-14
1787945406100887264,2.7742821659130758e-17,1.719961642615525e-14,1.71726264459723e-14,1.7175376596180138e-14
1787945406201185950,2.779592255571593e-17,1.719961642615525e-14,1.7172573347403644e-14,1.7175376596180138e-14
1787945406300685740,2.7829379755702204e-17,1.719961642615525e-14,1.717253989167042e-14,1.7175376596180138e-14
1787945406400656330,2.788307586592197e-17,1.719961642615525e-14,1.717248619791425e-14,1.7175376596180138e-14
1787945406500638541,2.792153515290079e-17,1.719961642615525e-14,1.7172447740313344e-14,1.7175376596180138e-14
1787945406600699698,2.796972771972637e-17,1.719961642615525e-14,1.717239954985931e-14,1.7175376596180138e-14
1787945406700712166,2.8019721646798057e-17,1.719961642615525e-14,1.7172349558124017e-14,1.7175376596180138e-14
1787945406800848222,2.806163252498405e-17,1.719961642615525e-14,1.7172307649083253e-14,1.7175376596180138e-14
1787945406900691827,2.8102574702147565e-17,1.719961642615525e-14,1.717226670870105e-14,1.7175376596180138e-14
1787945407000716016,2.816033091370761e-17,1.719961642615525e-14,1.7172208955021616e-14,1.7175376596180138e-14
1787945407100786100,2.821058162166288e-17,1.719961642615525e-14,1.7172158706516746e-14,1.7175376596180138e-14
1787945407200712498,2.8252236467239444e-17,1.719961642615525e-14,1.717211705349741e-14,1.7175376596180138e-14
1787945407300648364,2.8292708287084e-17,1.719961642615525e-14,1.717207658345194e-14,1.7175376596180138e-14
1787945407400586424,2.8333313932105394e-17,1.719961642615525e-14,1.7172035979587174e-14,1.7175376596180138e-14
1787945407500650176,2.839095345739802e-17,1.719961642615525e-14,1.7171978342588958e-14,1.7175376596180138e-14
1787945407601016918,2.8441707060545164e-17,1.719961642615525e-14,1.7171927591211005e-14,1.7175376596180138e-14
1787945407700861766,2.848419687770054e-17,1.719961642615525e-14,1.7171885103256742e-14,1.7175376596180138e-14
1787945407800849227,2.8530716914792663e-17,1.719961642615525e-14,1.7171838585259252e-14,1.7175376596180138e-14
1787945407900807694,2.857511964744087e-17,1.719961642615525e-14,1.7171794184473387e-14,1.7175376596180138e-14
1787945408000969087,2.8625996227718176e-17,1.719961642615525e-14,1.7171743310123745e-14,1.7175376596180138e-14
1787945408100907067,2.867364090320256e-17,1.719961642615525e-14,1.7171695667537205e-14,1.7175376596180138e-14
1787945408200945262,2.8722673634093413e-17,1.719961642615525e-14,1.7171646636956128e-14,1.7175376596180138e-14
1787945408300702958,2.876614168881416e-17,1.719961642615525e-14,1.7171603170807252e-14,1.7175376596180138e-14
1787945408401416962,2.8820374641455107e-17,1.719961642615525e-14,1.7171548940232455e-14,1.7175376596180138e-14
1787945408500759722,2.886369891112167e-17,1.719961642615525e-14,1.717150561786235e-14,1.7175376596180138e-14
1787945408600732706,2.891385127903863e-17,1.719961642615525e-14,1.717145546769339e-14,1.7175376596180138e-14
1787945408700573376,2.8957293188100356e-17,1.719961642615525e-14,1.717141202768907e-14,1.7175376596180138e-14
1787945408800745198,2.9001788150669504e-17,1.719961642615525e-14,1.7171367534677424e-14,1.7175376596180138e-14
1787945408900834147,2.90540717271068e-17,1.719961642615525e-14,1.7171315253393423e-14,1.7175376596180138e-14
1787945409000860881,2.91068220162033e-17,1.719961642615525e-14,1.7171262505417238e-14,1.7175376596180138e-14
1787945409100719404,2.9158228634335335e-17,1.719961642615525e-14,1.7171211101053117e-14,1.7175376596180138e-14
1787945409200801229,2.919940860863687e-17,1.719961642615525e-14,1.717116992288443e-14,1.7175376596180138e-14
1787945409300521026,2.9250453045772517e-17,1.719961642615525e-14,1.7171118880685452e-14,1.7175376596180138e-14
1787945409400727652,2.929495449467973e-17,1.719961642615525e-14,1.717107438118782e-14,1.7175376596180138e-14
1787945409500642279,2.935075140967622e-17,1.719961642615525e-14,1.7171018586719388e-14,1.7175376596180138e-14
1787945409600637124,2.940012269225524e-17,1.719961642615525e-14,1.7170969217601642e-14,1.7175376596180138e-14
1787945409700701908,2.94521530228174e-17,1.719961642615525e-14,1.7170917189552515e-14,1.7175376596180138e-14
1787945409800819881,2.9501028328435824e-17,1.719961642615525e-14,1.7170868316390004e-14,1.7175376596180138e-14
1787945409901501345,2.954801383498157e-17,1.719961642615525e-14,1.717082133294371e-14,1.7175376596180138e-14
1787945410000689819,2.9591999884098597e-17,1.719961642615525e-14,1.7170777348823336e-14,1.7175376596180138e-14
1787945410101189076,2.962936500891419e-17,1.719961642615525e-14,1.717073998533695e-14,1.7175376596180138e-14
1787945410200645086,2.9685215016534204e-17,1.719961642615525e-14,1.7170684137778322e-14,1.7175376596180138e-14
1787945410300654998,2.9735056948126173e-17,1.719961642615525e-14,1.717063429803228e-14,1.7175376596180138e-14
1787945410400672736,2.9788393660020484e-17,1.719961642615525e-14,1.7170580963659198e-14,1.7175376596180138e-14
1787945410501161703,2.983357956146428e-17,1.719961642615525e-14,1.7170535779739164e-14,1.7175376596180138e-14
1787945410600613866,2.988501995886723e-17,1.719961642615525e-14,1.7170484341597445e-14,1.7175376596180138e-14
1787945410700639818,2.993043946644269e-17,1.719961642615525e-14,1.7170438924081545e-14,1.7175376596180138e-14
1787945410800776565,2.998064869206093e-17,1.719961642615525e-14,1.7170388717057647e-14,1.7175376596180138e-14
1787945410900673629,3.0031025296444405e-17,1.719961642615525e-14,1.7170338342662336e-14,1.7175376596180138e-14
1787945411000706334,3.0084449919233906e-17,1.719961642615525e-14,1.7170284920382298e-14,1.7175376596180138e-14
1787945411100873337,3.014171011013429e-17,1.719961642615525e-14,1.7170227662702354e-14,1.7175376596180138e-14
1787945411200726581,3.0191343612746876e-17,1.719961642615525e-14,1.717017803137627e-14,1.7175376596180138e-14
1787945411300813355,3.0243263355874063e-17,1.719961642615525e-14,1.717012611390994e-14,1.7175376596180138e-14
1787945411400692146,3.029275847529941e-17,1.719961642615525e-14,1.7170076620961e-14,1.7175376596180138e-14
1787945411500651816,3.0348494090793226e-17,1.719961642615525e-14,1.717002088778967e-14,1.7175376596180138e-14
1787945411600730025,3.040235114672001e-17,1.719961642615525e-14,1.716996703309554e-14,1.7175376596180138e-14
1787945411700753563,3.0448323762980694e-17,1.719961642615525e-14,1.7169921062495334e-14,1.7175376596180138e-14
1787945411800861006,3.048627319881219e-17,1.719961642615525e-14,1.7169883114723716e-14,1.7175376596180138e-14
1787945411900943483,3.0522901490536166e-17,1.719961642615525e-14,1.716984648803828e-14,1.7175376596180138e-14
1787945412000574586,3.0564123944684395e-17,1.719961642615525e-14,1.71698052673919e-14,1.7175376596180138e-14
1787945412100689242,3.062379937823961e-17,1.719961642615525e-14,1.716974559457536e-14,1.7175376596180138e-14
1787945412201099755,3.068479444407699e-17,1.719961642615525e-14,1.716968460218443e-14,1.7175376596180138e-14
1787945412300674914,3.072427600055032e-17,1.719961642615525e-14,1.7169645122359412e-14,1.7175376596180138e-14
1787945412400797495,3.076850007377366e-17,1.719961642615525e-14,1.7169600900225633e-14,1.7175376596180138e-14
1787945412500678370,3.0816808484175337e-17,1.719961642615525e-14,1.7169552593933804e-14,1.7175376596180138e-14
1787945412600840163,3.086871339538205e-17,1.719961642615525e-14,1.7169500691298914e-14,1.7175376596180138e-14
1787945412700970649,3.0916184378932245e-17,1.719961642615525e-14,1.7169453222397236e-14,1.7175376596180138e-14
1787945412800698581,3.0969018250757117e-17,1.719961642615525e-14,1.716940039084249e-14,1.7175376596180138e-14
1787945412900715426,3.1020846414677775e-17,1.719961642615525e-14,1.716934856495156e-14,1.7175376596180138e-14
1787945413000687269,3.105548114757258e-17,1.719961642615525e-14,1.716931393173762e-14,1.7175376596180138e-14
1787945413100513302,3.1088337931517005e-17,1.719961642615525e-14,1.7169281076394664e-14,1.7175376596180138e-14
1787945413200936648,3.114437781251393e-17,1.719961642615525e-14,1.71692250389714e-14,1.7175376596180138e-14
1787945413300747163,3.1200310125772063e-17,1.719961642615525e-14,1.7169169109111175e-14,1.7175376596180138e-14
1787945413400767014,3.1257684990020724e-17,1.719961642615525e-14,1.716911173676324e-14,1.7175376596180138e-14
1787945413500705265,3.130157727336084e-17,1.719961642615525e-14,1.716906784640491e-14,1.7175376596180138e-14
1787945413600565841,3.1352416741686004e-17,1.719961642615525e-14,1.71690170091663e-14,1.7175376596180138e-14
1787945413700497389,3.139862737622198e-17,1.719961642615525e-14,1.716897080055848e-14,1.7175376596180138e-14
1787945413800924243,3.144410806089966e-17,1.719961642615525e-14,1.7168925321868514e-14,1.7175376596180138e-14
1787945413900783237,3.150337376770616e-17,1.719961642615525e-14,1.716886605876102e-14,1.7175376596180138e-14
1787945414000959807,3.155777454050569e-17,1.719961642615525e-14,1.7168811660374182e-14,1.7175376596180138e-14
1787945414100900342,3.159217763629998e-17,1.719961642615525e-14,1.716877725878728e-14,1.7175376596180138e-14
1787945414200773763,3.1635220076626145e-17,1.719961642615525e-14,1.716873421823477e-14,1.7175376596180138e-14
1787945414301568185,3.1676006182803696e-17,1.719961642615525e-14,1.7168693433917456e-14,1.7175376596180138e-14
1787945414401040304,3.1733656096698634e-17,1.719961642615525e-14,1.7168635786532078e-14,1.7175376596180138e-14
1787945414501081225,3.178614430356979e-17,1.719961642615525e-14,1.7168583300627347e-14,1.7175376596180138e-14
1787945414600734138,3.1825609132723306e-17,1.719961642615525e-14,1.7168543837529137e-14,1.7175376596180138e-14
1787945414700843565,3.1864049979900723e-17,1.719961642615525e-14,1.7168505398367994e-14,1.7175376596180138e-14
1787945414801307366,3.1910882894615686e-17,1.719961642615525e-14,1.716845856750741e-14,1.7175376596180138e-14
1787945414900988582,3.196932091427791e-17,1.719961642615525e-14,1.7168400132050903e-14,1.7175376596180138e-14
1787945415000977155,3.2016929863218186e-17,1.719961642615525e-14,1.7168352525190153e-14,1.7175376596180138e-14
1787945415100726266,3.20725596286302e-17,1.719961642615525e-14,1.716829689786475e-14,1.7175376596180138e-14
1787945415200664857,3.212457300788531e-17,1.719961642615525e-14,1.71682448867669e-14,1.7175376596180138e-14
1787945415300836659,3.2170019982257615e-17,1.719961642615525e-14,1.7168199441785928e-14,1.7175376596180138e-14
1787945415401066779,3.2215295843948195e-17,1.719961642615525e-14,1.716815416791014e-14,1.7175376596180138e-14
1787945415500834604,3.225716883362646e-17,1.719961642615525e-14,1.7168112296757122e-14,1.7175376596180138e-14
1787945415600796449,3.2312017615374625e-17,1.719961642615525e-14,1.7168057450381195e-14,1.7175376596180138e-14
1787945415700792506,3.236663377758827e-17,1.719961642615525e-14,1.7168002836614617e-14,1.7175376596180138e-14
1787945415800830921,3.2412851843191425e-17,1.719961642615525e-14,1.716795662057629e-14,1.7175376596180138e-14
1787945415900743975,3.245683979617536e-17,1.719961642615525e-14,1.7167912634552778e-14,1.7175376596180138e-14
1787945416000613248,3.25065671555199e-17,1.719961642615525e-14,1.7167862909374666e-14,1.7175376596180138e-14
1787945416101253396,3.255357016000939e-17,1.719961642615525e-14,1.716781590843192e-14,1.7175376596180138e-14
1787945416200647751,3.259357930181735e-17,1.719961642615525e-14,1.7167775901045084e-14,1.7175376596180138e-14
1787945416300837477,3.264977973590439e-17,1.719961642615525e-14,1.7167719703076202e-14,1.7175376596180138e-14
1787945416400852619,3.269848187957697e-17,1.719961642615525e-14,1.7167671003068843e-14,1.7175376596180138e-14
1787945416500629692,3.2740910224323556e-17,1.719961642615525e-14,1.7167628576585216e-14,1.7175376596180138e-14
1787945416600808226,3.279335915210059e-17,1.719961642615525e-14,1.7167576129958128e-14,1.7175376596180138e-14
1787945416700822578,3.284570548265576e-17,1.719961642615525e-14,1.7167523785923773e-14,1.7175376596180138e-14
1787945416800777519,3.2897830713039365e-17,1.719961642615525e-14,1.7167471662979905e-14,1.7175376596180138e-14
1787945416902058010,3.293291772233019e-17,1.719961642615525e-14,1.716743657750974e-14,1.7175376596180138e-14
1787945417000996783,3.2986070695088504e-17,1.719961642615525e-14,1.7167383426868607e-14,1.7175376596180138e-14
1787945417100672619,3.30419072841133e-17,1.719961642615525e-14,1.7167327592728942e-14,1.7175376596180138e-14
1787945417200978589,3.3088024204779486e-17,1.719961642615525e-14,1.7167281477831274e-14,1.7175376596180138e-14
1787945417300746986,3.313927543548677e-17,1.719961642615525e-14,1.716723022884881e-14,1.7175376596180138e-14
1787945417400748964,3.3188669067392326e-17,1.719961642615525e-14,1.716718083738367e-14,1.7175376596180138e-14
1787945417501005683,3.3224633722769167e-17,1.719961642615525e-14,1.7167144874305974e-14,1.7175376596180138e-14
1787945417600925199,3.3262729387978234e-17,1.719961642615525e-14,1.7167106780311936e-14,1.7175376596180138e-14
1787945417701229305,3.33059157824065e-17,1.719961642615525e-14,1.7167063595812003e-14,1.7175376596180138e-14
1787945417801100131,3.335631958834481e-17,1.719961642615525e-14,1.716701319421719e-14,1.7175376596180138e-14
1787945417900983240,3.338917054690192e-17,1.719961642615525e-14,1.716698034469975e-14,1.7175376596180138e-14
1787945418005146908,3.344424638924313e-17,1.719961642615525e-14,1.716692527127351e-14,1.7175376596180138e-14
1787945418100941242,3.349022625400156e-17,1.719961642615525e-14,1.7166879293425836e-14,1.7175376596180138e-14
1787945418201124545,3.3530710382910595e-17,1.719961642615525e-14,1.7166838811072927e-14,1.7175376596180138e-14
1787945418301810507,3.3578424936436745e-17,1.719961642615525e-14,1.7166791098612606e-14,1.7175376596180138e-14
1787945418400872809,3.361319515000814e-17,1.719961642615525e-14,1.716675632992439e-14,1.7175376596180138e-14
1787945418501265900,3.365297318835404e-17,1.719961642615525e-14,1.7166716553631096e-14,1.7175376596180138e-14
1787945418601002067,3.3696176127388855e-17,1.719961642615525e-14,1.7166673352587368e-14,1.7175376596180138e-14
1787945418701380612,3.3733468572085827e-17,1.719961642615525e-14,1.7166636061778696e-14,1.7175376596180138e-14
1787945418801387008,3.377655445544952e-17,1.719961642615525e-14,1.7166592977785524e-14,1.7175376596180138e-14
1787945418901386702,3.382132971967726e-17,1.719961642615525e-14,1.7166548204485615e-14,1.7175376596180138e-14
1787945419002025818,3.386704178438754e-17,1.719961642615525e-14,1.7166502494426328e-14,1.7175376596180138e-14
1787945419101019744,3.3911603716660125e-17,1.719961642615525e-14,1.716645793444903e-14,1.7175376596180138e-14
1787945419200843793,3.395560090164543e-17,1.719961642615525e-14,1.716641393919426e-14,1.7175376596180138e-14
1787945419301628688,3.3996933375010095e-17,1.719961642615525e-14,1.7166372608534207e-14,1.7175376596180138e-14
1787945419401529770,3.404836315968098e-17,1.719961642615525e-14,1.716632118100585e-14,1.7175376596180138e-14
1787945419501348009,3.4097919104613463e-17,1.719961642615525e-14,1.7166271627235035e-14,1.7175376596180138e-14
1787945419601174633,3.41471827497112e-17,1.719961642615525e-14,1.716622236575124e-14,1.7175376596180138e-14
1787945419700834730,3.419587854294489e-17,1.719961642615525e-14,1.7166173672094413e-14,1.7175376596180138e-14
1787945419800805030,3.423780349985876e-17,1.719961642615525e-14,1.716613174897686e-14,1.7175376596180138e-14
1787945419900831323,3.4293178083310543e-17,1.719961642615525e-14,1.7166076376822854e-14,1.7175376596180138e-14
1787945420001491688,3.4329408301216923e-17,1.719961642615525e-14,1.7166040148194483e-14,1.7175376596180138e-14
1787945420100790767,3.4384728184122816e-17,1.719961642615525e-14,1.7165984830738648e-14,1.7175376596180138e-14
1787945420201074707,3.4440020044449595e-17,1.719961642615525e-14,1.7165929541304178e-14,1.7175376596180138e-14
1787945420300798832,3.4489583391862217e-17,1.719961642615525e-14,1.716587998013131e-14,1.7175376596180138e-14
1787945420401095815,3.4533452547060284e-17,1.719961642615525e-14,1.7165836112900832e-14,1.7175376596180138e-14
1787945420500784845,3.458468611961191e-17,1.719961642615525e-14,1.7165784881576125e-14,1.7175376596180138e-14
1787945420601617489,3.4635074369675565e-17,1.719961642615525e-14,1.7165734495536835e-14,1.7175376596180138e-14
1787945420702959162,3.46895974220167e-17,1.719961642615525e-14,1.716567997487669e-14,1.7175376596180138e-14
1787945420801570050,3.4744151105825356e-17,1.719961642615525e-14,1.7165625423586436e-14,1.7175376596180138e-14
1787945420901306388,3.4790812715222975e-17,1.719961642615525e-14,1.716557876402434e-14,1.7175376596180138e-14
1787945421001265487,3.483465385346489e-17,1.719961642615525e-14,1.7165534924809663e-14,1.7175376596180138e-14
1787945421101188359,3.487127594672382e-17,1.719961642615525e-14,1.7165498304323233e-14,1.7175376596180138e-14
1787945421201323404,3.492197225868979e-17,1.719961642615525e-14,1.7165447610235628e-14,1.7175376596180138e-14
1787945421301138627,3.497925909754265e-17,1.719961642615525e-14,1.7165390325910314e-14,1.7175376596180138e-14
1787945421401384516,3.5024998343919705e-17,1.719961642615525e-14,1.7165344588670824e-14,1.7175376596180138e-14
1787945421503169569,3.506371764723463e-17,1.719961642615525e-14,1.7165305871066394e-14,1.7175376596180138e-14
1787945421601457651,3.5117525852000173e-17,1.719961642615525e-14,1.7165252065222582e-14,1.7175376596180138e-14
1787945421701005911,3.517113743180481e-17,1.719961642615525e-14,1.7165198455995118e-14,1.7175376596180138e-14
1787945421800871297,3.522491912652739e-17,1.719961642615525e-14,1.7165144676660213e-14,1.7175376596180138e-14
1787945421900831989,3.5268946559039054e-17,1.719961642615525e-14,1.7165100651159532e-14,1.7175376596180138e-14
1787945422002407305,3.532576230855063e-17,1.719961642615525e-14,1.7165043837902997e-14,1.7175376596180138e-14
1787945422101461181,3.536892172178536e-17,1.719961642615525e-14,1.716500068038353e-14,1.7175376596180138e-14
1787945422200817857,3.5413060586127143e-17,1.719961642615525e-14,1.7164956543455943e-14,1.7175376596180138e-14
1787945422300919069,3.54606537041141e-17,1.719961642615525e-14,1.7164908952426294e-14,1.7175376596180138e-14
1787945422401444304,3.550192285092176e-17,1.719961642615525e-14,1.716486768509034e-14,1.7175376596180138e-14
1787945422500787325,3.555164487264189e-17,1.719961642615525e-14,1.7164817965250393e-14,1.7175376596180138e-14
1787945422600811034,3.559314893158271e-17,1.719961642615525e-14,1.7164776463012636e-14,1.7175376596180138e-14
1787945422700847666,3.563988294356042e-17,1.719961642615525e-14,1.716472973105134e-14,1.7175376596180138e-14
1787945422800815652,3.569099440123528e-17,1.719961642615525e-14,1.716467862183644e-14,1.7175376596180138e-14
1787945422900728756,3.573830063910103e-17,1.719961642615525e-14,1.716463131767439e-14,1.7175376596180138e-14
1787945423001422673,3.579482508535569e-17,1.719961642615525e-14,1.716457479570846e-14,1.7175376596180138e-14
1787945423102623958,3.583454630972154e-17,1.719961642615525e-14,1.7164535076227096e-14,1.7175376596180138e-14
1787945423201268057,3.587519986015579e-17,1.719961642615525e-14,1.716449442446058e-14,1.7175376596180138e-14
1787945423302261167,3.59245928715271e-17,1.719961642615525e-14,1.716444503361664e-14,1.7175376596180138e-14
1787945423401039274,3.5991700453899505e-17,1.719961642615525e-14,1.7164377928979058e-14,1.7175376596180138e-14
1787945423501173216,3.604964695091663e-17,1.719961642615525e-14,1.7164319985024843e-14,1.7175376596180138e-14
1787945423601096329,3.609739434106191e-17,1.719961642615525e-14,1.7164272239729957e-14,1.7175376596180138e-14
1787945423700667021,3.614729800024079e-17,1.719961642615525e-14,1.7164222338260675e-14,1.7175376596180138e-14
1787945423800760358,3.6191734838886726e-17,1.719961642615525e-14,1.7164177903372035e-14,1.7175376596180138e-14
1787945423900718796,3.6254718913496086e-17,1.719961642615525e-14,1.7164114922061354e-14,1.7175376596180138e-14
1787945424002357629,3.6317027289087526e-17,1.719961642615525e-14,1.716405261642006e-14,1.7175376596180138e-14
1787945424101442453,3.636481588697357e-17,1.719961642615525e-14,1.7164004829919305e-14,1.7175376596180138e-14
1787945424201377297,3.6402667843968516e-17,1.719961642615525e-14,1.7163966979623396e-14,1.7175376596180138e-14
1787945424301286574,3.644772661959267e-17,1.719961642615525e-14,1.7163921922825132e-14,1.7175376596180138e-14
1787945424400968742,3.649993057040585e-17,1.719961642615525e-14,1.716386972116525e-14,1.7175376596180138e-14
1787945424500597411,3.654880284199406e-17,1.719961642615525e-14,1.7163820851038398e-14,1.7175376596180138e-14
1787945424600741221,3.659665930496906e-17,1.719961642615525e-14,1.716377299667559e-14,1.7175376596180138e-14
1787945424700658593,3.664581835766229e-17,1.719961642615525e-14,1.716372383978024e-14,1.7175376596180138e-14
1787945424800661063,3.669276444667508e-17,1.719961642615525e-14,1.7163676895751467e-14,1.7175376596180138e-14
1787945424900773195,3.673842535933839e-17,1.719961642615525e-14,1.7163631236842656e-14,1.7175376596180138e-14
1787945425001734686,3.6776996323725765e-17,1.719961642615525e-14,1.716359266757098e-14,1.7175376596180138e-14
1787945425100763727,3.683293447484726e-17,1.719961642615525e-14,1.7163536731874755e-14,1.7175376596180138e-14
1787945425200852125,3.688250427520535e-17,1.719961642615525e-14,1.716348716424983e-14,1.7175376596180138e-14
1787945425300799543,3.6920872562801415e-17,1.719961642615525e-14,1.716344879764608e-14,1.7175376596180138e-14
1787945425400688182,3.6977098878563315e-17,1.719961642615525e-14,1.7163392573797904e-14,1.7175376596180138e-14
1787945425500820772,3.702586852060814e-17,1.719961642615525e-14,1.7163343806296208e-14,1.7175376596180138e-14
1787945425600753953,3.7077949645497874e-17,1.719961642615525e-14,1.7163291727457014e-14,1.7175376596180138e-14
1787945425701266475,3.712796980074152e-17,1.719961642615525e-14,1.7163241709497027e-14,1.7175376596180138e-14
1787945425800826968,3.7179614687057076e-17,1.719961642615525e-14,1.7163190066877286e-14,1.7175376596180138e-14
1787945425900857449,3.723024017720941e-17,1.719961642615525e-14,1.7163139443608984e-14,1.7175376596180138e-14
1787945426001292768,3.727632819292729e-17,1.719961642615525e-14,1.7163093357615988e-14,1.7175376596180138e-14
1787945426100690390,3.7319315718022677e-17,1.719961642615525e-14,1.7163050371977546e-14,1.7175376596180138e-14
1787945426200690145,3.736540670761351e-17,1.719961642615525e-14,1.7163004283010828e-14,1.7175376596180138e-14
1787945426300626051,3.741919185185375e-17,1.719961642615525e-14,1.7162950500227165e-14,1.7175376596180138e-14
1787945426400617140,3.746788394151182e-17,1.719961642615525e-14,1.716290181027456e-14,1.7175376596180138e-14
1787945426501297502,3.752102596320829e-17,1.719961642615525e-14,1.7162848670585236e-14,1.7175376596180138e-14
1787945426600774631,3.757758705673806e-17,1.719961642615525e-14,1.716279211197416e-14,1.7175376596180138e-14
1787945426700835478,3.7637132530718945e-17,1.719961642615525e-14,1.716273256911363e-14,1.7175376596180138e-14
1787945426801193404,3.768924261489593e-17,1.719961642615525e-14,1.7162680461316583e-14,1.7175376596180138e-14
1787945426901293634,3.774523158424336e-17,1.719961642615525e-14,1.7162624474804626e-14,1.7175376596180138e-14
1787945427000797522,3.779571645986683e-17,1.719961642615525e-14,1.7162573992144826e-14,1.7175376596180138e-14
1787945427100817845,3.7833488425792044e-17,1.719961642615525e-14,1.7162536221836753e-14,1.7175376596180138e-14
1787945427200691867,3.788046442440832e-17,1.719961642615525e-14,1.7162489247899978e-14,1.7175376596180138e-14
1787945427300905447,3.792233772312502e-17,1.719961642615525e-14,1.7162447376439143e-14,1.7175376596180138e-14
1787945427400814413,3.797723812918526e-17,1.719961642615525e-14,1.7162392478442758e-14,1.7175376596180138e-14
1787945427500863138,3.8033294907904825e-17,1.719961642615525e-14,1.7162336424124485e-14,1.7175376596180138e-14
1787945427600814133,3.8090075896377345e-17,1.719961642615525e-14,1.7162279645628266e-14,1.7175376596180138e-14
1787945427700656396,3.81380512057023e-17,1.719961642615525e-14,1.7162231672424703e-14,1.7175376596180138e-14
1787945427800685735,3.818735892964693e-17,1.719961642615525e-14,1.7162182366865016e-14,1.7175376596180138e-14
1787945427900829125,3.823915473143346e-17,1.719961642615525e-14,1.716213057333671e-14,1.7175376596180138e-14
1787945428000636594,3.828692454504412e-17,1.719961642615525e-14,1.7162082805619877e-14,1.7175376596180138e-14
1787945428101239012,3.833406349151608e-17,1.719961642615525e-14,1.7162035668742506e-14,1.7175376596180138e-14
1787945428201029160,3.837287112451753e-17,1.719961642615525e-14,1.716199686281292e-14,1.7175376596180138e-14
1787945428300830768,3.841615399051859e-17,1.719961642615525e-14,1.716195358184678e-14,1.7175376596180138e-14
1787945428400973036,3.846672802574402e-17,1.719961642615525e-14,1.7161903010031465e-14,1.7175376596180138e-14
1787945428501068137,3.852136336325845e-17,1.719961642615525e-14,1.7161848377092146e-14,1.7175376596180138e-14
1787945428601105280,3.856862833230386e-17,1.719961642615525e-14,1.716180111419779e-14,1.7175376596180138e-14
1787945428701014838,3.861664272985231e-17,1.719961642615525e-14,1.7161753101907834e-14,1.7175376596180138e-14
1787945428800698639,3.865899713896557e-17,1.719961642615525e-14,1.716171074935788e-14,1.7175376596180138e-14
1787945428901265151,3.87071509823126e-17,1.719961642615525e-14,1.7161662597628274e-14,1.7175376596180138e-14
1787945429001368166,3.875863513229354e-17,1.719961642615525e-14,1.716161111573823e-14,1.7175376596180138e-14
1787945429101016912,3.881550812891176e-17,1.719961642615525e-14,1.716155424523811e-14,1.7175376596180138e-14
1787945429200967526,3.8858748234093135e-17,1.719961642615525e-14,1.7161511007031015e-14,1.7175376596180138e-14
1787945429300912359,3.890705881815861e-17,1.719961642615525e-14,1.7161462698567616e-14,1.7175376596180138e-14
1787945429401102084,3.896462329848632e-17,1.719961642615525e-14,1.7161405136614186e-14,1.7175376596180138e-14
1787945429500591005,3.9017876045929724e-17,1.719961642615525e-14,1.7161351886204384e-14,1.7175376596180138e-14
1787945429600588866,3.906928905227717e-17,1.719961642615525e-14,1.7161300475454933e-14,1.7175376596180138e-14
1787945429700825478,3.9111172445317993e-17,1.719961642615525e-14,1.7161258593900474e-14,1.7175376596180138e-14
1787945429800786551,3.916641775638398e-17,1.719961642615525e-14,1.716120335101456e-14,1.7175376596180138e-14
1787945429900668698,3.9207435313123415e-17,1.719961642615525e-14,1.716116233525841e-14,1.7175376596180138e-14
1787945430000756295,3.925523109103879e-17,1.719961642615525e-14,1.7161114541578654e-14,1.7175376596180138e-14
1787945430101177849,3.930185196936088e-17,1.719961642615525e-14,1.716106792274692e-14,1.7175376596180138e-14
1787945430200770051,3.9354472185287347e-17,1.719961642615525e-14,1.716101530484096e-14,1.7175376596180138e-14
1787945430300677445,3.940976442568094e-17,1.719961642615525e-14,1.7160960015027845e-14,1.7175376596180138e-14
1787945430400582354,3.945561335780028e-17,1.719961642615525e-14,1.7160914168108467e-14,1.7175376596180138e-14
1787945430500812174,3.9491371007918835e-17,1.719961642615525e-14,1.7160878412028093e-14,1.7175376596180138e-14
1787945430600830402,3.952664506904346e-17,1.719961642615525e-14,1.716084313951549e-14,1.7175376596180138e-14
1787945430700582499,3.9583227438010027e-17,1.719961642615525e-14,1.7160786559630488e-14,1.7175376596180138e-14
1787945430800718295,3.9632496102666504e-17,1.719961642615525e-14,1.7160737293128743e-14,1.7175376596180138e-14
1787945430901046607,3.9684421033199604e-17,1.719961642615525e-14,1.716068537047774e-14,1.7175376596180138e-14
1787945431000651341,3.972406810462445e-17,1.719961642615525e-14,1.716064572514685e-14,1.7175376596180138e-14
1787945431101666582,3.976254243542529e-17,1.719961642615525e-14,1.716060725250511e-14,1.7175376596180138e-14
1787945431200734716,3.982174338045942e-17,1.719961642615525e-14,1.716054805415907e-14,1.7175376596180138e-14
1787945431301125743,3.987138932736727e-17,1.719961642615525e-14,1.716049841039169e-14,1.7175376596180138e-14
1787945431400829230,3.991937766095001e-17,1.719961642615525e-14,1.716045042416488e-14,1.7175376596180138e-14
1787945431500963193,3.995744986808438e-17,1.719961642615525e-14,1.716041235362919e-14,1.7175376596180138e-14
1787945431601000106,4.000098377739097e-17,1.719961642615525e-14,1.7160368821631118e-14,1.7175376596180138e-14
1787945431700901389,4.004912492148575e-17,1.719961642615525e-14,1.7160320682600535e-14,1.7175376596180138e-14
1787945431800737030,4.009635587041109e-17,1.719961642615525e-14,1.716027345372517e-14,1.7175376596180138e-14
1787945431900583041,4.0144318165507277e-17,1.719961642615525e-14,1.7160225493535758e-14,1.7175376596180138e-14
1787945432000689192,4.018340898112573e-17,1.719961642615525e-14,1.716018640443635e-14,1.7175376596180138e-14
1787945432100923820,4.023587361090084e-17,1.719961642615525e-14,1.7160133942109948e-14,1.7175376596180138e-14
1787945432201044509,4.0277952034101545e-17,1.719961642615525e-14,1.7160091865534142e-14,1.7175376596180138e-14
1787945432300654002,4.0328404398924726e-17,1.719961642615525e-14,1.7160041415384367e-14,1.7175376596180138e-14
1787945432400970833,4.037117615479739e-17,1.719961642615525e-14,1.715999864550635e-14,1.7175376596180138e-14
1787945432500674019,4.041892807445993e-17,1.719961642615525e-14,1.71599508956832e-14,1.7175376596180138e-14
1787945432600896996,4.0466716138393926e-17,1.719961642615525e-14,1.715990310971738e-14,1.7175376596180138e-14
1787945432700751032,4.051168083216535e-17,1.719961642615525e-14,1.7159858146997774e-14,1.7175376596180138e-14
1787945432801710730,4.0551550627666096e-17,1.719961642615525e-14,1.7159818278952753e-14,1.7175376596180138e-14
1787945432900790314,4.059804706237046e-17,1.719961642615525e-14,1.7159771784559486e-14,1.7175376596180138e-14
1787945433000732112,4.064515911321481e-17,1.719961642615525e-14,1.7159724674577116e-14,1.7175376596180138e-14
1787945433100707892,4.069164856604152e-17,1.719961642615525e-14,1.7159678187165442e-14,1.7175376596180138e-14
1787945433200953030,4.074279444793983e-17,1.719961642615525e-14,1.7159627043529153e-14,1.7175376596180138e-14
1787945433301431770,4.079666442263745e-17,1.719961642615525e-14,1.715957317591968e-14,1.7175376596180138e-14
1787945433400651483,4.0834337728094925e-17,1.719961642615525e-14,1.715953550426833e-14,1.7175376596180138e-14
1787945433500757094,4.088982435656791e-17,1.719961642615525e-14,1.7159480020076086e-14,1.7175376596180138e-14
1787945433601167126,4.0949402773103875e-17,1.719961642615525e-14,1.715942044427546e-14,1.7175376596180138e-14
1787945433701001916,4.100357078800298e-17,1.719961642615525e-14,1.7159366278638928e-14,1.7175376596180138e-14
1787945433800605158,4.104520849872945e-17,1.719961642615525e-14,1.715932464275641e-14,1.7175376596180138e-14
1787945433900914094,4.1104580866202055e-17,1.719961642615525e-14,1.7159265272995845e-14,1.7175376596180138e-14
1787945434000809907,4.1147429371754806e-17,1.719961642615525e-14,1.7159222426371687e-14,1.7175376596180138e-14
1787945434100643184,4.1190621553356636e-17,1.719961642615525e-14,1.7159179236086577e-14,1.7175376596180138e-14
1787945434200733085,4.122955709330659e-17,1.719961642615525e-14,1.7159140302256227e-14,1.7175376596180138e-14
1787945434300673019,4.128127901880983e-17,1.719961642615525e-14,1.7159088582601767e-14,1.7175376596180138e-14
1787945434400750838,4.133723758110129e-17,1.719961642615525e-14,1.715903262649656e-14,1.7175376596180138e-14
1787945434501411644,4.138000854769892e-17,1.719961642615525e-14,1.7158989857408e-14,1.7175376596180138e-14
1787945434601383417,4.141799904368538e-17,1.719961642615525e-14,1.7158951868580155e-14,1.7175376596180138e-14
1787945434700854285,4.147538056910031e-17,1.719961642615525e-14,1.7158894489574345e-14,1.7175376596180138e-14
1787945434800739448,4.152318004511991e-17,1.719961642615525e-14,1.71588466921972e-14,1.7175376596180138e-14
1787945434900874793,4.156242047367896e-17,1.719961642615525e-14,1.7158807453491692e-14,1.7175376596180138e-14
1787945435000660622,4.1607913264167075e-17,1.719961642615525e-14,1.715876196269881e-14,1.7175376596180138e-14
1787945435100894980,4.165176263724427e-17,1.719961642615525e-14,1.7158718115251184e-14,1.7175376596180138e-14
1787945435201084025,4.1702672157084763e-17,1.719961642615525e-14,1.7158667207966826e-14,1.7175376596180138e-14
1787945435301252752,4.176041695479345e-17,1.719961642615525e-14,1.715860946570476e-14,1.7175376596180138e-14
1787945435401528236,4.181706579691333e-17,1.719961642615525e-14,1.715855281935017e-14,1.7175376596180138e-14
1787945435500756645,4.1861351011965814e-17,1.719961642615525e-14,1.7158508536079752e-14,1.7175376596180138e-14
1787945435600851827,4.191509229170325e-17,1.719961642615525e-14,1.71584547971599e-14,1.7175376596180138e-14
1787945435700624993,4.197078978968491e-17,1.719961642615525e-14,1.7158399102107717e-14,1.7175376596180138e-14
1787945435800665673,4.201676999445918e-17,1.719961642615525e-14,1.715835312392205e-14,1.7175376596180138e-14
1787945435900650750,4.206187430005435e-17,1.719961642615525e-14,1.7158308021597107e-14,1.7175376596180138e-14
1787945436000678216,4.210330434353955e-17,1.719961642615525e-14,1.7158266593372933e-14,1.7175376596180138e-14
1787945436100792102,4.215925460435479e-17,1.719961642615525e-14,1.7158210645569074e-14,1.7175376596180138e-14
1787945436200822944,4.220530971232671e-17,1.719961642615525e-14,1.715816459248354e-14,1.7175376596180138e-14
1787945436300738463,4.2262111911901604e-17,1.719961642615525e-14,1.715810779277836e-14,1.7175376596180138e-14
1787945436400815481,4.231367832146377e-17,1.719961642615525e-14,1.7158056228633284e-14,1.7175376596180138e-14
1787945436500603043,4.237021257208036e-17,1.719961642615525e-14,1.7157999696865326e-14,1.7175376596180138e-14
1787945436600797388,4.2414332227218017e-17,1.719961642615525e-14,1.7157955579147685e-14,1.7175376596180138e-14
1787945436700663836,4.246519416223558e-17,1.719961642615525e-14,1.7157904719446253e-14,1.7175376596180138e-14
1787945436800568595,4.251321217011624e-17,1.719961642615525e-14,1.7157856703547088e-14,1.7175376596180138e-14
1787945436900766987,4.2552928535711444e-17,1.719961642615525e-14,1.7157816988925644e-14,1.7175376596180138e-14
1787945437000675483,4.259911150503889e-17,1.719961642615525e-14,1.7157770807984462e-14,1.7175376596180138e-14
1787945437101182415,4.264910590662957e-17,1.719961642615525e-14,1.715772081577841e-14,1.7175376596180138e-14
1787945437200943429,4.2701973943635756e-17,1.719961642615525e-14,1.7157667950063154e-14,1.7175376596180138e-14
1787945437300723297,4.275595547407606e-17,1.719961642615525e-14,1.715761397090338e-14,1.7175376596180138e-14
1787945437400857330,4.280911804881081e-17,1.719961642615525e-14,1.715756081066336e-14,1.7175376596180138e-14
1787945437501165565,4.285982558926083e-17,1.719961642615525e-14,1.715751010534982e-14,1.7175376596180138e-14
1787945437600688699,4.290479586816597e-17,1.719961642615525e-14,1.7157465137045878e-14,1.7175376596180138e-14
1787945437700756209,4.295579487866193e-17,1.719961642615525e-14,1.715741414027512e-14,1.7175376596180138e-14
1787945437800835200,4.3014610913827705e-17,1.719961642615525e-14,1.7157355326823012e-14,1.7175376596180138e-14
1787945437900636148,4.306349652277993e-17,1.719961642615525e-14,1.7157306443361007e-14,1.7175376596180138e-14
1787945438000847012,4.310890352634366e-17,1.719961642615525e-14,1.715726103835163e-14,1.7175376596180138e-14
1787945438100606563,4.3154846255472955e-17,1.719961642615525e-14,1.715721509764023e-14,1.7175376596180138e-14
1787945438200678782,4.3195257791734834e-17,1.719961642615525e-14,1.7157174687878783e-14,1.7175376596180138e-14
1787945438300788119,4.3242286423256395e-17,1.719961642615525e-14,1.71571276613127e-14,1.7175376596180138e-14
1787945438400863614,4.326832121331362e-17,1.719961642615525e-14,1.7157101627666063e-14,1.7175376596180138e-14
1787945438500992497,4.332253154193013e-17,1.719961642615525e-14,1.7157047419718315e-14,1.7175376596180138e-14
1787945438601089502,4.338228918183494e-17,1.719961642615525e-14,1.7156987664702932e-14,1.7175376596180138e-14
1787945438701000342,4.3427504251643173e-17,1.719961642615525e-14,1.7156942451618957e-14,1.7175376596180138e-14
1787945438800650121,4.3461066963005816e-17,1.719961642615525e-14,1.7156908890381666e-14,1.7175376596180138e-14
1787945438900782220,4.3508494755497496e-17,1.719961642615525e-14,1.7156861464672208e-14,1.7175376596180138e-14
1787945439000774090,4.3562994053032254e-17,1.719961642615525e-14,1.7156806967768302e-14,1.7175376596180138e-14
1787945439100795274,4.3610861631724295e-17,1.719961642615525e-14,1.7156759102291984e-14,1.7175376596180138e-14
1787945439200624414,4.3654553888250534e-17,1.719961642615525e-14,1.715671541195446e-14,1.7175376596180138e-14
1787945439300768275,4.3700742774852577e-17,1.719961642615525e-14,1.7156669225096524e-14,1.7175376596180138e-14
1787945439400975674,4.3744238627074416e-17,1.719961642615525e-14,1.71566257311547e-14,1.7175376596180138e-14
1787945439500816986,4.37949786412433e-17,1.719961642615525e-14,1.7156574993369108e-14,1.7175376596180138e-14
1787945439600723428,4.384832401489897e-17,1.719961642615525e-14,1.715652165033848e-14,1.7175376596180138e-14
1787945439700880233,4.389454105264441e-17,1.719961642615525e-14,1.7156475435330682e-14,1.7175376596180138e-14
1787945439800696589,4.3946695601373636e-17,1.719961642615525e-14,1.7156423283072705e-14,1.7175376596180138e-14
1787945439900707234,4.399738727309546e-17,1.719961642615525e-14,1.7156372593627493e-14,1.7175376596180138e-14
1787945440000530182,4.404610224131017e-17,1.719961642615525e-14,1.7156323880798976e-14,1.7175376596180138e-14
1787945440100769600,4.410008040158557e-17,1.719961642615525e-14,1.715626990500959e-14,1.7175376596180138e-14
1787945440200632792,4.4152859972171036e-17,1.719961642615525e-14,1.7156217127757263e-14,1.7175376596180138e-14
1787945440300661360,4.4205521278290284e-17,1.719961642615525e-14,1.7156164468764222e-14,1.7175376596180138e-14
1787945440400630869,4.42488250125672e-17,1.719961642615525e-14,1.7156121166932012e-14,1.7175376596180138e-14
1787945440500678843,4.4292873399473806e-17,1.719961642615525e-14,1.7156077120479895e-14,1.7175376596180138e-14
1787945440600525064,4.433989640231868e-17,1.719961642615525e-14,1.7156030099542506e-14,1.7175376596180138e-14
1787945440700730299,4.438172738496217e-17,1.719961642615525e-14,1.715598827039727e-14,1.7175376596180138e-14
1787945440800664483,4.443203764497514e-17,1.719961642615525e-14,1.7155937962347128e-14,1.7175376596180138e-14
1787945440900701747,4.4481353515945364e-17,1.719961642615525e-14,1.715588864864236e-14,1.7175376596180138e-14
1787945441000621634,4.452550953039008e-17,1.719961642615525e-14,1.715584449456748e-14,1.7175376596180138e-14
1787945441100607062,4.4575217509293866e-17,1.719961642615525e-14,1.7155794788772032e-14,1.7175376596180138e-14
1787945441200978274,4.4624055939035045e-17,1.719961642615525e-14,1.7155745952487556e-14,1.7175376596180138e-14
1787945441300599339,4.467040846840787e-17,1.719961642615525e-14,1.715569960199427e-14,1.7175376596180138e-14
1787945441400966903,4.472175672873313e-17,1.719961642615525e-14,1.7155648255989482e-14,1.7175376596180138e-14
1787945441500677915,4.476402292355231e-17,1.719961642615525e-14,1.7155605991651272e-14,1.7175376596180138e-14
1787945441601133883,4.480693102049522e-17,1.719961642615525e-14,1.7155563085439142e-14,1.7175376596180138e-14
1787945441701266783,4.4849513548793654e-17,1.719961642615525e-14,1.7155520504781366e-14,1.7175376596180138e-14
1787945441801076267,4.489301567054657e-17,1.719961642615525e-14,1.715547700457054e-14,1.7175376596180138e-14
1787945441901078837,4.494458963467067e-17,1.719961642615525e-14,1.715542543287193e-14,1.7175376596180138e-14
1787945442000810907,4.4989165223394945e-17,1.719961642615525e-14,1.7155380859241306e-14,1.7175376596180138e-14
1787945442100671835,4.503259602550132e-17,1.719961642615525e-14,1.7155337430347024e-14,1.7175376596180138e-14
1787945442200646594,4.5081744526678894e-17,1.719961642615525e-14,1.7155288284004853e-14,1.7175376596180138e-14
1787945442300545012,4.513395938181562e-17,1.719961642615525e-14,1.715523607144343e-14,1.7175376596180138e-14
1787945442400734948,4.518831215455864e-17,1.719961642615525e-14,1.7155181721058332e-14,1.7175376596180138e-14
1787945442500621654,4.523490819226171e-17,1.719961642615525e-14,1.7155135127067545e-14,1.7175376596180138e-14
1787945442600616810,4.528753773939498e-17,1.719961642615525e-14,1.7155082499832384e-14,1.7175376596180138e-14
1787945442700635891,4.533781613919751e-17,1.719961642615525e-14,1.7155032223641285e-14,1.7175376596180138e-14
1787945442800965155,4.53813363390955e-17,1.719961642615525e-14,1.715498870535322e-14,1.7175376596180138e-14
1787945442900631654,4.542354404401054e-17,1.719961642615525e-14,1.7154946499502485e-14,1.7175376596180138e-14
1787945443001089235,4.546958786790835e-17,1.719961642615525e-14,1.71549004577013e-14,1.7175376596180138e-14
1787945443100866699,4.5524072514818615e-17,1.719961642615525e-14,1.7154845975447922e-14,1.7175376596180138e-14
1787945443200773081,4.55708086091042e-17,1.719961642615525e-14,1.7154799241406784e-14,1.7175376596180138e-14
1787945443300907445,4.562158194473741e-17,1.719961642615525e-14,1.715474847030167e-14,1.7175376596180138e-14
1787945443400773623,4.5659944090322603e-17,1.719961642615525e-14,1.715471010984138e-14,1.7175376596180138e-14
1787945443500653998,4.57169711820586e-17,1.719961642615525e-14,1.715465308525492e-14,1.7175376596180138e-14
1787945443600889488,4.5761318741608763e-17,1.719961642615525e-14,1.7154608739643632e-14,1.7175376596180138e-14
1787945443701218291,4.5811565027629484e-17,1.719961642615525e-14,1.7154558495565028e-14,1.7175376596180138e-14
1787945443800790416,4.585227289589021e-17,1.719961642615525e-14,1.715451778948515e-14,1.7175376596180138e-14
1787945443900578389,4.5894074475873614e-17,1.719961642615525e-14,1.7154475989741606e-14,1.7175376596180138e-14
1787945444000630191,4.594702285281087e-17,1.719961642615525e-14,1.715442304369083e-14,1.7175376596180138e-14
1787945444100684066,4.5998362347536225e-17,1.719961642615525e-14,1.7154371706451595e-14,1.7175376596180138e-14
1787945444200661740,4.6045714894229066e-17,1.719961642615525e-14,1.7154324355985243e-14,1.7175376596180138e-14
1787945444300569775,4.608161978803306e-17,1.719961642615525e-14,1.7154288452668862e-14,1.7175376596180138e-14
1787945444400683240,4.613355675947906e-17,1.719961642615525e-14,1.715423651797919e-14,1.7175376596180138e-14
1787945444500726035,4.6189101095211e-17,1.719961642615525e-14,1.715418097608373e-14,1.7175376596180138e-14
1787945444600888200,4.6233849978134974e-17,1.719961642615525e-14,1.715413622916681e-14,1.7175376596180138e-14
1787945444700612446,4.628194505420621e-17,1.719961642615525e-14,1.7154088136203762e-14,1.7175376596180138e-14
1787945444800828230,4.6336196338987626e-17,1.719961642615525e-14,1.7154033887302486e-14,1.7175376596180138e-14
1787945444900961261,4.637874927518483e-17,1.719961642615525e-14,1.7153991336235845e-14,1.7175376596180138e-14
1787945445001200238,4.642041776463504e-17,1.719961642615525e-14,1.7153949669577103e-14,1.7175376596180138e-14
1787945445100501402,4.6465575714650025e-17,1.719961642615525e-14,1.7153904513611112e-14,1.7175376596180138e-14
1787945445200843359,4.6518493613369743e-17,1.719961642615525e-14,1.715385159803737e-14,1.7175376596180138e-14
1787945445300742579,4.657011055199834e-17,1.719961642615525e-14,1.715379998336657e-14,1.7175376596180138e-14
1787945445400875800,4.662433815832646e-17,1.719961642615525e-14,1.7153745758142787e-14,1.7175376596180138e-14
1787945445500930016,4.6673872964751974e-17,1.719961642615525e-14,1.715369622551274e-14,1.7175376596180138e-14
1787945445601109323,4.6719316593153086e-17,1.719961642615525e-14,1.7153650783880975e-14,1.7175376596180138e-14
1787945445701038036,4.676138867641929e-17,1.719961642615525e-14,1.7153608713646223e-14,1.7175376596180138e-14
1787945445800908112,4.6805840492618854e-17,1.719961642615525e-14,1.71535642637831e-14,1.7175376596180138e-14
1787945445900805087,4.686202755407731e-17,1.719961642615525e-14,1.715350807919035e-14,1.7175376596180138e-14
1787945446001382209,4.6915059143392086e-17,1.719961642615525e-14,1.715345504993111e-14,1.7175376596180138e-14
1787945446100982415,4.6956598799061564e-17,1.719961642615525e-14,1.71534135121006e-14,1.7175376596180138e-14
1787945446200906992,4.700307812311722e-17,1.719961642615525e-14,1.7153367034818753e-14,1.7175376596180138e-14
1787945446300803516,4.706118661665367e-17,1.719961642615525e-14,1.7153308928878404e-14,1.7175376596180138e-14
1787945446400837905,4.711643073252266e-17,1.719961642615525e-14,1.7153253687189883e-14,1.7175376596180138e-14
1787945446500905856,4.716450585584516e-17,1.719961642615525e-14,1.7153205614178928e-14,1.7175376596180138e-14
1787945446601125657,4.7214097818420576e-17,1.719961642615525e-14,1.7153156024395373e-14,1.7175376596180138e-14
1787945446701524309,4.7259961013389994e-17,1.719961642615525e-14,1.7153110163215602e-14,1.7175376596180138e-14
1787945446800745726,4.7301685734853766e-17,1.719961642615525e-14,1.7153068440327505e-14,1.7175376596180138e-14
1787945446900953426,4.735818843137806e-17,1.719961642615525e-14,1.71530119401137e-14,1.7175376596180138e-14
1787945447000835703,4.740473159910428e-17,1.719961642615525e-14,1.715296539899108e-14,1.7175376596180138e-14
1787945447100726667,4.7441878184456084e-17,1.719961642615525e-14,1.715292825403796e-14,1.7175376596180138e-14
1787945447200804356,4.748018985300817e-17,1.719961642615525e-14,1.715288994405284e-14,1.7175376596180138e-14
1787945447300967694,4.752958674352527e-17,1.719961642615525e-14,1.715284054933286e-14,1.7175376596180138e-14
1787945447401161457,4.7572921800377105e-17,1.719961642615525e-14,1.7152797216180187e-14,1.7175376596180138e-14
1787945447501361823,4.7621544756303095e-17,1.719961642615525e-14,1.7152748595360812e-14,1.7175376596180138e-14
1787945447600921305,4.767820826607828e-17,1.719961642615525e-14,1.7152691934340913e-14,1.7175376596180138e-14
1787945447700834930,4.7724805883178686e-17,1.719961642615525e-14,1.7152645338771392e-14,1.7175376596180138e-14
1787945447800665944,4.7770818046793795e-17,1.719961642615525e-14,1.715259932862964e-14,1.7175376596180138e-14
1787945447900964912,4.7816979181553207e-17,1.719961642615525e-14,1.7152553169523302e-14,1.7175376596180138e-14
1787945448000997918,4.786392253604218e-17,1.719961642615525e-14,1.7152506228231617e-14,1.7175376596180138e-14
1787945448100935829,4.7911614157850644e-17,1.719961642615525e-14,1.7152458538705505e-14,1.7175376596180138e-14
1787945448201056888,4.795921097620398e-17,1.719961642615525e-14,1.7152410943978695e-14,1.7175376596180138e-14
1787945448300795931,4.800260128840354e-17,1.719961642615525e-14,1.71523675555732e-14,1.7175376596180138e-14
1787945448400958778,4.805625180877771e-17,1.719961642615525e-14,1.7152313907410412e-14,1.7175376596180138e-14
1787945448501691708,4.810196498800632e-17,1.719961642615525e-14,1.7152268196239986e-14,1.7175376596180138e-14
1787945448601231623,4.814750948031687e-17,1.719961642615525e-14,1.7152222653749074e-14,1.7175376596180138e-14
1787945448701122337,4.82045472607474e-17,1.719961642615525e-14,1.7152165618475122e-14,1.7175376596180138e-14
1787945448801421876,4.825376517531695e-17,1.719961642615525e-14,1.7152116402723406e-14,1.7175376596180138e-14
1787945448901786114,4.830319927307703e-17,1.719961642615525e-14,1.715206697079801e-14,1.7175376596180138e-14
1787945449001193685,4.8359048012304894e-17,1.719961642615525e-14,1.715201112451305e-14,1.7175376596180138e-14
1787945449100732619,4.8404826612185826e-17,1.719961642615525e-14,1.715196534792492e-14,1.7175376596180138e-14
1787945449200834973,4.844988003827455e-17,1.719961642615525e-14,1.7151920296478723e-14,1.7175376596180138e-14
1787945449301081244,4.849331792586303e-17,1.719961642615525e-14,1.715187686050004e-14,1.7175376596180138e-14
1787945449401326733,4.8542624245773556e-17,1.719961642615525e-14,1.715182755634694e-14,1.7175376596180138e-14
1787945449500886585,4.858671699380722e-17,1.719961642615525e-14,1.715178346553661e-14,1.7175376596180138e-14
1787945449600817784,4.8636220011868785e-17,1.719961642615525e-14,1.715173396469403e-14,1.7175376596180138e-14
1787945449701908605,4.8682531013956495e-17,1.719961642615525e-14,1.715168765572715e-14,1.7175376596180138e-14
1787945449800872736,4.8739311772014386e-17,1.719961642615525e-14,1.7151630877464432e-14,1.7175376596180138e-14
1787945449901263013,4.8785704018842475e-17,1.719961642615525e-14,1.715158448725641e-14,1.7175376596180138e-14
1787945450001597306,4.8826922717949e-17,1.719961642615525e-14,1.7151543270368757e-14,1.7175376596180138e-14
1787945450101929345,4.886046503928961e-17,1.719961642615525e-14,1.715150972952152e-14,1.7175376596180138e-14
1787945450200846330,4.8901836689895544e-17,1.719961642615525e-14,1.7151468359689106e-14,1.7175376596180138e-14
1787945450301269407,4.896866382470384e-17,1.719961642615525e-14,1.7151401535491213e-14,1.7175376596180138e-14
1787945450400864795,4.9025483512382e-17,1.719961642615525e-14,1.7151344718300666e-14,1.7175376596180138e-14
1787945450501092191,4.907677978052484e-17,1.719961642615525e-14,1.7151293424286925e-14,1.7175376596180138e-14
1787945450601016086,4.9123476164071785e-17,1.719961642615525e-14,1.715124672995563e-14,1.7175376596180138e-14
1787945450700879068,4.917014097703558e-17,1.719961642615525e-14,1.7151200067193547e-14,1.7175376596180138e-14
1787945450801787973,4.920923426671587e-17,1.719961642615525e-14,1.715116097562199e-14,1.7175376596180138e-14
1787945450901701419,4.9264525305072514e-17,1.719961642615525e-14,1.715110568701365e-14,1.7175376596180138e-14
1787945451001068094,4.930930646362308e-17,1.719961642615525e-14,1.7151060907823225e-14,1.7175376596180138e-14
1787945451100811566,4.9363489070097806e-17,1.719961642615525e-14,1.7151006727598078e-14,1.7175376596180138e-14
1787945451201458226,4.9411574210723487e-17,1.719961642615525e-14,1.715095864457081e-14,1.7175376596180138e-14
1787945451301858201,4.94649751127225e-17,1.719961642615525e-14,1.7150905246015815e-14,1.7175376596180138e-14
1787945451400870201,4.951755185827552e-17,1.719961642615525e-14,1.7150852671581055e-14,1.7175376596180138e-14
1787945451501780749,4.957077411103826e-17,1.719961642615525e-14,1.715079945166747e-14,1.7175376596180138e-14
1787945451600914304,4.9625380269127477e-17,1.719961642615525e-14,1.71507448479094e-14,1.7175376596180138e-14
1787945451701551357,4.966869485174541e-17,1.719961642615525e-14,1.715070153523053e-14,1.7175376596180138e-14
1787945451801521347,4.971214942991143e-17,1.719961642615525e-14,1.7150658082562274e-14,1.7175376596180138e-14
1787945451900847056,4.9764902430155696e-17,1.719961642615525e-14,1.7150605331880636e-14,1.7175376596180138e-14
1787945452001658541,4.9818916208603685e-17,1.719961642615525e-14,1.7150551320476226e-14,1.7175376596180138e-14
1787945452101714160,4.9863822701708196e-17,1.719961642615525e-14,1.715050641595688e-14,1.7175376596180138e-14
1787945452200802842,4.991096410630233e-17,1.719961642615525e-14,1.7150459276624288e-14,1.7175376596180138e-14
1787945452300967772,4.9951258456046685e-17,1.719961642615525e-14,1.715041898404561e-14,1.7175376596180138e-14
1787945452401272000,4.999356926324524e-17,1.719961642615525e-14,1.715037667509811e-14,1.7175376596180138e-14
1787945452500896431,5.0045820884980126e-17,1.719961642615525e-14,1.7150324425773023e-14,1.7175376596180138e-14
1787945452601348743,5.0093137465223165e-17,1.719961642615525e-14,1.7150277111272525e-14,1.7175376596180138e-14
1787945452701312581,5.013578871601275e-17,1.719961642615525e-14,1.715023446189643e-14,1.7175376596180138e-14
1787945452801632759,5.0175932625650253e-17,1.719961642615525e-14,1.7150194319751292e-14,1.7175376596180138e-14
1787945452901300751,5.0218854491931794e-17,1.719961642615525e-14,1.7150151399771615e-14,1.7175376596180138e-14
1787945453001063909,5.026823727378717e-17,1.719961642615525e-14,1.715010201916037e-14,1.7175376596180138e-14
1787945453103660853,5.0310054009518056e-17,1.719961642615525e-14,1.7150060204262692e-14,1.7175376596180138e-14
1787945453200943257,5.036074419981409e-17,1.719961642615525e-14,1.715000951630049e-14,1.7175376596180138e-14
1787945453301841262,5.0403662516220986e-17,1.719961642615525e-14,1.714996659987058e-14,1.7175376596180138e-14
1787945453401022926,5.044443477957729e-17,1.719961642615525e-14,1.7149925829399397e-14,1.7175376596180138e-14
1787945453501483002,5.049450764217726e-17,1.719961642615525e-14,1.7149875758737793e-14,1.7175376596180138e-14
1787945453601462930,5.054344561055196e-17,1.719961642615525e-14,1.714982682292054e-14,1.7175376596180138e-14
1787945453701189741,5.0589363764510545e-17,1.719961642615525e-14,1.7149780906784977e-14,1.7175376596180138e-14
1787945453801563708,5.064076549312635e-17,1.719961642615525e-14,1.7149729507315807e-14,1.7175376596180138e-14
1787945453901089046,5.068110371753793e-17,1.719961642615525e-14,1.7149689170864537e-14,1.7175376596180138e-14
1787945454001505351,5.0726416143627326e-17,1.719961642615525e-14,1.7149643860430253e-14,1.7175376596180138e-14
1787945454101333830,5.0783163562573915e-17,1.719961642615525e-14,1.7149587115505774e-14,1.7175376596180138e-14
1787945454201160716,5.0834956470743046e-17,1.719961642615525e-14,1.71495353248743e-14,1.7175376596180138e-14
1787945454302078227,5.088509913303355e-17,1.719961642615525e-14,1.7149485184416172e-14,1.7175376596180138e-14
1787945454401333276,5.092405469127596e-17,1.719961642615525e-14,1.7149446230570342e-14,1.7175376596180138e-14
1787945454501932379,5.0978853728228895e-17,1.719961642615525e-14,1.7149391433942265e-14,1.7175376596180138e-14
1787945454601410440,5.102576797397647e-17,1.719961642615525e-14,1.7149344521758806e-14,1.7175376596180138e-14
1787945454701511472,5.10726338957695e-17,1.719961642615525e-14,1.7149297657897182e-14,1.7175376596180138e-14
1787945454801066145,5.112027408555614e-17,1.719961642615525e-14,1.7149250019801615e-14,1.7175376596180138e-14
1787945454903036652,5.11767755644578e-17,1.719961642615525e-14,1.7149193520806482e-14,1.7175376596180138e-14
1787945455001202639,5.121724528030178e-17,1.719961642615525e-14,1.7149153052869672e-14,1.7175376596180138e-14
1787945455102117325,5.125404350988328e-17,1.719961642615525e-14,1.7149116256257735e-14,1.7175376596180138e-14
1787945455201501733,5.1295162852860415e-17,1.719961642615525e-14,1.7149075138722368e-14,1.7175376596180138e-14
1787945455301754035,5.134263129422982e-17,1.719961642615525e-14,1.714902767236772e-14,1.7175376596180138e-14
1787945455401461039,5.1399620865027794e-17,1.719961642615525e-14,1.7148970685302212e-14,1.7175376596180138e-14
1787945455501955839,5.1446941494055715e-17,1.719961642615525e-14,1.7148923366753435e-14,1.7175376596180138e-14
1787945455601080197,5.149213951923148e-17,1.719961642615525e-14,1.7148878170715213e-14,1.7175376596180138e-14
1787945455701805082,5.1548473944018107e-17,1.719961642615525e-14,1.714882183876696e-14,1.7175376596180138e-14
1787945455801639341,5.16006732498525e-17,1.719961642615525e-14,1.7148769641755886e-14,1.7175376596180138e-14
1787945455901212458,5.165644650336776e-17,1.719961642615525e-14,1.7148713870954264e-14,1.7175376596180138e-14
1787945456002128837,5.169822381163831e-17,1.719961642615525e-14,1.714867209548261e-14,1.7175376596180138e-14
1787945456101368338,5.174358950556639e-17,1.719961642615525e-14,1.7148626731783063e-14,1.7175376596180138e-14
1787945456201115116,5.1800791765613654e-17,1.719961642615525e-14,1.7148569532037778e-14,1.7175376596180138e-14
1787945456301381423,5.184201097278674e-17,1.719961642615525e-14,1.7148528314642714e-14,1.7175376596180138e-14
1787945456400926098,5.189637238587807e-17,1.719961642615525e-14,1.7148473955619517e-14,1.7175376596180138e-14
1787945456500953504,5.194817365201346e-17,1.719961642615525e-14,1.714842215663074e-14,1.7175376596180138e-14
1787945456601167936,5.20031824977703e-17,1.719961642615525e-14,1.714836715020337e-14,1.7175376596180138e-14
1787945456701151411,5.204448338850953e-17,1.719961642615525e-14,1.714832585112838e-14,1.7175376596180138e-14
1787945456801150445,5.209037337821668e-17,1.719961642615525e-14,1.714827996315618e-14,1.7175376596180138e-14
1787945456902244102,5.213577308624196e-17,1.719961642615525e-14,1.7148234565444122e-14,1.7175376596180138e-14
1787945457002632165,5.218634779833464e-17,1.719961642615525e-14,1.7148183992955523e-14,1.7175376596180138e-14
1787945457101849635,5.222821204969176e-17,1.719961642615525e-14,1.714814213054472e-14,1.7175376596180138e-14
1787945457201052888,5.227855004670793e-17,1.719961642615525e-14,1.7148091794760816e-14,1.7175376596180138e-14
1787945457301150334,5.232054009813672e-17,1.719961642615525e-14,1.7148049806555493e-14,1.7175376596180138e-14
1787945457400788000,5.236908659494355e-17,1.719961642615525e-14,1.7148001262193057e-14,1.7175376596180138e-14
1787945457500821508,5.241477008384603e-17,1.719961642615525e-14,1.7147955580712664e-14,1.7175376596180138e-14
1787945457600953458,5.246010408338874e-17,1.719961642615525e-14,1.7147910248706272e-14,1.7175376596180138e-14
1787945457701259479,5.251182723355808e-17,1.719961642615525e-14,1.7147858527830175e-14,1.7175376596180138e-14
1787945457801845778,5.2555244256089625e-17,1.719961642615525e-14,1.714781511271654e-14,1.7175376596180138e-14
1787945457901688894,5.259603153858793e-17,1.719961642615525e-14,1.714777432722732e-14,1.7175376596180138e-14
1787945458000972927,5.26438096333188e-17,1.719961642615525e-14,1.7147726551233247e-14,1.7175376596180138e-14
1787945458102173250,5.268834730159421e-17,1.719961642615525e-14,1.7147682015523163e-14,1.7175376596180138e-14
1787945458200888963,5.273435263088608e-17,1.719961642615525e-14,1.7147636012216607e-14,1.7175376596180138e-14
1787945458301007328,5.278822400550893e-17,1.719961642615525e-14,1.7147582143210583e-14,1.7175376596180138e-14
1787945458401031768,5.283129328101674e-17,1.719961642615525e-14,1.7147539075828737e-14,1.7175376596180138e-14
1787945458501185669,5.287981193370739e-17,1.719961642615525e-14,1.714749055930932e-14,1.7175376596180138e-14
1787945458601716195,5.293051717149729e-17,1.719961642615525e-14,1.7147439856300957e-14,1.7175376596180138e-14
1787945458701436083,5.297276813101887e-17,1.719961642615525e-14,1.7147397607199154e-14,1.7175376596180138e-14
1787945458801547144,5.301594867806243e-17,1.719961642615525e-14,1.7147354428550708e-14,1.7175376596180138e-14
1787945458901512125,5.3057560434254075e-17,1.719961642615525e-14,1.7147312818624144e-14,1.7175376596180138e-14
1787945459001877185,5.3114471846452354e-17,1.719961642615525e-14,1.7147255909714305e-14,1.7175376596180138e-14
1787945459102462423,5.3159015266528886e-17,1.719961642615525e-14,1.714721136825278e-14,1.7175376596180138e-14
1787945459201596468,5.3195009446244055e-17,1.719961642615525e-14,1.7147175375655723e-14,1.7175376596180138e-14
1787945459301945770,5.3244171790934746e-17,1.719961642615525e-14,1.71471262154727e-14,1.7175376596180138e-14
1787945459402052232,5.32895285729616e-17,1.719961642615525e-14,1.7147080860685018e-14,1.7175376596180138e-14
1787945459503177497,5.333635568674519e-17,1.719961642615525e-14,1.7147034035630246e-14,1.7175376596180138e-14
1787945459600987476,5.3381625502152535e-17,1.719961642615525e-14,1.7146988767805385e-14,1.7175376596180138e-14
1787945459701163718,5.342134967318002e-17,1.719961642615525e-14,1.7146949045381065e-14,1.7175376596180138e-14
1787945459801677202,5.346046281940511e-17,1.719961642615525e-14,1.714690993395469e-14,1.7175376596180138e-14
1787945459901539574,5.3511965015672494e-17,1.719961642615525e-14,1.7146858434023043e-14,1.7175376596180138e-14
1787945460000920506,5.356542918811784e-17,1.719961642615525e-14,1.7146804972201503e-14,1.7175376596180138e-14
1787945460101318647,5.3612004052502144e-17,1.719961642615525e-14,1.7146758399385106e-14,1.7175376596180138e-14
1787945460201416584,5.3654718443239143e-17,1.719961642615525e-14,1.714671568687261e-14,1.7175376596180138e-14
1787945460301592635,5.3683306898428436e-17,1.719961642615525e-14,1.714668709967452e-14,1.7175376596180138e-14
1787945460401008903,5.3737296418005315e-17,1.719961642615525e-14,1.7146633112528997e-14,1.7175376596180138e-14
1787945460501981496,5.3794045376218144e-17,1.719961642615525e-14,1.7146576366066195e-14,1.7175376596180138e-14
1787945460602280103,5.3841929687373007e-17,1.719961642615525e-14,1.7146528483860662e-14,1.7175376596180138e-14
1787945460701517750,5.3886839203969515e-17,1.719961642615525e-14,1.7146483576318882e-14,1.7175376596180138e-14
1787945460801456924,5.392562771833407e-17,1.719961642615525e-14,1.7146444789510183e-14,1.7175376596180138e-14
1787945460900964420,5.397821962943492e-17,1.719961642615525e-14,1.7146392199911746e-14,1.7175376596180138e-14
1787945461000700087,5.4035661297413034e-17,1.719961642615525e-14,1.714633476076971e-14,1.7175376596180138e-14
1787945461100865950,5.4079821845756325e-17,1.719961642615525e-14,1.7146290602163297e-14,1.7175376596180138e-14
1787945461201182480,5.4123734015451514e-17,1.719961642615525e-14,1.714624669192462e-14,1.7175376596180138e-14
1787945461301067594,5.416827670577556e-17,1.719961642615525e-14,1.7146202151193047e-14,1.7175376596180138e-14
1787945461401188674,5.421266387068721e-17,1.719961642615525e-14,1.714615776598006e-14,1.7175376596180138e-14
1787945461501193318,5.425672602098821e-17,1.719961642615525e-14,1.71461137057674e-14,1.7175376596180138e-14
1787945461601070547,5.4303592180508125e-17,1.719961642615525e-14,1.7146066841668838e-14,1.7175376596180138e-14
1787945461700827945,5.4346223159718816e-17,1.719961642615525e-14,1.7146024212564353e-14,1.7175376596180138e-14
1787945461800992565,5.439464174852365e-17,1.719961642615525e-14,1.7145975796104797e-14,1.7175376596180138e-14
1787945461901229909,5.4439334204631645e-17,1.719961642615525e-14,1.714593110561409e-14,1.7175376596180138e-14
1787945462000797476,5.448765640421116e-17,1.719961642615525e-14,1.714588278553955e-14,1.7175376596180138e-14
1787945462101530016,5.453923587400044e-17,1.719961642615525e-14,1.7145831208338052e-14,1.7175376596180138e-14
1787945462201088135,5.4591415132191346e-17,1.719961642615525e-14,1.714577903137454e-14,1.7175376596180138e-14
1787945462301160134,5.4638134740285767e-17,1.719961642615525e-14,1.714573231382104e-14,1.7175376596180138e-14
1787945462400915107,5.468367334558815e-17,1.719961642615525e-14,1.7145686777218406e-14,1.7175376596180138e-14
1787945462501307728,5.471333579891199e-17,1.719961642615525e-14,1.7145657116069564e-14,1.7175376596180138e-14
1787945462601539873,5.476134414427062e-17,1.719961642615525e-14,1.7145609109835508e-14,1.7175376596180138e-14
1787945462700610462,5.480081666920417e-17,1.719961642615525e-14,1.7145569639046498e-14,1.7175376596180138e-14
1787945462800669006,5.4847056222817647e-17,1.719961642615525e-14,1.7145523401526414e-14,1.7175376596180138e-14
1787945462900663021,5.4880737898142863e-17,1.719961642615525e-14,1.714548972133236e-14,1.7175376596180138e-14
1787945463000695146,5.492212901436606e-17,1.719961642615525e-14,1.7145448332036462e-14,1.7175376596180138e-14
1787945463101235641,5.4969183909098954e-17,1.719961642615525e-14,1.7145401279211145e-14,1.7175376596180138e-14
1787945463200900768,5.5026913956237285e-17,1.719961642615525e-14,1.7145343551702922e-14,1.7175376596180138e-14
1787945463301074906,5.506924598070739e-17,1.719961642615525e-14,1.714530122154019e-14,1.7175376596180138e-14
1787945463400858812,5.512571552233922e-17,1.719961642615525e-14,1.7145244754482066e-14,1.7175376596180138e-14
1787945463500817482,5.516857244723406e-17,1.719961642615525e-14,1.714520189944201e-14,1.7175376596180138e-14
1787945463600940665,5.5210260128843115e-17,1.719961642615525e-14,1.7145160213593833e-14,1.7175376596180138e-14
1787945463700810841,5.525196904781053e-17,1.719961642615525e-14,1.7145118506509238e-14,1.7175376596180138e-14
1787945463800740147,5.529927643310611e-17,1.719961642615525e-14,1.7145071201204545e-14,1.7175376596180138e-14
1787945463900764958,5.5354753656888716e-17,1.719961642615525e-14,1.7145015726420696e-14,1.7175376596180138e-14
1787945464000781825,5.540208966453316e-17,1.719961642615525e-14,1.7144968392494937e-14,1.7175376596180138e-14
1787945464101465344,5.544987666889237e-17,1.719961642615525e-14,1.7144920607592314e-14,1.7175376596180138e-14
1787945464200751231,5.550299275452605e-17,1.719961642615525e-14,1.7144867493842806e-14,1.7175376596180138e-14
1787945464300860979,5.554837098634344e-17,1.719961642615525e-14,1.7144822117606807e-14,1.7175376596180138e-14
1787945464401556691,5.561011939740604e-17,1.719961642615525e-14,1.714476037191157e-14,1.7175376596180138e-14
1787945464501046003,5.566298727154862e-17,1.719961642615525e-14,1.7144707506362682e-14,1.7175376596180138e-14
1787945464600610525,5.571187574335506e-17,1.719961642615525e-14,1.7144658620041122e-14,1.7175376596180138e-14
1787945464700894876,5.576174469635406e-17,1.719961642615525e-14,1.7144608753281502e-14,1.7175376596180138e-14
1787945464800795097,5.580756156932496e-17,1.719961642615525e-14,1.7144562938423703e-14,1.7175376596180138e-14
1787945464900912881,5.586124478814554e-17,1.719961642615525e-14,1.7144509257566054e-14,1.7175376596180138e-14
1787945465000717486,5.591521108761899e-17,1.719961642615525e-14,1.7144455293640215e-14,1.7175376596180138e-14
1787945465101636931,5.596987634178804e-17,1.719961642615525e-14,1.714440063079044e-14,1.7175376596180138e-14
1787945465200804569,5.600813384122549e-17,1.719961642615525e-14,1.714436237497373e-14,1.7175376596180138e-14
1787945465300762928,5.605994880460005e-17,1.719961642615525e-14,1.7144310562289404e-14,1.7175376596180138e-14
1787945465400705638,5.610986952631067e-17,1.719961642615525e-14,1.714426064376344e-14,1.7175376596180138e-14
1787945465500836285,5.617319826428272e-17,1.719961642615525e-14,1.7144197317810985e-14,1.7175376596180138e-14
1787945465600661098,5.623363982451413e-17,1.719961642615525e-14,1.7144136878909292e-14,1.7175376596180138e-14
1787945465701090467,5.628425417879466e-17,1.719961642615525e-14,1.7144086266781313e-14,1.7175376596180138e-14
1787945465801208681,5.63351190631331e-17,1.719961642615525e-14,1.714403540413431e-14,1.7175376596180138e-14
1787945465901027172,5.638928312557317e-17,1.719961642615525e-14,1.7143981242454335e-14,1.7175376596180138e-14
1787945466000619174,5.644008876589765e-17,1.719961642615525e-14,1.714393043904877e-14,1.7175376596180138e-14
1787945466100615303,5.649517725042131e-17,1.719961642615525e-14,1.7143875352987402e-14,1.7175376596180138e-14
1787945466200654141,5.654564914506812e-17,1.719961642615525e-14,1.714382488331286e-14,1.7175376596180138e-14
1787945466301559259,5.659106929811123e-17,1.719961642615525e-14,1.714377946515772e-14,1.7175376596180138e-14
1787945466400668119,5.66358826084171e-17,1.719961642615525e-14,1.7143734653818634e-14,1.7175376596180138e-14
1787945466501030865,5.668440485991579e-17,1.719961642615525e-14,1.7143686133701516e-14,1.7175376596180138e-14
1787945466600917822,5.67428798645187e-17,1.719961642615525e-14,1.7143627661269104e-14,1.7175376596180138e-14
1787945466700722688,5.678763554678852e-17,1.719961642615525e-14,1.7143582907555557e-14,1.7175376596180138e-14
1787945466800879844,5.683500526403462e-17,1.719961642615525e-14,1.7143535539922027e-14,1.7175376596180138e-14
1787945466900979153,5.687620173174343e-17,1.719961642615525e-14,1.7143494345266494e-14,1.7175376596180138e-14
1787945467000675278,5.691907619008496e-17,1.719961642615525e-14,1.7143451472694154e-14,1.7175376596180138e-14
1787945467100634869,5.696478522290354e-17,1.719961642615525e-14,1.7143405765672035e-14,1.7175376596180138e-14
1787945467200818485,5.700700993650897e-17,1.719961642615525e-14,1.7143363542815865e-14,1.7175376596180138e-14
1787945467300872510,5.706242040396049e-17,1.719961642615525e-14,1.7143308134785895e-14,1.7175376596180138e-14
1787945467400982380,5.71088919918911e-17,1.719961642615525e-14,1.7143261665242242e-14,1.7175376596180138e-14
1787945467500851073,5.714217322121181e-17,1.719961642615525e-14,1.7143228385476963e-14,1.7175376596180138e-14
1787945467600805655,5.718145750362036e-17,1.719961642615525e-14,1.714318910292268e-14,1.7175376596180138e-14
1787945467700782418,5.72396722925374e-17,1.719961642615525e-14,1.7143130890694655e-14,1.7175376596180138e-14
1787945467800661501,5.730414945202039e-17,1.719961642615525e-14,1.7143066416371574e-14,1.7175376596180138e-14
1787945467900830609,5.735249799364716e-17,1.719961642615525e-14,1.714301806995685e-14,1.7175376596180138e-14
1787945468000709732,5.739644008553272e-17,1.719961642615525e-14,1.7142974129798035e-14,1.7175376596180138e-14
1787945468100875585,5.744136847985311e-17,1.719961642615525e-14,1.7142929203380183e-14,1.7175376596180138e-14
1787945468200740431,5.750451550779458e-17,1.719961642615525e-14,1.7142866059130197e-14,1.7175376596180138e-14
1787945468300954372,5.755386494441027e-17,1.719961642615525e-14,1.7142816711864564e-14,1.7175376596180138e-14
1787945468400873128,5.760122734686693e-17,1.719961642615525e-14,1.714276935154569e-14,1.7175376596180138e-14
1787945468500834934,5.764641324782157e-17,1.719961642615525e-14,1.714272416763258e-14,1.7175376596180138e-14
1787945468600664305,5.769784517871032e-17,1.719961642615525e-14,1.7142672737964327e-14,1.7175376596180138e-14
1787945468700680090,5.774556112898357e-17,1.719961642615525e-14,1.7142625024113226e-14,1.7175376596180138e-14
1787945468800647886,5.77906585783201e-17,1.719961642615525e-14,1.7142579928647878e-14,1.7175376596180138e-14
1787945468901195294,5.784884456257657e-17,1.719961642615525e-14,1.714252174522343e-14,1.7175376596180138e-14
1787945469000834984,5.79099609443932e-17,1.719961642615525e-14,1.7142460631530362e-14,1.7175376596180138e-14
1787945469101243575,5.796136831765079e-17,1.719961642615525e-14,1.714240922641873e-14,1.7175376596180138e-14
1787945469200970447,5.800539632944708e-17,1.719961642615525e-14,1.714236520034392e-14,1.7175376596180138e-14
1787945469300592464,5.804471554156476e-17,1.719961642615525e-14,1.7142325882861638e-14,1.7175376596180138e-14
1787945469401609610,5.808667995006916e-17,1.719961642615525e-14,1.714228392029935e-14,1.7175376596180138e-14
1787945469500775905,5.813571196750216e-17,1.719961642615525e-14,1.7142234890439086e-14,1.7175376596180138e-14
1787945469600618350,5.819234667764138e-17,1.719961642615525e-14,1.7142178258220613e-14,1.7175376596180138e-14
1787945469701145871,5.824091920448206e-17,1.719961642615525e-14,1.714212968783075e-14,1.7175376596180138e-14
1787945469800615247,5.828900836245189e-17,1.719961642615525e-14,1.7142081600788502e-14,1.7175376596180138e-14
1787945469900662200,5.834006830957816e-17,1.719961642615525e-14,1.7142030543087817e-14,1.7175376596180138e-14
1787945470000520875,5.839285272495508e-17,1.719961642615525e-14,1.7141977760994767e-14,1.7175376596180138e-14
1787945470100514900,5.845698942318364e-17,1.719961642615525e-14,1.714191362711834e-14,1.7175376596180138e-14
1787945470200656237,5.850587015725562e-17,1.719961642615525e-14,1.714186474853487e-14,1.7175376596180138e-14
1787945470300939857,5.855061947295934e-17,1.719961642615525e-14,1.7141820001188016e-14,1.7175376596180138e-14
1787945470400822807,5.859722660558873e-17,1.719961642615525e-14,1.714177339610598e-14,1.7175376596180138e-14
1787945470501122306,5.866606542098888e-17,1.719961642615525e-14,1.7141704560319336e-14,1.7175376596180138e-14
1787945470600725850,5.871646304939345e-17,1.719961642615525e-14,1.7141654164908326e-14,1.7175376596180138e-14
1787945470700823707,5.87630216475988e-17,1.719961642615525e-14,1.714160760835862e-14,1.7175376596180138e-14
1787945470800651795,5.881357639318011e-17,1.719961642615525e-14,1.7141557055837377e-14,1.7175376596180138e-14
1787945470900836874,5.885760727550263e-17,1.719961642615525e-14,1.7141513026892362e-14,1.7175376596180138e-14
1787945471000719303,5.891107000655995e-17,1.719961642615525e-14,1.714145956651361e-14,1.7175376596180138e-14
1787945471101119057,5.895607105434157e-17,1.719961642615525e-14,1.7141414567445844e-14,1.7175376596180138e-14
1787945471200870174,5.900567588347393e-17,1.719961642615525e-14,1.71413649647993e-14,1.7175376596180138e-14
1787945471300890758,5.90506259661868e-17,1.719961642615525e-14,1.7141320016694385e-14,1.7175376596180138e-14
1787945471400841222,5.910314656798738e-17,1.719961642615525e-14,1.7141267498403493e-14,1.7175376596180138e-14
1787945471500725415,5.915314438488178e-17,1.719961642615525e-14,1.7141217502786517e-14,1.7175376596180138e-14
1787945471600727404,5.919941994479931e-17,1.719961642615525e-14,1.7141171229262752e-14,1.7175376596180138e-14
1787945471700769578,5.925722379110182e-17,1.719961642615525e-14,1.7141113427959867e-14,1.7175376596180138e-14
1787945471800713240,5.931597239682979e-17,1.719961642615525e-14,1.714105468193914e-14,1.7175376596180138e-14
1787945471900660639,5.936597784104513e-17,1.719961642615525e-14,1.7141004678695236e-14,1.7175376596180138e-14
1787945472000667147,5.941673352846118e-17,1.719961642615525e-14,1.7140953925241153e-14,1.7175376596180138e-14
1787945472101003465,5.946448179056539e-17,1.719961642615525e-14,1.7140906179080063e-14,1.7175376596180138e-14
1787945472200764119,5.951488999897612e-17,1.719961642615525e-14,1.7140855773089724e-14,1.7175376596180138e-14
1787945472300565809,5.957085919523543e-17,1.719961642615525e-14,1.7140799806356245e-14,1.7175376596180138e-14
1787945472400662163,5.962548662785567e-17,1.719961642615525e-14,1.714074518132738e-14,1.7175376596180138e-14
1787945472500607238,5.967637552606065e-17,1.719961642615525e-14,1.714069429466844e-14,1.7175376596180138e-14
1787945472600643431,5.972731175927784e-17,1.719961642615525e-14,1.7140643360676582e-14,1.7175376596180138e-14
1787945472700957728,5.977982064547446e-17,1.719961642615525e-14,1.7140590854100962e-14,1.7175376596180138e-14
1787945472800655375,5.983680604189612e-17,1.719961642615525e-14,1.7140533871212113e-14,1.7175376596180138e-14
1787945472901021257,5.98922872898284e-17,1.719961642615525e-14,1.714047839240558e-14,1.7175376596180138e-14
1787945473000578746,5.994975079099233e-17,1.719961642615525e-14,1.7140420931433062e-14,1.7175376596180138e-14
1787945473100668247,6.000350205725468e-17,1.719961642615525e-14,1.7140367182532108e-14,1.7175376596180138e-14
1787945473200903368,6.005657195451016e-17,1.719961642615525e-14,1.7140314114970192e-14,1.7175376596180138e-14
1787945473300640288,6.009886275825066e-17,1.719961642615525e-14,1.7140271826027464e-14,1.7175376596180138e-14
1787945473400649411,6.01485882293401e-17,1.719961642615525e-14,1.7140222102744565e-14,1.7175376596180138e-14
1787945473500712554,6.020578569751209e-17,1.719961642615525e-14,1.7140164907793408e-14,1.7175376596180138e-14
1787945473600698855,6.024945128445381e-17,1.719961642615525e-14,1.714012124412801e-14,1.7175376596180138e-14
1787945473701135728,6.030226109971702e-17,1.719961642615525e-14,1.7140068436636708e-14,1.7175376596180138e-14
1787945473800769919,6.03543625349456e-17,1.719961642615525e-14,1.7140016337494278e-14,1.7175376596180138e-14
1787945473900717939,6.041101635792261e-17,1.719961642615525e-14,1.7139959686164454e-14,1.7175376596180138e-14
1787945474000795388,6.04705260098381e-17,1.719961642615525e-14,1.713990017913138e-14,1.7175376596180138e-14
1787945474100699607,6.051853485936524e-17,1.719961642615525e-14,1.7139852172394593e-14,1.7175376596180138e-14
1787945474200824404,6.056288917434264e-17,1.719961642615525e-14,1.7139807820031542e-14,1.7175376596180138e-14
1787945474300700061,6.0614132952315e-17,1.719961642615525e-14,1.7139756578508696e-14,1.7175376596180138e-14
1787945474400722218,6.066401469115538e-17,1.719961642615525e-14,1.7139706698965055e-14,1.7175376596180138e-14
1787945474501139806,6.071067024145502e-17,1.719961642615525e-14,1.7139660045467984e-14,1.7175376596180138e-14
1787945474600775419,6.076551576714023e-17,1.719961642615525e-14,1.7139605202355976e-14,1.7175376596180138e-14
1787945474701051124,6.081263826953198e-17,1.719961642615525e-14,1.713955808192739e-14,1.7175376596180138e-14
1787945474800760724,6.085291878832846e-17,1.719961642615525e-14,1.71395178031813e-14,1.7175376596180138e-14
1787945474900956412,6.091010140476029e-17,1.719961642615525e-14,1.7139460623081435e-14,1.7175376596180138e-14
1787945475001104562,6.096277179839912e-17,1.719961642615525e-14,1.71394079550058e-14,1.7175376596180138e-14
1787945475101312091,6.101831363596871e-17,1.719961642615525e-14,1.7139352415612617e-14,1.7175376596180138e-14
1787945475200957573,6.108073457449277e-17,1.719961642615525e-14,1.7139289997421253e-14,1.7175376596180138e-14
1787945475301181112,6.112624499983041e-17,1.719961642615525e-14,1.713924448899885e-14,1.7175376596180138e-14
1787945475400828907,6.117382744959269e-17,1.719961642615525e-14,1.713919690864322e-14,1.7175376596180138e-14
1787945475500851085,6.123468389439092e-17,1.719961642615525e-14,1.7139136054876772e-14,1.7175376596180138e-14
1787945475600794136,6.129423856308504e-17,1.719961642615525e-14,1.7139076502829157e-14,1.7175376596180138e-14
1787945475700663841,6.134798660117034e-17,1.719961642615525e-14,1.7139022757156607e-14,1.7175376596180138e-14
1787945475800813404,6.140932318511814e-17,1.719961642615525e-14,1.71389614232722e-14,1.7175376596180138e-14
1787945475900647223,6.145122818066347e-17,1.719961642615525e-14,1.713891952012098e-14,1.7175376596180138e-14
1787945476000642621,6.149826586430902e-17,1.719961642615525e-14,1.713887248450757e-14,1.7175376596180138e-14
1787945476101101825,6.155350593895107e-17,1.719961642615525e-14,1.713881724686419e-14,1.7175376596180138e-14
1787945476200825191,6.161047793993757e-17,1.719961642615525e-14,1.713876027737071e-14,1.7175376596180138e-14
1787945476300941792,6.166187350290316e-17,1.719961642615525e-14,1.7138708884069824e-14,1.7175376596180138e-14
1787945476400757067,6.172079519487883e-17,1.719961642615525e-14,1.7138649964971196e-14,1.7175376596180138e-14
1787945476500638454,6.177646266783416e-17,1.719961642615525e-14,1.7138594299948378e-14,1.7175376596180138e-14
1787945476600689816,6.181471856798118e-17,1.719961642615525e-14,1.7138556045732026e-14,1.7175376596180138e-14
1787945476700660718,6.185745517574349e-17,1.719961642615525e-14,1.7138513311005278e-14,1.7175376596180138e-14
1787945476800844334,6.192185160542943e-17,1.719961642615525e-14,1.7138448917409972e-14,1.7175376596180138e-14
1787945476900931010,6.19750883902394e-17,1.719961642615525e-14,1.7138395682968365e-14,1.7175376596180138e-14
1787945477000656689,6.201440889446265e-17,1.719961642615525e-14,1.7138356364194837e-14,1.7175376596180138e-14
1787945477100761209,6.206508135498886e-17,1.719961642615525e-14,1.7138305693964674e-14,1.7175376596180138e-14
1787945477200658245,6.212260134975916e-17,1.719961642615525e-14,1.7138248176501676e-14,1.7175376596180138e-14
1787945477300717200,6.217270208087282e-17,1.719961642615525e-14,1.7138198077975786e-14,1.7175376596180138e-14
1787945477401007322,6.222601858450722e-17,1.719961642615525e-14,1.7138144763818935e-14,1.7175376596180138e-14
1787945477500827767,6.22678613665808e-17,1.719961642615525e-14,1.7138102922878627e-14,1.7175376596180138e-14
1787945477600636670,6.231317317183972e-17,1.719961642615525e-14,1.7138057613067837e-14,1.7175376596180138e-14
1787945477700616619,6.235275880593617e-17,1.719961642615525e-14,1.713801802917617e-14,1.7175376596180138e-14
1787945477800714246,6.240576473055343e-17,1.719961642615525e-14,1.7137965025584716e-14,1.7175376596180138e-14
1787945477900556701,6.246570074116787e-17,1.719961642615525e-14,1.713790509221232e-14,1.7175376596180138e-14
1787945478000589288,6.2511623253573e-17,1.719961642615525e-14,1.7137859171721316e-14,1.7175376596180138e-14
1787945478100960721,6.256357099474661e-17,1.719961642615525e-14,1.7137807226266765e-14,1.7175376596180138e-14
1787945478200570736,6.260337537387294e-17,1.719961642615525e-14,1.7137767423639752e-14,1.7175376596180138e-14
1787945478300866619,6.265447922529725e-17,1.719961642615525e-14,1.713771632203783e-14,1.7175376596180138e-14
1787945478400575257,6.270642588344547e-17,1.719961642615525e-14,1.71376643776663e-14,1.7175376596180138e-14
1787945478500699884,6.276164456403969e-17,1.719961642615525e-14,1.7137609161416366e-14,1.7175376596180138e-14
1787945478600938641,6.280220822146835e-17,1.719961642615525e-14,1.713756859954451e-14,1.7175376596180138e-14
1787945478701022072,6.286443378547767e-17,1.719961642615525e-14,1.713750637671963e-14,1.7175376596180138e-14
1787945478801205397,6.28982762501208e-17,1.719961642615525e-14,1.7137472535744718e-14,1.7175376596180138e-14
1787945478902918018,6.295206896680253e-17,1.719961642615525e-14,1.7137418745395983e-14,1.7175376596180138e-14
1787945479000542875,6.299125395844324e-17,1.719961642615525e-14,1.7137379562129267e-14,1.7175376596180138e-14
1787945479100606489,6.304486730135974e-17,1.719961642615525e-14,1.7137325951146427e-14,1.7175376596180138e-14
1787945479200655637,6.310109511177908e-17,1.719961642615525e-14,1.7137269725811187e-14,1.7175376596180138e-14
1787945479300814927,6.31426782655322e-17,1.719961642615525e-14,1.7137228144487956e-14,1.7175376596180138e-14
1787945479400645961,6.319059003910339e-17,1.719961642615525e-14,1.7137180234823513e-14,1.7175376596180138e-14
1787945479500881353,6.323821513378704e-17,1.719961642615525e-14,1.7137132611825346e-14,1.7175376596180138e-14
1787945479601489443,6.328624441803229e-17,1.719961642615525e-14,1.7137084584655426e-14,1.7175376596180138e-14
1787945479700646311,6.33413865306797e-17,1.719961642615525e-14,1.7137029444970232e-14,1.7175376596180138e-14
1787945479800612765,6.33852731442267e-17,1.719961642615525e-14,1.7136985560288663e-14,1.7175376596180138e-14
1787945479900741419,6.343685636698827e-17,1.719961642615525e-14,1.7136933979336713e-14,1.7175376596180138e-14
1787945480000496944,6.348717704197034e-17,1.719961642615525e-14,1.713688366087698e-14,1.7175376596180138e-14
1787945480100723860,6.353897446489021e-17,1.719961642615525e-14,1.7136831865734327e-14,1.7175376596180138e-14
1787945480200570833,6.358593375828329e-17,1.719961642615525e-14,1.7136784908508226e-14,1.7175376596180138e-14
1787945480300488387,6.362062426238356e-17,1.719961642615525e-14,1.7136750219531317e-14,1.7175376596180138e-14
1787945480400495737,6.36615597666761e-17,1.719961642615525e-14,1.7136709285829148e-14,1.7175376596180138e-14
1787945480500482650,6.371155283593745e-17,1.719961642615525e-14,1.7136659294960765e-14,1.7175376596180138e-14
1787945480600851478,6.375818317632555e-17,1.719961642615525e-14,1.7136612666673228e-14,1.7175376596180138e-14
1787945480700688453,6.380387657500377e-17,1.719961642615525e-14,1.7136566975286168e-14,1.7175376596180138e-14
1787945480800708115,6.385407870288519e-17,1.719961642615525e-14,1.7136516775368408e-14,1.7175376596180138e-14
1787945480901649161,6.39004884203042e-17,1.719961642615525e-14,1.7136470367694162e-14,1.7175376596180138e-14
1787945481000987835,6.394966487421313e-17,1.719961642615525e-14,1.713642119340524e-14,1.7175376596180138e-14
1787945481100911490,6.400282037719172e-17,1.719961642615525e-14,1.7136368040242446e-14,1.7175376596180138e-14
1787945481201225787,6.405405143039012e-17,1.719961642615525e-14,1.713631681144472e-14,1.7175376596180138e-14
1787945481300823561,6.410826448111541e-17,1.719961642615525e-14,1.7136262600780765e-14,1.7175376596180138e-14
1787945481400676736,6.41556754342417e-17,1.719961642615525e-14,1.7136215191914952e-14,1.7175376596180138e-14
1787945481501628200,6.4204773025046e-17,1.719961642615525e-14,1.7136166096485734e-14,1.7175376596180138e-14
1787945481601069294,6.424419250574232e-17,1.719961642615525e-14,1.7136126678740536e-14,1.7175376596180138e-14
1787945481700775628,6.427665134626176e-17,1.719961642615525e-14,1.7136094221329072e-14,1.7175376596180138e-14
1787945481800714140,6.432886683641289e-17,1.719961642615525e-14,1.7136042008137807e-14,1.7175376596180138e-14
1787945481901469853,6.438384678339444e-17,1.719961642615525e-14,1.7135987030611435e-14,1.7175376596180138e-14
1787945482000816703,6.443949925774089e-17,1.719961642615525e-14,1.7135931380587326e-14,1.7175376596180138e-14
1787945482100778809,6.447977815551503e-17,1.719961642615525e-14,1.713589110346294e-14,1.7175376596180138e-14
1787945482200662471,6.452618410014622e-17,1.719961642615525e-14,1.7135844699561463e-14,1.7175376596180138e-14
1787945482300827753,6.4571047292583e-17,1.719961642615525e-14,1.7135799838344268e-14,1.7175376596180138e-14
1787945482400621097,6.462913726470097e-17,1.719961642615525e-14,1.713574175092976e-14,1.7175376596180138e-14
1787945482500725456,6.467223426900943e-17,1.719961642615525e-14,1.7135698655822954e-14,1.7175376596180138e-14
1787945482602145507,6.472209044576669e-17,1.719961642615525e-14,1.7135648801841313e-14,1.7175376596180138e-14
1787945482700816077,6.477542915853376e-17,1.719961642615525e-14,1.7135595465477005e-14,1.7175376596180138e-14
1787945482800645027,6.481736299521339e-17,1.719961642615525e-14,1.713555353348665e-14,1.7175376596180138e-14
1787945482900651455,6.486674591305574e-17,1.719961642615525e-14,1.713550415274312e-14,1.7175376596180138e-14
1787945483000602832,6.491490734779174e-17,1.719961642615525e-14,1.7135455993428925e-14,1.7175376596180138e-14
1787945483100566752,6.496109972838843e-17,1.719961642615525e-14,1.7135409803082187e-14,1.7175376596180138e-14
1787945483200595061,6.500155276771059e-17,1.719961642615525e-14,1.7135369351824025e-14,1.7175376596180138e-14
1787945483301074042,6.504452667778777e-17,1.719961642615525e-14,1.7135326379806113e-14,1.7175376596180138e-14
1787945483400749459,6.508745824775369e-17,1.719961642615525e-14,1.713528345012646e-14,1.7175376596180138e-14
1787945483500834603,6.51289781778186e-17,1.719961642615525e-14,1.713524193202456e-14,1.7175376596180138e-14
1787945483601287316,6.517505909223674e-17,1.719961642615525e-14,1.713519585313914e-14,1.7175376596180138e-14
1787945483700990924,6.523530459711425e-17,1.719961642615525e-14,1.7135135610286966e-14,1.7175376596180138e-14
1787945483800849139,6.527858180139928e-17,1.719961642615525e-14,1.7135092334988253e-14,1.7175376596180138e-14
1787945483900896723,6.531900166122681e-17,1.719961642615525e-14,1.7135051916908193e-14,1.7175376596180138e-14
1787945484000651617,6.537414910876488e-17,1.719961642615525e-14,1.713499677188892e-14,1.7175376596180138e-14
1787945484101665056,6.542269968526964e-17,1.719961642615525e-14,1.713494822345022e-14,1.7175376596180138e-14
1787945484201576258,6.54633958261159e-17,1.719961642615525e-14,1.713490752910134e-14,1.7175376596180138e-14
1787945484300945629,6.551010017476533e-17,1.719961642615525e-14,1.713486082680922e-14,1.7175376596180138e-14
1787945484401091125,6.555024505026689e-17,1.719961642615525e-14,1.7134820683701422e-14,1.7175376596180138e-14
1787945484500724133,6.559883703833524e-17,1.719961642615525e-14,1.7134772093853026e-14,1.7175376596180138e-14
1787945484600684587,6.564647751309546e-17,1.719961642615525e-14,1.7134724455476053e-14,1.7175376596180138e-14
1787945484700625744,6.56827557011594e-17,1.719961642615525e-14,1.7134688178885457e-14,1.7175376596180138e-14
1787945484800657279,6.57252435675045e-17,1.719961642615525e-14,1.713464569289003e-14,1.7175376596180138e-14
1787945484900682723,6.576523599667681e-17,1.719961642615525e-14,1.7134605702221892e-14,1.7175376596180138e-14
1787945485000643276,6.581733652304203e-17,1.719961642615525e-14,1.7134553603989752e-14,1.7175376596180138e-14
1787945485100800904,6.586022949431124e-17,1.719961642615525e-14,1.7134510712907264e-14,1.7175376596180138e-14
1787945485200743785,6.590865713583682e-17,1.719961642615525e-14,1.713446228739825e-14,1.7175376596180138e-14
1787945485300611697,6.595837130555112e-17,1.719961642615525e-14,1.713441257541771e-14,1.7175376596180138e-14
1787945485400877655,6.600507789971746e-17,1.719961642615525e-14,1.7134365870880293e-14,1.7175376596180138e-14
1787945485500750978,6.604869474679841e-17,1.719961642615525e-14,1.713432225595391e-14,1.7175376596180138e-14
1787945485600781190,6.609673245055283e-17,1.719961642615525e-14,1.7134274220365545e-14,1.7175376596180138e-14
1787945485701037530,6.61408720188483e-17,1.719961642615525e-14,1.713423008274099e-14,1.7175376596180138e-14
1787945485800851743,6.619779591735892e-17,1.719961642615525e-14,1.713417316134921e-14,1.7175376596180138e-14
1787945485900688919,6.624303702965889e-17,1.719961642615525e-14,1.713412792222918e-14,1.7175376596180138e-14
1787945486000794761,6.62859224222497e-17,1.719961642615525e-14,1.713408503872513e-14,1.7175376596180138e-14
1787945486100740237,6.63378507723818e-17,1.719961642615525e-14,1.7134033112661778e-14,1.7175376596180138e-14
1787945486200548219,6.637566174442449e-17,1.719961642615525e-14,1.7133995303354835e-14,1.7175376596180138e-14
1787945486300587027,6.642883559671358e-17,1.719961642615525e-14,1.71339421318442e-14,1.7175376596180138e-14
1787945486400741248,6.646966636730011e-17,1.719961642615525e-14,1.7133901302871712e-14,1.7175376596180138e-14
1787945486500801466,6.652467813490829e-17,1.719961642615525e-14,1.7133846293526718e-14,1.7175376596180138e-14
1787945486600755337,6.657138205141014e-17,1.719961642615525e-14,1.7133799591666987e-14,1.7175376596180138e-14
1787945486700902386,6.661296715616351e-17,1.719961642615525e-14,1.713375800839358e-14,1.7175376596180138e-14
1787945486800730044,6.666705816335121e-17,1.719961642615525e-14,1.7133703919768505e-14,1.7175376596180138e-14
1787945486900689425,6.672256232098684e-17,1.719961642615525e-14,1.713364841805523e-14,1.7175376596180138e-14
1787945487000673573,6.677209790195842e-17,1.719961642615525e-14,1.7133598884655776e-14,1.7175376596180138e-14
1787945487100756492,6.681108755628775e-17,1.719961642615525e-14,1.713355989671854e-14,1.7175376596180138e-14
1787945487200659670,6.686140757875159e-17,1.719961642615525e-14,1.7133509578912165e-14,1.7175376596180138e-14
1787945487301101182,6.691468142610602e-17,1.719961642615525e-14,1.7133456307411e-14,1.7175376596180138e-14
1787945487401058811,6.697292074717966e-17,1.719961642615525e-14,1.7133398070654812e-14,1.7175376596180138e-14
1787945487500666873,6.702114025334126e-17,1.719961642615525e-14,1.713334985327227e-14,1.7175376596180138e-14
1787945487600753690,6.706290020572199e-17,1.719961642615525e-14,1.713330809515904e-14,1.7175376596180138e-14
1787945487700671655,6.710398439241364e-17,1.719961642615525e-14,1.7133267012781743e-14,1.7175376596180138e-14
1787945487800649020,6.71570414408183e-17,1.719961642615525e-14,1.7133213958070046e-14,1.7175376596180138e-14
1787945487900795176,6.720310881125715e-17,1.719961642615525e-14,1.713316789272849e-14,1.7175376596180138e-14
1787945488000627673,6.725591821583943e-17,1.719961642615525e-14,1.713311508564974e-14,1.7175376596180138e-14
1787945488100711445,6.730222295793649e-17,1.719961642615525e-14,1.7133068782947e-14,1.7175376596180138e-14
1787945488200959339,6.73407340488057e-17,1.719961642615525e-14,1.713303027355225e-14,1.7175376596180138e-14
1787945488301894504,6.737775588018643e-17,1.719961642615525e-14,1.713299325335141e-14,1.7175376596180138e-14
1787945488401667100,6.743723442877398e-17,1.719961642615525e-14,1.7132933777422426e-14,1.7175376596180138e-14
1787945488500728933,6.74814778618866e-17,1.719961642615525e-14,1.7132889535937933e-14,1.7175376596180138e-14
1787945488600963984,6.752963043802693e-17,1.719961642615525e-14,1.713284138548259e-14,1.7175376596180138e-14
1787945488700580913,6.757689777215245e-17,1.719961642615525e-14,1.7132794120230288e-14,1.7175376596180138e-14
1787945488800893768,6.761542221467404e-17,1.719961642615525e-14,1.7132755597484532e-14,1.7175376596180138e-14
1787945488900846677,6.765828600846508e-17,1.719961642615525e-14,1.7132712735578633e-14,1.7175376596180138e-14
1787945489000713618,6.76948839071133e-17,1.719961642615525e-14,1.7132676139291912e-14,1.7175376596180138e-14
1787945489100925546,6.773887018553709e-17,1.719961642615525e-14,1.7132632154950837e-14,1.7175376596180138e-14
1787945489200847869,6.779426771729351e-17,1.719961642615525e-14,1.7132576759859048e-14,1.7175376596180138e-14
1787945489300781223,6.785411458817134e-17,1.719961642615525e-14,1.7132516915624125e-14,1.7175376596180138e-14
1787945489400669723,6.789895411999294e-17,1.719961642615525e-14,1.713247207806727e-14,1.7175376596180138e-14
1787945489500822552,6.79492818038062e-17,1.719961642615525e-14,1.7132421752600167e-14,1.7175376596180138e-14
1787945489600646093,6.800195677740835e-17,1.719961642615525e-14,1.7132369079946674e-14,1.7175376596180138e-14
1787945489700783784,6.805644656043202e-17,1.719961642615525e-14,1.713231459256371e-14,1.7175376596180138e-14
1787945489801205289,6.810563117999756e-17,1.719961642615525e-14,1.7132265410110544e-14,1.7175376596180138e-14
1787945489900801199,6.814751643783266e-17,1.719961642615525e-14,1.713222352669761e-14,1.7175376596180138e-14
1787945490001031952,6.820095783728599e-17,1.719961642615525e-14,1.713217008765208e-14,1.7175376596180138e-14
1787945490100822272,6.823763263452846e-17,1.719961642615525e-14,1.7132133414470252e-14,1.7175376596180138e-14
1787945490200835793,6.829707310606583e-17,1.719961642615525e-14,1.7132073976616905e-14,1.7175376596180138e-14
1787945490301780265,6.834531518275047e-17,1.719961642615525e-14,1.7132025736665166e-14,1.7175376596180138e-14
1787945490401152392,6.839792409937022e-17,1.719961642615525e-14,1.7131973130065853e-14,1.7175376596180138e-14
1787945490501140135,6.845476144960894e-17,1.719961642615525e-14,1.713191629521919e-14,1.7175376596180138e-14
1787945490601767822,6.849938205224882e-17,1.719961642615525e-14,1.7131871676582013e-14,1.7175376596180138e-14
1787945490701066342,6.85485520539543e-17,1.719961642615525e-14,1.7131822508746175e-14,1.7175376596180138e-14
1787945490802657669,6.859786009420415e-17,1.719961642615525e-14,1.7131773202877886e-14,1.7175376596180138e-14
1787945490900686404,6.864263265320354e-17,1.719961642615525e-14,1.7131728432291078e-14,1.7175376596180138e-14
1787945491000778160,6.869281845105969e-17,1.719961642615525e-14,1.713167824870387e-14,1.7175376596180138e-14
1787945491100608613,6.873369277673467e-17,1.719961642615525e-14,1.7131637376178692e-14,1.7175376596180138e-14
1787945491200832383,6.878033597095967e-17,1.719961642615525e-14,1.713159073503909e-14,1.7175376596180138e-14
1787945491300969624,6.883170396097865e-17,1.719961642615525e-14,1.7131539369311833e-14,1.7175376596180138e-14
1787945491400757689,6.887712221109463e-17,1.719961642615525e-14,1.7131493953062405e-14,1.7175376596180138e-14
1787945491500638325,6.892596188471576e-17,1.719961642615525e-14,1.7131445115540197e-14,1.7175376596180138e-14
1787945491600661003,6.897479688705547e-17,1.719961642615525e-14,1.7131396282689075e-14,1.7175376596180138e-14
1787945491700593826,6.901697342665689e-17,1.719961642615525e-14,1.7131354108007394e-14,1.7175376596180138e-14
1787945491800881454,6.906509073665159e-17,1.719961642615525e-14,1.7131305992817027e-14,1.7175376596180138e-14
1787945491900888854,6.911175435650465e-17,1.719961642615525e-14,1.7131259331252778e-14,1.7175376596180138e-14
1787945492000786592,6.915222250413621e-17,1.719961642615525e-14,1.7131218864887836e-14,1.7175376596180138e-14
1787945492100886523,6.920779125798956e-17,1.719961642615525e-14,1.7131163298581894e-14,1.7175376596180138e-14
1787945492200957361,6.925732793902871e-17,1.719961642615525e-14,1.7131113764083056e-14,1.7175376596180138e-14
1787945492300656462,6.931079618973388e-17,1.719961642615525e-14,1.713106029818776e-14,1.7175376596180138e-14
1787945492400657601,6.936441163142788e-17,1.719961642615525e-14,1.7131006685107976e-14,1.7175376596180138e-14
1787945492500640385,6.94024102099558e-17,1.719961642615525e-14,1.7130968688203397e-14,1.7175376596180138e-14
1787945492600641454,6.945119356129368e-17,1.719961642615525e-14,1.7130919907001125e-14,1.7175376596180138e-14
1787945492700693126,6.950871423685012e-17,1.719961642615525e-14,1.7130862388859553e-14,1.7175376596180138e-14
1787945492800722607,6.95591998169424e-17,1.719961642615525e-14,1.713081190550354e-14,1.7175376596180138e-14
1787945492900932482,6.961190131792354e-17,1.719961642615525e-14,1.7130759206324273e-14,1.7175376596180138e-14
1787945493000645288,6.965860165205172e-17,1.719961642615525e-14,1.7130712508047495e-14,1.7175376596180138e-14
1787945493100722968,6.970897982123454e-17,1.719961642615525e-14,1.7130662132097702e-14,1.7175376596180138e-14
1787945493200690094,6.975985933039974e-17,1.719961642615525e-14,1.7130611254830022e-14,1.7175376596180138e-14
1787945493300697855,6.981352459677746e-17,1.719961642615525e-14,1.7130557591927876e-14,1.7175376596180138e-14
1787945493400979893,6.985221978671374e-17,1.719961642615525e-14,1.713051889844267e-14,1.7175376596180138e-14
1787945493500723215,6.989420322205868e-17,1.719961642615525e-14,1.7130476916856924e-14,1.7175376596180138e-14
1787945493600947737,6.994404924206686e-17,1.719961642615525e-14,1.713042707303292e-14,1.7175376596180138e-14
1787945493701159415,6.99956368792455e-17,1.719961642615525e-14,1.7130375487668486e-14,1.7175376596180138e-14
1787945493800686247,7.00581680850487e-17,1.719961642615525e-14,1.7130312959217575e-14,1.7175376596180138e-14
1787945493900784846,7.010247389950973e-17,1.719961642615525e-14,1.713026865535508e-14,1.7175376596180138e-14
1787945494000744819,7.016197948419538e-17,1.719961642615525e-14,1.7130209152392022e-14,1.7175376596180138e-14
1787945494100598205,7.022389766369132e-17,1.719961642615525e-14,1.7130147236940467e-14,1.7175376596180138e-14
1787945494200764639,7.027867676817513e-17,1.719961642615525e-14,1.713009246024941e-14,1.7175376596180138e-14
1787945494300695648,7.033763712982168e-17,1.719961642615525e-14,1.7130033502485428e-14,1.7175376596180138e-14
1787945494400766676,7.038444711132894e-17,1.719961642615525e-14,1.7129986694566274e-14,1.7175376596180138e-14
1787945494500891233,7.044043002949197e-17,1.719961642615525e-14,1.7129930714114623e-14,1.7175376596180138e-14
1787945494600893955,7.049738227169425e-17,1.719961642615525e-14,1.7129873764381655e-14,1.7175376596180138e-14
1787945494700603866,7.055017021091269e-17,1.719961642615525e-14,1.7129820978768212e-14,1.7175376596180138e-14
1787945494800886394,7.059984604816422e-17,1.719961642615525e-14,1.7129771305119637e-14,1.7175376596180138e-14
1787945494900589132,7.064462052902009e-17,1.719961642615525e-14,1.7129726532611517e-14,1.7175376596180138e-14
1787945495000752781,7.069412463007218e-17,1.719961642615525e-14,1.7129677030691596e-14,1.7175376596180138e-14
1787945495100589236,7.075816840523906e-17,1.719961642615525e-14,1.712961298973819e-14,1.7175376596180138e-14
1787945495200549008,7.080551450559948e-17,1.719961642615525e-14,1.712956564572391e-14,1.7175376596180138e-14
1787945495300764914,7.08505936246063e-17,1.719961642615525e-14,1.712952056859111e-14,1.7175376596180138e-14
1787945495400650118,7.090736608997171e-17,1.719961642615525e-14,1.7129463798627177e-14,1.7175376596180138e-14
1787945495500686793,7.096088442780196e-17,1.719961642615525e-14,1.7129410282647418e-14,1.7175376596180138e-14
1787945495600685056,7.101148845833575e-17,1.719961642615525e-14,1.7129359680846562e-14,1.7175376596180138e-14
1787945495700552939,7.105564301502304e-17,1.719961642615525e-14,1.7129315528235388e-14,1.7175376596180138e-14
1787945495800853261,7.108798825845806e-17,1.719961642615525e-14,1.7129283184417137e-14,1.7175376596180138e-14
1787945495900699083,7.113590327918271e-17,1.719961642615525e-14,1.7129235271507642e-14,1.7175376596180138e-14
1787945496000748230,7.118168709095125e-17,1.719961642615525e-14,1.7129189489713203e-14,1.7175376596180138e-14
1787945496100916608,7.122779417454955e-17,1.719961642615525e-14,1.7129143384661194e-14,1.7175376596180138e-14
1787945496200648850,7.127302696228558e-17,1.719961642615525e-14,1.712909815386653e-14,1.7175376596180138e-14
1787945496300647544,7.131988411545011e-17,1.719961642615525e-14,1.7129051298778025e-14,1.7175376596180138e-14
1787945496400907582,7.137240253187225e-17,1.719961642615525e-14,1.7128998782675727e-14,1.7175376596180138e-14
1787945496500773771,7.141657039430728e-17,1.719961642615525e-14,1.712895461675948e-14,1.7175376596180138e-14
1787945496600761996,7.145885246954769e-17,1.719961642615525e-14,1.7128912336547335e-14,1.7175376596180138e-14
1787945496700741716,7.149944964891297e-17,1.719961642615525e-14,1.7128871741156836e-14,1.7175376596180138e-14
1787945496800684056,7.15440093041978e-17,1.719961642615525e-14,1.712882718346503e-14,1.7175376596180138e-14
1787945496901255228,7.15948315077219e-17,1.719961642615525e-14,1.7128776363500944e-14,1.7175376596180138e-14
1787945497002296269,7.164895368705182e-17,1.719961642615525e-14,1.7128722243706483e-14,1.7175376596180138e-14
1787945497100888785,7.16950629629398e-17,1.719961642615525e-14,1.712867613646239e-14,1.7175376596180138e-14
1787945497201496925,7.175418804162994e-17,1.719961642615525e-14,1.7128617013989052e-14,1.7175376596180138e-14
1787945497301627593,7.180277413788268e-17,1.719961642615525e-14,1.712856843003376e-14,1.7175376596180138e-14
1787945497401194320,7.185264800463778e-17,1.719961642615525e-14,1.7128518558364723e-14,1.7175376596180138e-14
1787945497500783487,7.190958504283089e-17,1.719961642615525e-14,1.712846162383551e-14,1.7175376596180138e-14
1787945497600637174,7.195220319387435e-17,1.719961642615525e-14,1.712841900756248e-14,1.7175376596180138e-14
1787945497701037641,7.200851232609725e-17,1.719961642615525e-14,1.7128362700911598e-14,1.7175376596180138e-14
1787945497800709932,7.204808973327923e-17,1.719961642615525e-14,1.712832312524846e-14,1.7175376596180138e-14
1787945497900583675,7.209744233267786e-17,1.719961642615525e-14,1.7128273774823874e-14,1.7175376596180138e-14
1787945498000643813,7.214399303624894e-17,1.719961642615525e-14,1.7128227226171656e-14,1.7175376596180138e-14
1787945498101463615,7.219716841970627e-17,1.719961642615525e-14,1.7128174053131495e-14,1.7175376596180138e-14
1787945498200938572,7.224480449929629e-17,1.719961642615525e-14,1.7128126419151115e-14,1.7175376596180138e-14
1787945498300781939,7.229448283298777e-17,1.719961642615525e-14,1.7128076743006637e-14,1.7175376596180138e-14
1787945498400760296,7.233546631358077e-17,1.719961642615525e-14,1.712803576133211e-14,1.7175376596180138e-14
1787945498500933312,7.239415889395541e-17,1.719961642615525e-14,1.712797707133822e-14,1.7175376596180138e-14
1787945498600603560,7.243533379811858e-17,1.719961642615525e-14,1.712793589824858e-14,1.7175376596180138e-14
1787945498700552693,7.248709171970636e-17,1.719961642615525e-14,1.71278841426079e-14,1.7175376596180138e-14
1787945498800595869,7.253068131684844e-17,1.719961642615525e-14,1.7127840554931713e-14,1.7175376596180138e-14
1787945498900650818,7.25694756958053e-17,1.719961642615525e-14,1.7127801762262396e-14,1.7175376596180138e-14
1787945499000563143,7.260641910814537e-17,1.719961642615525e-14,1.7127764820478132e-14,1.7175376596180138e-14
1787945499100639080,7.265820168073929e-17,1.719961642615525e-14,1.7127713040187582e-14,1.7175376596180138e-14
1787945499200873991,7.271489080241798e-17,1.719961642615525e-14,1.7127656353564193e-14,1.7175376596180138e-14
1787945499300810971,7.276646272359438e-17,1.719961642615525e-14,1.7127604783915805e-14,1.7175376596180138e-14
1787945499400503510,7.281675086473676e-17,1.719961642615525e-14,1.7127554497990888e-14,1.7175376596180138e-14
1787945499500720788,7.284793607059042e-17,1.719961642615525e-14,1.712752331415939e-14,1.7175376596180138e-14
1787945499600677595,7.288943228352404e-17,1.719961642615525e-14,1.7127481819775232e-14,1.7175376596180138e-14
1787945499700713428,7.294628417399463e-17,1.719961642615525e-14,1.712742497039029e-14,1.7175376596180138e-14
1787945499800694190,7.300114062101635e-17,1.719961642615525e-14,1.7127370116360876e-14,1.7175376596180138e-14
1787945499900784003,7.304531993528092e-17,1.719961642615525e-14,1.712732593899367e-14,1.7175376596180138e-14
1787945500000687551,7.30974347769977e-17,1.719961642615525e-14,1.7127273826448755e-14,1.7175376596180138e-14
1787945500100763368,7.314757606898834e-17,1.719961642615525e-14,1.7127223687366604e-14,1.7175376596180138e-14
1787945500200657720,7.319354101010988e-17,1.719961642615525e-14,1.7127177724451273e-14,1.7175376596180138e-14
1787945500300658067,7.32486769103013e-17,1.719961642615525e-14,1.712712259098107e-14,1.7175376596180138e-14
1787945500400652614,7.329968079176664e-17,1.719961642615525e-14,1.71270715893475e-14,1.7175376596180138e-14
1787945500500607347,7.334443346720672e-17,1.719961642615525e-14,1.7127026838644457e-14,1.7175376596180138e-14
1787945500600811682,7.339494234152134e-17,1.719961642615525e-14,1.7126976331996246e-14,1.7175376596180138e-14
1787945500700651743,7.344393844238417e-17,1.719961642615525e-14,1.7126927338054826e-14,1.7175376596180138e-14
1787945500801344650,7.348975788879152e-17,1.719961642615525e-14,1.7126881520627866e-14,1.7175376596180138e-14
1787945500901244592,7.35478677998341e-17,1.719961642615525e-14,1.7126823413277974e-14,1.7175376596180138e-14
1787945501001008413,7.36019605599591e-17,1.719961642615525e-14,1.7126769322901963e-14,1.7175376596180138e-14
1787945501101323232,7.364348666707743e-17,1.719961642615525e-14,1.71267277986251e-14,1.7175376596180138e-14
1787945501200937165,7.36905260722849e-17,1.719961642615525e-14,1.7126680761293158e-14,1.7175376596180138e-14
1787945501300836446,7.372502457937605e-17,1.719961642615525e-14,1.7126646264306597e-14,1.7175376596180138e-14
1787945501400886565,7.377508867468896e-17,1.719961642615525e-14,1.7126596202417883e-14,1.7175376596180138e-14
1787945501501295538,7.382271420747327e-17,1.719961642615525e-14,1.7126548578984226e-14,1.7175376596180138e-14
1787945501600979571,7.387438183679257e-17,1.719961642615525e-14,1.712649691363221e-14,1.7175376596180138e-14
1787945501701411656,7.391871447327359e-17,1.719961642615525e-14,1.7126452582949743e-14,1.7175376596180138e-14
1787945501800821904,7.396411506419575e-17,1.719961642615525e-14,1.712640718435992e-14,1.7175376596180138e-14
1787945501900851585,7.400891371609298e-17,1.719961642615525e-14,1.7126362387682597e-14,1.7175376596180138e-14
1787945502000837707,7.406200930808739e-17,1.719961642615525e-14,1.7126309294430895e-14,1.7175376596180138e-14
1787945502100715908,7.411277119282349e-17,1.719961642615525e-14,1.71262585347836e-14,1.7175376596180138e-14
1787945502201007364,7.415495291839674e-17,1.719961642615525e-14,1.712621635491729e-14,1.7175376596180138e-14
1787945502300781183,7.419619693251866e-17,1.719961642615525e-14,1.7126175112721104e-14,1.7175376596180138e-14
1787945502400699569,7.42431141536528e-17,1.719961642615525e-14,1.7126128197567984e-14,1.7175376596180138e-14
1787945502500871854,7.428825666452714e-17,1.719961642615525e-14,1.7126083057046906e-14,1.7175376596180138e-14
1787945502600798466,7.433264916891045e-17,1.719961642615525e-14,1.7126038666499272e-14,1.7175376596180138e-14
1787945502700948089,7.437845697815172e-17,1.719961642615525e-14,1.7125992860709174e-14,1.7175376596180138e-14
1787945502800844324,7.441852924618466e-17,1.719961642615525e-14,1.7125952790207477e-14,1.7175376596180138e-14
1787945502901117536,7.446006616254687e-17,1.719961642615525e-14,1.712591125512202e-14,1.7175376596180138e-14
1787945503000653185,7.45010428008065e-17,1.719961642615525e-14,1.7125870280289983e-14,1.7175376596180138e-14
1787945503100689950,7.454302973712923e-17,1.719961642615525e-14,1.712582829520442e-14,1.7175376596180138e-14
1787945503200831909,7.459870965005498e-17,1.719961642615525e-14,1.7125772617745848e-14,1.7175376596180138e-14
1787945503300923195,7.465208918427171e-17,1.719961642615525e-14,1.71257192405646e-14,1.7175376596180138e-14
1787945503400705409,7.470449904989243e-17,1.719961642615525e-14,1.7125666833009218e-14,1.7175376596180138e-14
1787945503500765808,7.47478149189298e-17,1.719961642615525e-14,1.712562351904957e-14,1.7175376596180138e-14
1787945503600714320,7.478999406910453e-17,1.719961642615525e-14,1.7125581341758676e-14,1.7175376596180138e-14
1787945503700790778,7.484137909890467e-17,1.719961642615525e-14,1.7125529958993977e-14,1.7175376596180138e-14
1787945503801549467,7.48747165924762e-17,1.719961642615525e-14,1.7125496622969962e-14,1.7175376596180138e-14
1787945503901068585,7.492960152978433e-17,1.719961642615525e-14,1.712544174045206e-14,1.7175376596180138e-14
1787945504000960402,7.498244325729136e-17,1.719961642615525e-14,1.7125388901053905e-14,1.7175376596180138e-14
1787945504101308342,7.504061131665728e-17,1.719961642615525e-14,1.71253307355587e-14,1.7175376596180138e-14
1787945504201781844,7.509464145797056e-17,1.719961642615525e-14,1.7125276707799156e-14,1.7175376596180138e-14
1787945504301777904,7.513910802495179e-17,1.719961642615525e-14,1.7125232243192374e-14,1.7175376596180138e-14
1787945504400823087,7.518550523143038e-17,1.719961642615525e-14,1.712518584803121e-14,1.7175376596180138e-14
1787945504500700637,7.523510378281458e-17,1.719961642615525e-14,1.7125136251666278e-14,1.7175376596180138e-14
1787945504600979720,7.527283101236597e-17,1.719961642615525e-14,1.7125098526099865e-14,1.7175376596180138e-14
1787945504701379095,7.53265710250818e-17,1.719961642615525e-14,1.7125044788456192e-14,1.7175376596180138e-14
1787945504800823876,7.53816705216414e-17,1.719961642615525e-14,1.7124989691388625e-14,1.7175376596180138e-14
1787945504901027790,7.543311652521806e-17,1.719961642615525e-14,1.7124938247652993e-14,1.7175376596180138e-14
1787945505000751096,7.547987648850936e-17,1.719961642615525e-14,1.712489148975108e-14,1.7175376596180138e-14
1787945505100640498,7.553428438285652e-17,1.719961642615525e-14,1.712483708425528e-14,1.7175376596180138e-14
1787945505201747621,7.557825960893762e-17,1.719961642615525e-14,1.7124793110967835e-14,1.7175376596180138e-14
1787945505300845731,7.561704873519238e-17,1.719961642615525e-14,1.71247543235516e-14,1.7175376596180138e-14
1787945505400778995,7.566698161731524e-17,1.719961642615525e-14,1.712470439287078e-14,1.7175376596180138e-14
1787945505500855353,7.572589562989954e-17,1.719961642615525e-14,1.7124645481455442e-14,1.7175376596180138e-14
1787945505600621077,7.578044744595896e-17,1.719961642615525e-14,1.7124590932044348e-14,1.7175376596180138e-14
1787945505701069904,7.582985812500194e-17,1.719961642615525e-14,1.7124541523543623e-14,1.7175376596180138e-14
1787945505800626041,7.58768300536914e-17,1.719961642615525e-14,1.7124494553685754e-14,1.7175376596180138e-14
1787945505900743374,7.592801874358566e-17,1.719961642615525e-14,1.712444336725259e-14,1.7175376596180138e-14
1787945506000594366,7.598367576858657e-17,1.719961642615525e-14,1.7124387712681333e-14,1.7175376596180138e-14
1787945506100595906,7.603397975983931e-17,1.719961642615525e-14,1.7124337410907837e-14,1.7175376596180138e-14
1787945506200759415,7.608874198467756e-17,1.719961642615525e-14,1.712428265109732e-14,1.7175376596180138e-14
1787945506300529658,7.61380536423619e-17,1.719961642615525e-14,1.712423334161367e-14,1.7175376596180138e-14
1787945506400785327,7.618458661019867e-17,1.719961642615525e-14,1.7124186810697374e-14,1.7175376596180138e-14
1787945506501316125,7.623454387357253e-17,1.719961642615525e-14,1.712413685563652e-14,1.7175376596180138e-14
1787945506600827990,7.628473950507822e-17,1.719961642615525e-14,1.712408666221806e-14,1.7175376596180138e-14
1787945506700828558,7.632729884883724e-17,1.719961642615525e-14,1.7124044104750686e-14,1.7175376596180138e-14
1787945506801057809,7.637574506319133e-17,1.719961642615525e-14,1.712399566067227e-14,1.7175376596180138e-14
1787945506901028542,7.642509812465587e-17,1.719961642615525e-14,1.7123946309786738e-14,1.7175376596180138e-14
1787945507001010295,7.647388554781737e-17,1.719961642615525e-14,1.712389752451458e-14,1.7175376596180138e-14
1787945507101148558,7.652987227407239e-17,1.719961642615525e-14,1.712384154025676e-14,1.7175376596180138e-14
1787945507201069809,7.658124440911037e-17,1.719961642615525e-14,1.7123790170386717e-14,1.7175376596180138e-14
1787945507301176233,7.663106058367612e-17,1.719961642615525e-14,1.7123740356408552e-14,1.7175376596180138e-14
1787945507401220351,7.667841524630166e-17,1.719961642615525e-14,1.7123693003833815e-14,1.7175376596180138e-14
1787945507501233012,7.673633957420173e-17,1.719961642615525e-14,1.7123635082059838e-14,1.7175376596180138e-14
1787945507601156387,7.678426807245805e-17,1.719961642615525e-14,1.7123587155674797e-14,1.7175376596180138e-14
1787945507701081817,7.683514596883156e-17,1.719961642615525e-14,1.7123536280021692e-14,1.7175376596180138e-14
1787945507801148246,7.68897183511796e-17,1.719961642615525e-14,1.712348171004552e-14,1.7175376596180138e-14
1787945507901387976,7.693771438468708e-17,1.719961642615525e-14,1.7123433716128243e-14,1.7175376596180138e-14
1787945508001116432,7.698106220110078e-17,1.719961642615525e-14,1.7123390370223122e-14,1.7175376596180138e-14
1787945508101033816,7.703123347440528e-17,1.719961642615525e-14,1.7123340201161978e-14,1.7175376596180138e-14
1787945508201078426,7.708793657446023e-17,1.719961642615525e-14,1.7123283500562104e-14,1.7175376596180138e-14
1787945508300992063,7.714432159637107e-17,1.719961642615525e-14,1.7123227118026368e-14,1.7175376596180138e-14
1787945508401284070,7.720086525136796e-17,1.719961642615525e-14,1.7123170576864556e-14,1.7175376596180138e-14
1787945508500923421,7.72465252470318e-17,1.719961642615525e-14,1.7123124918882193e-14,1.7175376596180138e-14
1787945508601431597,7.730229590042107e-17,1.719961642615525e-14,1.7123069150687936e-14,1.7175376596180138e-14
1787945508700715180,7.736254954323407e-17,1.719961642615525e-14,1.7123008899701938e-14,1.7175376596180138e-14
1787945508801146003,7.741035446524115e-17,1.719961642615525e-14,1.7122961096887853e-14,1.7175376596180138e-14
1787945508900759045,7.746943653500776e-17,1.719961642615525e-14,1.712290201742328e-14,1.7175376596180138e-14
1787945509001223510,7.752391330731367e-17,1.719961642615525e-14,1.7122847543053112e-14,1.7175376596180138e-14
1787945509100601648,7.757632801451211e-17,1.719961642615525e-14,1.712279513065714e-14,1.7175376596180138e-14
1787945509200661897,7.762550489409462e-17,1.719961642615525e-14,1.7122745955946026e-14,1.7175376596180138e-14
1787945509300740379,7.76826733291463e-17,1.719961642615525e-14,1.7122688790031852e-14,1.7175376596180138e-14
1787945509400545766,7.773649310489114e-17,1.719961642615525e-14,1.7122634972629338e-14,1.7175376596180138e-14
1787945509500654995,7.778465763865011e-17,1.719961642615525e-14,1.7122586810219446e-14,1.7175376596180138e-14
1787945509600555238,7.783124208239091e-17,1.719961642615525e-14,1.712254022782991e-14,1.7175376596180138e-14
1787945509700668645,7.787715084316433e-17,1.719961642615525e-14,1.7122494321093556e-14,1.7175376596180138e-14
1787945509800912513,7.79226856072496e-17,1.719961642615525e-14,1.7122448788337412e-14,1.7175376596180138e-14
1787945509901044273,7.797616381635471e-17,1.719961642615525e-14,1.7122395312486537e-14,1.7175376596180138e-14
1787945510001887018,7.802930598176608e-17,1.719961642615525e-14,1.7122342172664558e-14,1.7175376596180138e-14
1787945510100707886,7.807157385435995e-17,1.719961642615525e-14,1.7122299906655875e-14,1.7175376596180138e-14
1787945510200806525,7.813585786025624e-17,1.719961642615525e-14,1.712223562548477e-14,1.7175376596180138e-14
1787945510300799960,7.818280206282629e-17,1.719961642615525e-14,1.7122188683352347e-14,1.7175376596180138e-14
1787945510400848798,7.822353489445521e-17,1.719961642615525e-14,1.7122147952316973e-14,1.7175376596180138e-14
1787945510501217777,7.82713015195699e-17,1.719961642615525e-14,1.71221001877983e-14,1.7175376596180138e-14
1787945510601590492,7.831870412585015e-17,1.719961642615525e-14,1.712205278728242e-14,1.7175376596180138e-14
1787945510700815878,7.838143791059556e-17,1.719961642615525e-14,1.7121990056264184e-14,1.7175376596180138e-14
1787945510801233307,7.842589828834164e-17,1.719961642615525e-14,1.7121945597847114e-14,1.7175376596180138e-14
1787945510901220049,7.848594077582647e-17,1.719961642615525e-14,1.7121885558007487e-14,1.7175376596180138e-14
1787945511000936412,7.854653330464569e-17,1.719961642615525e-14,1.7121824968150798e-14,1.7175376596180138e-14
1787945511100821838,7.858870091920676e-17,1.719961642615525e-14,1.712178280239584e-14,1.7175376596180138e-14
1787945511201443283,7.863960894860943e-17,1.719961642615525e-14,1.712173189661151e-14,1.7175376596180138e-14
1787945511301946170,7.867796287111926e-17,1.719961642615525e-14,1.7121693544380436e-14,1.7175376596180138e-14
1787945511403066226,7.872857755320906e-17,1.719961642615525e-14,1.71216429319305e-14,1.7175376596180138e-14
1787945511500764661,7.877753611279389e-17,1.719961642615525e-14,1.7121593975530047e-14,1.7175376596180138e-14
1787945511600716910,7.883055789406096e-17,1.719961642615525e-14,1.712154095608712e-14,1.7175376596180138e-14
1787945511700771358,7.8892628008411e-17,1.719961642615525e-14,1.7121478888710175e-14,1.7175376596180138e-14
1787945511800991722,7.893459625414652e-17,1.719961642615525e-14,1.7121436922315326e-14,1.7175376596180138e-14
1787945511900769488,7.899344114216974e-17,1.719961642615525e-14,1.7121378080022497e-14,1.7175376596180138e-14
1787945512000658460,7.904760454364804e-17,1.719961642615525e-14,1.7121323919009764e-14,1.7175376596180138e-14
1787945512100708079,7.910513459381696e-17,1.719961642615525e-14,1.7121266391496836e-14,1.7175376596180138e-14
1787945512200770712,7.91614620704498e-17,1.719961642615525e-14,1.712121006650443e-14,1.7175376596180138e-14
1787945512301490740,7.921492434399243e-17,1.719961642615525e-14,1.7121156606588756e-14,1.7175376596180138e-14
1787945512400673196,7.925794677446397e-17,1.719961642615525e-14,1.712111358605573e-14,1.7175376596180138e-14
1787945512500735769,7.930951642497883e-17,1.719961642615525e-14,1.7121062018679644e-14,1.7175376596180138e-14
1787945512600706773,7.936052928802446e-17,1.719961642615525e-14,1.712101100806648e-14,1.7175376596180138e-14
1787945512700657018,7.94210964589404e-17,1.719961642615525e-14,1.7120950443566853e-14,1.7175376596180138e-14
1787945512801120441,7.947030443202007e-17,1.719961642615525e-14,1.7120901237764077e-14,1.7175376596180138e-14
1787945512900921171,7.952510859171956e-17,1.719961642615525e-14,1.7120846436021522e-14,1.7175376596180138e-14
1787945513001012687,7.956937672009623e-17,1.719961642615525e-14,1.7120802169845604e-14,1.7175376596180138e-14
1787945513100740221,7.962012335699288e-17,1.719961642615525e-14,1.7120751425446918e-14,1.7175376596180138e-14
1787945513200724348,7.968428348571374e-17,1.719961642615525e-14,1.7120687268148034e-14,1.7175376596180138e-14
1787945513300777474,7.973624000595743e-17,1.719961642615525e-14,1.712063531391939e-14,1.7175376596180138e-14
1787945513400988431,7.97854558431814e-17,1.719961642615525e-14,1.7120586100252902e-14,1.7175376596180138e-14
1787945513500681591,7.982213353441597e-17,1.719961642615525e-14,1.71205494241794e-14,1.7175376596180138e-14
1787945513600983166,7.987083513199847e-17,1.719961642615525e-14,1.7120500724729892e-14,1.7175376596180138e-14
1787945513701460274,7.991773959883439e-17,1.719961642615525e-14,1.7120453822331877e-14,1.7175376596180138e-14
1787945513800799861,7.998038959487935e-17,1.719961642615525e-14,1.7120391175099157e-14,1.7175376596180138e-14
1787945513900750407,8.002636480392024e-17,1.719961642615525e-14,1.7120345201917978e-14,1.7175376596180138e-14
1787945514000743972,8.007189495041084e-17,1.719961642615525e-14,1.7120299673779725e-14,1.7175376596180138e-14
1787945514100702222,8.012683647002614e-17,1.719961642615525e-14,1.712024473468348e-14,1.7175376596180138e-14
1787945514200722317,8.018346301891425e-17,1.719961642615525e-14,1.71201881106323e-14,1.7175376596180138e-14
1787945514300630544,8.023664101669585e-17,1.719961642615525e-14,1.7120134934980132e-14,1.7175376596180138e-14
1787945514400833346,8.029572419338986e-17,1.719961642615525e-14,1.712007585440954e-14,1.7175376596180138e-14
1787945514500788491,8.034390671301099e-17,1.719961642615525e-14,1.7120027674015217e-14,1.7175376596180138e-14
1787945514601053077,8.03847431406831e-17,1.719961642615525e-14,1.711998683938882e-14,1.7175376596180138e-14
1787945514700885995,8.043743712691519e-17,1.719961642615525e-14,1.7119934147726905e-14,1.7175376596180138e-14
1787945514800615934,8.04876520503433e-17,1.719961642615525e-14,1.711988393501846e-14,1.7175376596180138e-14
1787945514900641398,8.054785141556262e-17,1.719961642615525e-14,1.7119823738308655e-14,1.7175376596180138e-14
1787945515000672983,8.060028763959052e-17,1.719961642615525e-14,1.711977130439762e-14,1.7175376596180138e-14
1787945515100560533,8.064307878463474e-17,1.719961642615525e-14,1.711972851514013e-14,1.7175376596180138e-14
1787945515200858140,8.069130364917467e-17,1.719961642615525e-14,1.7119680292402842e-14,1.7175376596180138e-14
1787945515301320832,8.074002312143439e-17,1.719961642615525e-14,1.7119631575079664e-14,1.7175376596180138e-14
1787945515400958590,8.080028556700944e-17,1.719961642615525e-14,1.7119571315292364e-14,1.7175376596180138e-14
1787945515500696473,8.08416207247738e-17,1.719961642615525e-14,1.711952998195797e-14,1.7175376596180138e-14
1787945515600658350,8.088962866959784e-17,1.719961642615525e-14,1.711948197613088e-14,1.7175376596180138e-14
1787945515700560186,8.095027816400019e-17,1.719961642615525e-14,1.7119421329311872e-14,1.7175376596180138e-14
1787945515800696916,8.099162296560315e-17,1.719961642615525e-14,1.7119379986334097e-14,1.7175376596180138e-14
1787945515900537568,8.104074618653969e-17,1.719961642615525e-14,1.7119330865280128e-14,1.7175376596180138e-14
1787945516000593439,8.10911360578071e-17,1.719961642615525e-14,1.7119280477631717e-14,1.7175376596180138e-14
1787945516100630955,8.115480461729427e-17,1.719961642615525e-14,1.711921681188087e-14,1.7175376596180138e-14
1787945516200573296,8.120496206253182e-17,1.719961642615525e-14,1.7119166656648262e-14,1.7175376596180138e-14
1787945516301024006,8.124905817012454e-17,1.719961642615525e-14,1.7119122562485925e-14,1.7175376596180138e-14
1787945516400735450,8.129323680520057e-17,1.719961642615525e-14,1.7119078385799752e-14,1.7175376596180138e-14
1787945516500685085,8.134824385089143e-17,1.719961642615525e-14,1.711902338118067e-14,1.7175376596180138e-14
1787945516600715698,8.139902111913634e-17,1.719961642615525e-14,1.711897260615245e-14,1.7175376596180138e-14
1787945516700664291,8.145702910138066e-17,1.719961642615525e-14,1.711891460072923e-14,1.7175376596180138e-14
1787945516800882631,8.149459163569479e-17,1.719961642615525e-14,1.7118877039851995e-14,1.7175376596180138e-14
1787945516900832767,8.154036869831802e-17,1.719961642615525e-14,1.7118831264808848e-14,1.7175376596180138e-14
1787945517000959368,8.159015748299364e-17,1.719961642615525e-14,1.711878147822064e-14,1.7175376596180138e-14
1787945517100952372,8.164145781531335e-17,1.719961642615525e-14,1.7118730180151485e-14,1.7175376596180138e-14
1787945517201043748,8.168867313047301e-17,1.719961642615525e-14,1.7118682966919286e-14,1.7175376596180138e-14
1787945517300852382,8.173752140388795e-17,1.719961642615525e-14,1.7118634120800887e-14,1.7175376596180138e-14
1787945517401295418,8.178766804791973e-17,1.719961642615525e-14,1.711858397636916e-14,1.7175376596180138e-14
1787945517501261793,8.18363775761429e-17,1.719961642615525e-14,1.7118535268989858e-14,1.7175376596180138e-14
1787945517600724648,8.188529259713648e-17,1.719961642615525e-14,1.711848635612686e-14,1.7175376596180138e-14
1787945517700885823,8.194202587537813e-17,1.719961642615525e-14,1.7118429625351546e-14,1.7175376596180138e-14
1787945517800935983,8.199665105844052e-17,1.719961642615525e-14,1.711837500257843e-14,1.7175376596180138e-14
1787945517901028221,8.20551844283924e-17,1.719961642615525e-14,1.711831647179086e-14,1.7175376596180138e-14
1787945518001816234,8.211301930185954e-17,1.719961642615525e-14,1.711825863946897e-14,1.7175376596180138e-14
1787945518101361181,8.216536565573935e-17,1.719961642615525e-14,1.7118206295424545e-14,1.7175376596180138e-14
1787945518201559244,8.221518431208059e-17,1.719961642615525e-14,1.7118156478966148e-14,1.7175376596180138e-14
1787945518301417820,8.225910137833216e-17,1.719961642615525e-14,1.7118112563837483e-14,1.7175376596180138e-14
1787945518401196808,8.23171955374777e-17,1.719961642615525e-14,1.7118054472241418e-14,1.7175376596180138e-14
1787945518500836640,8.23811494058528e-17,1.719961642615525e-14,1.7117990521194672e-14,1.7175376596180138e-14
1787945518600820718,8.242910959152719e-17,1.719961642615525e-14,1.7117942563125005e-14,1.7175376596180138e-14
1787945518700892498,8.248995875144935e-17,1.719961642615525e-14,1.7117881716649768e-14,1.7175376596180138e-14
1787945518800688488,8.254690008120295e-17,1.719961642615525e-14,1.71178247778323e-14,1.7175376596180138e-14
1787945518900665823,8.260962890729705e-17,1.719961642615525e-14,1.711776205177386e-14,1.7175376596180138e-14
1787945519000981204,8.26610358800057e-17,1.719961642615525e-14,1.711771064706929e-14,1.7175376596180138e-14
1787945519100656491,8.272790523157455e-17,1.719961642615525e-14,1.71176437806681e-14,1.7175376596180138e-14
1787945519200629829,8.279161379118785e-17,1.719961642615525e-14,1.7117580074919427e-14,1.7175376596180138e-14
1787945519300952643,8.284859543244155e-17,1.719961642615525e-14,1.711752309579233e-14,1.7175376596180138e-14
1787945519400742903,8.290694036793308e-17,1.719961642615525e-14,1.711746475343116e-14,1.7175376596180138e-14
1787945519500620774,8.296373739058027e-17,1.719961642615525e-14,1.7117407958914556e-14,1.7175376596180138e-14
1787945519600586238,8.302148594735795e-17,1.719961642615525e-14,1.7117350212905822e-14,1.7175376596180138e-14
1787945519700607845,8.307489333530512e-17,1.719961642615525e-14,1.7117296807874392e-14,1.7175376596180138e-14
1787945519800873323,8.31242833125736e-17,1.719961642615525e-14,1.7117247420076388e-14,1.7175376596180138e-14
1787945519900687347,8.317511201948902e-17,1.719961642615525e-14,1.711719659361223e-14,1.7175376596180138e-14
1787945520000583883,8.32351913926831e-17,1.719961642615525e-14,1.711713651688999e-14,1.7175376596180138e-14
1787945520100699424,8.328905683710257e-17,1.719961642615525e-14,1.7117082653822356e-14,1.7175376596180138e-14
1787945520200721993,8.334049617958865e-17,1.719961642615525e-14,1.7117031216749614e-14,1.7175376596180138e-14
1787945520300630882,8.339027027637572e-17,1.719961642615525e-14,1.711698144484911e-14,1.7175376596180138e-14
1787945520401099916,8.34398219456523e-17,1.719961642615525e-14,1.7116931895366314e-14,1.7175376596180138e-14
1787945520500635335,8.349809853195071e-17,1.719961642615525e-14,1.71168736213515e-14,1.7175376596180138e-14
1787945520600752529,8.355794175735496e-17,1.719961642615525e-14,1.711681378076673e-14,1.7175376596180138e-14
1787945520700698957,8.361245539140018e-17,1.719961642615525e-14,1.711675926953816e-14,1.7175376596180138e-14
1787945520800742335,8.365463445329409e-17,1.719961642615525e-14,1.7116717092337474e-14,1.7175376596180138e-14
1787945520900981604,8.369804621967756e-17,1.719961642615525e-14,1.7116673682486707e-14,1.7175376596180138e-14
1787945521000843787,8.374517111557868e-17,1.719961642615525e-14,1.7116626559670277e-14,1.7175376596180138e-14
1787945521100811244,8.380060914868511e-17,1.719961642615525e-14,1.711657112408349e-14,1.7175376596180138e-14
1787945521200781226,8.385639426091334e-17,1.719961642615525e-14,1.7116515341432915e-14,1.7175376596180138e-14
1787945521300686048,8.391103206155094e-17,1.719961642615525e-14,1.7116460706043312e-14,1.7175376596180138e-14
1787945521400953379,8.39571313404739e-17,1.719961642615525e-14,1.7116414608798657e-14,1.7175376596180138e-14
1787945521500685652,8.401606973203726e-17,1.719961642615525e-14,1.711635567300794e-14,1.7175376596180138e-14
1787945521600701939,8.406729828664634e-17,1.719961642615525e-14,1.711630444671397e-14,1.7175376596180138e-14
1787945521701097898,8.411666382013051e-17,1.719961642615525e-14,1.7116255083358925e-14,1.7175376596180138e-14
1787945521800844488,8.416538386957506e-17,1.719961642615525e-14,1.7116206365459443e-14,1.7175376596180138e-14
1787945521900897443,8.422234662829003e-17,1.719961642615525e-14,1.7116149405214455e-14,1.7175376596180138e-14
1787945522001165606,8.426650098105463e-17,1.719961642615525e-14,1.71161052528102e-14,1.7175376596180138e-14
1787945522101081678,8.432383503931427e-17,1.719961642615525e-14,1.7116047921282084e-14,1.7175376596180138e-14
1787945522200753138,8.437881020287228e-17,1.719961642615525e-14,1.711599294854458e-14,1.7175376596180138e-14
1787945522300660925,8.44301123659445e-17,1.719961642615525e-14,1.7115941648645492e-14,1.7175376596180138e-14
1787945522400970515,8.448863147176484e-17,1.719961642615525e-14,1.7115883132122158e-14,1.7175376596180138e-14
1787945522500983376,8.454630001254174e-17,1.719961642615525e-14,1.7115825466126345e-14,1.7175376596180138e-14
1787945522600783745,8.459283994257015e-17,1.719961642615525e-14,1.7115778928250185e-14,1.7175376596180138e-14
1787945522700908192,8.46456619937299e-17,1.719961642615525e-14,1.7115726108530136e-14,1.7175376596180138e-14
1787945522800882442,8.469539593721672e-17,1.719961642615525e-14,1.7115676376781494e-14,1.7175376596180138e-14
1787945522900880025,8.474839092422282e-17,1.719961642615525e-14,1.7115623384133265e-14,1.7175376596180138e-14
1787945523000988112,8.480597208295531e-17,1.719961642615525e-14,1.711556580551572e-14,1.7175376596180138e-14
1787945523100677255,8.485073633681342e-17,1.719961642615525e-14,1.711552104323742e-14,1.7175376596180138e-14
1787945523200703521,8.490394235479926e-17,1.719961642615525e-14,1.7115467839567565e-14,1.7175376596180138e-14
1787945523300792773,8.496627988951522e-17,1.719961642615525e-14,1.7115405504783997e-14,1.7175376596180138e-14
1787945523400742708,8.50217635022995e-17,1.719961642615525e-14,1.7115350023619895e-14,1.7175376596180138e-14
1787945523500657959,8.507651766827711e-17,1.719961642615525e-14,1.7115295271870418e-14,1.7175376596180138e-14
1787945523600660912,8.511450837949384e-17,1.719961642615525e-14,1.7115257282835882e-14,1.7175376596180138e-14
1787945523700670177,8.517052056936845e-17,1.719961642615525e-14,1.7115201273118056e-14,1.7175376596180138e-14
1787945523800857871,8.522606525416673e-17,1.719961642615525e-14,1.7115145730884694e-14,1.7175376596180138e-14
1787945523900649253,8.528592329110197e-17,1.719961642615525e-14,1.711508587548958e-14,1.7175376596180138e-14
1787945524000580373,8.533653740366086e-17,1.719961642615525e-14,1.7115035263610876e-14,1.7175376596180138e-14
1787945524101520778,8.538433768377275e-17,1.719961642615525e-14,1.7114987465440443e-14,1.7175376596180138e-14
1787945524201124994,8.543379636733243e-17,1.719961642615525e-14,1.711493800893977e-14,1.7175376596180138e-14
1787945524300924942,8.548389145721155e-17,1.719961642615525e-14,1.7114887916060873e-14,1.7175376596180138e-14
1787945524400721764,8.55345497420747e-17,1.719961642615525e-14,1.7114837260011867e-14,1.7175376596180138e-14
1787945524500525239,8.558319889123006e-17,1.719961642615525e-14,1.7114788613009905e-14,1.7175376596180138e-14
1787945524600599343,8.562681205007795e-17,1.719961642615525e-14,1.7114745001775994e-14,1.7175376596180138e-14
1787945524700822373,8.56667146309208e-17,1.719961642615525e-14,1.711470510095632e-14,1.7175376596180138e-14
1787945524801169642,8.569702293122347e-17,1.719961642615525e-14,1.7114674793993736e-14,1.7175376596180138e-14
1787945524900981922,8.574787130591131e-17,1.719961642615525e-14,1.711462394786335e-14,1.7175376596180138e-14
1787945525001196667,8.578763823589554e-17,1.719961642615525e-14,1.711458418268857e-14,1.7175376596180138e-14
1787945525100877865,8.583458867763081e-17,1.719961642615525e-14,1.711453723431912e-14,1.7175376596180138e-14
1787945525201277792,8.58853559926987e-17,1.719961642615525e-14,1.7114486469244812e-14,1.7175376596180138e-14
1787945525302227794,8.593168751014982e-17,1.719961642615525e-14,1.7114440139772345e-14,1.7175376596180138e-14
1787945525401705407,8.597941326695245e-17,1.719961642615525e-14,1.711439241612208e-14,1.7175376596180138e-14
1787945525501373551,8.601917062499599e-17,1.719961642615525e-14,1.7114352660518867e-14,1.7175376596180138e-14
1787945525601453166,8.606848085049206e-17,1.719961642615525e-14,1.7114303352469866e-14,1.7175376596180138e-14
1787945525701230392,8.612302839317598e-17,1.719961642615525e-14,1.711424880733486e-14,1.7175376596180138e-14
1787945525800754830,8.617335701317285e-17,1.719961642615525e-14,1.7114198480936334e-14,1.7175376596180138e-14
1787945525900975215,8.622102284600229e-17,1.719961642615525e-14,1.7114150817207457e-14,1.7175376596180138e-14
1787945526000680919,8.626558639374436e-17,1.719961642615525e-14,1.7114106255626743e-14,1.7175376596180138e-14
1787945526100823740,8.631698694604967e-17,1.719961642615525e-14,1.7114054857343266e-14,1.7175376596180138e-14
1787945526200744351,8.636798892561661e-17,1.719961642615525e-14,1.7114003857614943e-14,1.7175376596180138e-14
1787945526300650756,8.641957304210885e-17,1.719961642615525e-14,1.7113952275775404e-14,1.7175376596180138e-14
1787945526400601071,8.646509628916596e-17,1.719961642615525e-14,1.7113906754537785e-14,1.7175376596180138e-14
1787945526500972124,8.652950849285157e-17,1.719961642615525e-14,1.7113842345177327e-14,1.7175376596180138e-14
1787945526600775509,8.657925739227299e-17,1.719961642615525e-14,1.7113792598473893e-14,1.7175376596180138e-14
1787945526700731835,8.663182287183667e-17,1.719961642615525e-14,1.711374003531466e-14,1.7175376596180138e-14
1787945526800971476,8.667609132169496e-17,1.719961642615525e-14,1.7113695768818897e-14,1.7175376596180138e-14
1787945526900745165,8.672442343318627e-17,1.719961642615525e-14,1.7113647438840894e-14,1.7175376596180138e-14
1787945527000792430,8.678145417098468e-17,1.719961642615525e-14,1.711359041062057e-14,1.7175376596180138e-14
1787945527100752995,8.682348388340061e-17,1.719961642615525e-14,1.711354838276346e-14,1.7175376596180138e-14
1787945527200682171,8.687496295858566e-17,1.719961642615525e-14,1.7113496905960716e-14,1.7175376596180138e-14
1787945527300886386,8.692623880045621e-17,1.719961642615525e-14,1.7113445632382327e-14,1.7175376596180138e-14
1787945527400820402,8.69747659895585e-17,1.719961642615525e-14,1.7113397107335384e-14,1.7175376596180138e-14
1787945527500727307,8.701997919803211e-17,1.719961642615525e-14,1.7113351896122788e-14,1.7175376596180138e-14
1787945527600942643,8.706899596601433e-17,1.719961642615525e-14,1.7113302881518602e-14,1.7175376596180138e-14
1787945527700656051,8.711028259421804e-17,1.719961642615525e-14,1.711326159671296e-14,1.7175376596180138e-14
1787945527800902564,8.716607617881816e-17,1.719961642615525e-14,1.7113205805591338e-14,1.7175376596180138e-14
1787945527900528681,8.72177714329533e-17,1.719961642615525e-14,1.7113154112619278e-14,1.7175376596180138e-14
1787945528001851983,8.726950219950823e-17,1.719961642615525e-14,1.711310238413638e-14,1.7175376596180138e-14
1787945528100766756,8.731652108974896e-17,1.719961642615525e-14,1.7113055367321798e-14,1.7175376596180138e-14
1787945528200689450,8.736409480070635e-17,1.719961642615525e-14,1.7113007795711005e-14,1.7175376596180138e-14
1787945528300804691,8.740869754588266e-17,1.719961642615525e-14,1.7112963194934852e-14,1.7175376596180138e-14
1787945528400679457,8.745770307929972e-17,1.719961642615525e-14,1.7112914191564832e-14,1.7175376596180138e-14
1787945528500664998,8.750995845893556e-17,1.719961642615525e-14,1.7112861938492075e-14,1.7175376596180138e-14
1787945528601129404,8.75457582723545e-17,1.719961642615525e-14,1.7112826140259092e-14,1.7175376596180138e-14
1787945528700983081,8.758832831693543e-17,1.719961642615525e-14,1.7112783572093834e-14,1.7175376596180138e-14
1787945528801113409,8.764005997571141e-17,1.719961642615525e-14,1.7112731842718853e-14,1.7175376596180138e-14
1787945528900830704,8.769523942618585e-17,1.719961642615525e-14,1.7112676665704392e-14,1.7175376596180138e-14
1787945529001050799,8.774722346772711e-17,1.719961642615525e-14,1.7112624683957816e-14,1.7175376596180138e-14
1787945529100789714,8.77914947118488e-17,1.719961642615525e-14,1.711258041466817e-14,1.7175376596180138e-14
1787945529201073015,8.784638553726246e-17,1.719961642615525e-14,1.7112525526266072e-14,1.7175376596180138e-14
1787945529300725921,8.788814277717611e-17,1.719961642615525e-14,1.7112483770869667e-14,1.7175376596180138e-14
1787945529401319566,8.79407997983112e-17,1.719961642615525e-14,1.711243111617326e-14,1.7175376596180138e-14
1787945529501289598,8.799812350597773e-17,1.719961642615525e-14,1.711237379499636e-14,1.7175376596180138e-14
1787945529600859471,8.804671647034425e-17,1.719961642615525e-14,1.7112325204177328e-14,1.7175376596180138e-14
1787945529701874434,8.809375290803619e-17,1.719961642615525e-14,1.7112278169816262e-14,1.7175376596180138e-14
1787945529800950514,8.813640198751279e-17,1.719961642615525e-14,1.711223552261972e-14,1.7175376596180138e-14
1787945529901259853,8.817921960334617e-17,1.719961642615525e-14,1.711219270689427e-14,1.7175376596180138e-14
1787945530001382237,8.823456535075568e-17,1.719961642615525e-14,1.7112137363590374e-14,1.7175376596180138e-14
1787945530101609655,8.828685891154186e-17,1.719961642615525e-14,1.7112085072338364e-14,1.7175376596180138e-14
1787945530200935677,8.835157745027463e-17,1.719961642615525e-14,1.711202035665699e-14,1.7175376596180138e-14
1787945530300770560,8.840256061475536e-17,1.719961642615525e-14,1.7111969375743456e-14,1.7175376596180138e-14
1787945530400717810,8.844377025673525e-17,1.719961642615525e-14,1.7111928167920926e-14,1.7175376596180138e-14
1787945530500959634,8.849346852347794e-17,1.719961642615525e-14,1.711187847184843e-14,1.7175376596180138e-14
1787945530600830243,8.854436105247419e-17,1.719961642615525e-14,1.711182758156642e-14,1.7175376596180138e-14
1787945530700727140,8.858597065688143e-17,1.719961642615525e-14,1.7111785973799152e-14,1.7175376596180138e-14
1787945530800989673,8.863224876643907e-17,1.719961642615525e-14,1.7111739697732866e-14,1.7175376596180138e-14
1787945530900759465,8.867612230397138e-17,1.719961642615525e-14,1.711169582613245e-14,1.7175376596180138e-14
1787945531000748051,8.87239171376049e-17,1.719961642615525e-14,1.711164803340908e-14,1.7175376596180138e-14
1787945531100626735,8.878442816913864e-17,1.719961642615525e-14,1.7111587525049278e-14,1.7175376596180138e-14
1787945531200625220,8.884503366284596e-17,1.719961642615525e-14,1.711152692223149e-14,1.7175376596180138e-14
1787945531300779532,8.889423032389549e-17,1.719961642615525e-14,1.711147772774264e-14,1.7175376596180138e-14
1787945531400791111,8.8934854079558e-17,1.719961642615525e-14,1.7111437105780665e-14,1.7175376596180138e-14
1787945531500819882,8.898341170439376e-17,1.719961642615525e-14,1.7111388550299833e-14,1.7175376596180138e-14
1787945531600739431,8.904157164035005e-17,1.719961642615525e-14,1.7111330392931878e-14,1.7175376596180138e-14
1787945531700739820,8.909283852332421e-17,1.719961642615525e-14,1.7111279128312564e-14,1.7175376596180138e-14
1787945531801361456,8.914599679595618e-17,1.719961642615525e-14,1.711122597238712e-14,1.7175376596180138e-14
1787945531900851441,8.919906999047576e-17,1.719961642615525e-14,1.711117290153604e-14,1.7175376596180138e-14
1787945532001079059,8.923979767961284e-17,1.719961642615525e-14,1.7111132175645242e-14,1.7175376596180138e-14
1787945532101007535,8.929089830389005e-17,1.719961642615525e-14,1.7111081077277338e-14,1.7175376596180138e-14
1787945532201367598,8.934329485555389e-17,1.719961642615525e-14,1.711102868303928e-14,1.7175376596180138e-14
1787945532301784305,8.939146092806774e-17,1.719961642615525e-14,1.7110980519093586e-14,1.7175376596180138e-14
1787945532401641609,8.945239094098079e-17,1.719961642615525e-14,1.7110919591771112e-14,1.7175376596180138e-14
1787945532501544908,8.950691701519898e-17,1.719961642615525e-14,1.7110865068104575e-14,1.7175376596180138e-14
1787945532601390340,8.955556024927783e-17,1.719961642615525e-14,1.7110816427018427e-14,1.7175376596180138e-14
1787945532700789638,8.959941254043999e-17,1.719961642615525e-14,1.7110772576663654e-14,1.7175376596180138e-14
1787945532800952366,8.964647092896357e-17,1.719961642615525e-14,1.7110725520353098e-14,1.7175376596180138e-14
1787945532901489817,8.970263862625515e-17,1.719961642615525e-14,1.7110669355136037e-14,1.7175376596180138e-14
1787945533001071642,8.975519717421688e-17,1.719961642615525e-14,1.7110616798908944e-14,1.7175376596180138e-14
1787945533101235823,8.980997199984057e-17,1.719961642615525e-14,1.711056202650207e-14,1.7175376596180138e-14
1787945533201118143,8.985287245952666e-17,1.719961642615525e-14,1.7110519127936803e-14,1.7175376596180138e-14
1787945533300971510,8.989971476753306e-17,1.719961642615525e-14,1.7110472287697288e-14,1.7175376596180138e-14
1787945533400640085,8.995879382225626e-17,1.719961642615525e-14,1.7110413211251426e-14,1.7175376596180138e-14
1787945533500828161,9.000013842416288e-17,1.719961642615525e-14,1.711037186847526e-14,1.7175376596180138e-14
1787945533600857102,9.004995353846458e-17,1.719961642615525e-14,1.711032205556076e-14,1.7175376596180138e-14
1787945533700986599,9.009946281579182e-17,1.719961642615525e-14,1.7110272548469745e-14,1.7175376596180138e-14
1787945533801527316,9.01495269844054e-17,1.719961642615525e-14,1.711022248651196e-14,1.7175376596180138e-14
1787945533900751850,9.020512717018838e-17,1.719961642615525e-14,1.7110166888781487e-14,1.7175376596180138e-14
1787945534000892047,9.025016411186655e-17,1.719961642615525e-14,1.7110121853828658e-14,1.7175376596180138e-14
1787945534100963337,9.029750794773142e-17,1.719961642615525e-14,1.7110074512083527e-14,1.7175376596180138e-14
1787945534200958946,9.034731308230862e-17,1.719961642615525e-14,1.711002470914839e-14,1.7175376596180138e-14
1787945534300599319,9.039908555897007e-17,1.719961642615525e-14,1.7109972938958058e-14,1.7175376596180138e-14
1787945534401111073,9.045298565341986e-17,1.719961642615525e-14,1.7109919041243915e-14,1.7175376596180138e-14
1787945534501013530,9.050217328207818e-17,1.719961642615525e-14,1.7109869855787464e-14,1.7175376596180138e-14
1787945534600781910,9.055391655600458e-17,1.719961642615525e-14,1.7109818114798624e-14,1.7175376596180138e-14
1787945534701095487,9.05990109091425e-17,1.719961642615525e-14,1.7109773022436948e-14,1.7175376596180138e-14
1787945534800974361,9.064728533092968e-17,1.719961642615525e-14,1.710972475014708e-14,1.7175376596180138e-14
1787945534901417467,9.068417392776602e-17,1.719961642615525e-14,1.710968786317934e-14,1.7175376596180138e-14
1787945535001229638,9.072719241228223e-17,1.719961642615525e-14,1.7109644846594644e-14,1.7175376596180138e-14
1787945535101359796,9.076952985384995e-17,1.719961642615525e-14,1.7109602511022827e-14,1.7175376596180138e-14
1787945535201264258,9.082347555819473e-17,1.719961642615525e-14,1.7109548567700906e-14,1.7175376596180138e-14
1787945535301323645,9.086824586131175e-17,1.719961642615525e-14,1.7109503799375005e-14,1.7175376596180138e-14
1787945535401362555,9.09095988292382e-17,1.719961642615525e-14,1.7109462448233384e-14,1.7175376596180138e-14
1787945535501089528,9.094495396899199e-17,1.719961642615525e-14,1.710942709465506e-14,1.7175376596180138e-14
1787945535601069058,9.099942401747325e-17,1.719961642615525e-14,1.7109372627012205e-14,1.7175376596180138e-14
1787945535701158441,9.104660965013079e-17,1.719961642615525e-14,1.710932544346348e-14,1.7175376596180138e-14
1787945535801103086,9.109363547115285e-17,1.719961642615525e-14,1.7109278419719336e-14,1.7175376596180138e-14
1787945535901117611,9.114234120060193e-17,1.719961642615525e-14,1.7109229716140977e-14,1.7175376596180138e-14
1787945536001068347,9.119052806565292e-17,1.719961642615525e-14,1.710918153140411e-14,1.7175376596180138e-14
1787945536101135399,9.124681299439102e-17,1.719961642615525e-14,1.7109125248961225e-14,1.7175376596180138e-14
1787945536201202871,9.129523498885614e-17,1.719961642615525e-14,1.7109076829105356e-14,1.7175376596180138e-14
1787945536300799384,9.133587242938057e-17,1.719961642615525e-14,1.7109036193459626e-14,1.7175376596180138e-14
1787945536401377049,9.137410512712087e-17,1.719961642615525e-14,1.7108997962450476e-14,1.7175376596180138e-14
1787945536500730812,9.142707258218883e-17,1.719961642615525e-14,1.7108944997334795e-14,1.7175376596180138e-14
1787945536600936009,9.147146529325271e-17,1.719961642615525e-14,1.710890060658441e-14,1.7175376596180138e-14
1787945536700718024,9.151824865118921e-17,1.719961642615525e-14,1.7108853825292752e-14,1.7175376596180138e-14
1787945536800651319,9.156629861647607e-17,1.719961642615525e-14,1.7108805777449697e-14,1.7175376596180138e-14
1787945536901061885,9.161934458711446e-17,1.719961642615525e-14,1.7108752733821963e-14,1.7175376596180138e-14
1787945537000822390,9.166561184168746e-17,1.719961642615525e-14,1.7108706468610908e-14,1.7175376596180138e-14
1787945537101123054,9.170719141008962e-17,1.719961642615525e-14,1.710866489087899e-14,1.7175376596180138e-14
1787945537200751215,9.175397843923415e-17,1.719961642615525e-14,1.7108618105916342e-14,1.7175376596180138e-14
1787945537300813948,9.180669461718965e-17,1.719961642615525e-14,1.7108565392066775e-14,1.7175376596180138e-14
1787945537400695417,9.184930017667724e-17,1.719961642615525e-14,1.710852278838912e-14,1.7175376596180138e-14
1787945537500632669,9.189931355687122e-17,1.719961642615525e-14,1.710847277721796e-14,1.7175376596180138e-14
1787945537600735406,9.194463885762838e-17,1.719961642615525e-14,1.7108427453919184e-14,1.7175376596180138e-14
1787945537700914996,9.198715511341067e-17,1.719961642615525e-14,1.7108384939541318e-14,1.7175376596180138e-14
1787945537800704805,9.202869455416856e-17,1.719961642615525e-14,1.710834340193534e-14,1.7175376596180138e-14
1787945537900954024,9.208336791528712e-17,1.719961642615525e-14,1.7108288730989133e-14,1.7175376596180138e-14
1787945538000604766,9.213054328507816e-17,1.719961642615525e-14,1.7108241557703083e-14,1.7175376596180138e-14
1787945538100615273,9.217449335440411e-17,1.719961642615525e-14,1.7108197609575047e-14,1.7175376596180138e-14
1787945538200678558,9.221834097611765e-17,1.719961642615525e-14,1.7108153763890107e-14,1.7175376596180138e-14
1787945538301315803,9.227203521324295e-17,1.719961642615525e-14,1.7108100072024702e-14,1.7175376596180138e-14
1787945538401331460,9.23173088313554e-17,1.719961642615525e-14,1.7108054800406373e-14,1.7175376596180138e-14
1787945538501226935,9.236411423108905e-17,1.719961642615525e-14,1.7108007997074094e-14,1.7175376596180138e-14
1787945538600890321,9.241738182706751e-17,1.719961642615525e-14,1.710795473183103e-14,1.7175376596180138e-14
1787945538700937395,9.245568156717447e-17,1.719961642615525e-14,1.710791643378269e-14,1.7175376596180138e-14
1787945538800843600,9.25072553283583e-17,1.719961642615525e-14,1.7107864862299626e-14,1.7175376596180138e-14
1787945538900923726,9.256094790383463e-17,1.719961642615525e-14,1.7107811172095878e-14,1.7175376596180138e-14
1787945539000972183,9.262182745605256e-17,1.719961642615525e-14,1.7107750295232863e-14,1.7175376596180138e-14
1787945539100775317,9.26694433273224e-17,1.719961642615525e-14,1.7107702681464924e-14,1.7175376596180138e-14
1787945539200882934,9.271515108478747e-17,1.719961642615525e-14,1.7107656975726515e-14,1.7175376596180138e-14
1787945539300755797,9.276220353857247e-17,1.719961642615525e-14,1.7107609925351194e-14,1.7175376596180138e-14
1787945539400881717,9.279908643978812e-17,1.719961642615525e-14,1.710757304407923e-14,1.7175376596180138e-14
1787945539501121859,9.284538744811783e-17,1.719961642615525e-14,1.7107526745116192e-14,1.7175376596180138e-14
1787945539601394901,9.288714480124996e-17,1.719961642615525e-14,1.7107484989607648e-14,1.7175376596180138e-14
1787945539701648427,9.293650719321287e-17,1.719961642615525e-14,1.7107435629396233e-14,1.7175376596180138e-14
1787945539801161135,9.298473710866099e-17,1.719961642615525e-14,1.7107387401611314e-14,1.7175376596180138e-14
1787945539901091354,9.302534928300815e-17,1.719961642615525e-14,1.7107346791231004e-14,1.7175376596180138e-14
1787945540001119043,9.307376758331399e-17,1.719961642615525e-14,1.7107298375069572e-14,1.7175376596180138e-14
1787945540101350759,9.311738222273677e-17,1.719961642615525e-14,1.7107254762356837e-14,1.7175376596180138e-14
1787945540201073815,9.316734779226229e-17,1.719961642615525e-14,1.7107204798994563e-14,1.7175376596180138e-14
1787945540301047744,9.321015420012355e-17,1.719961642615525e-14,1.7107161994477704e-14,1.7175376596180138e-14
1787945540401109486,9.327047596174354e-17,1.719961642615525e-14,1.7107101675380854e-14,1.7175376596180138e-14
1787945540500747876,9.331277599298845e-17,1.719961642615525e-14,1.7107059377218264e-14,1.7175376596180138e-14
1787945540601096268,9.336030343630824e-17,1.719961642615525e-14,1.710701185187454e-14,1.7175376596180138e-14
1787945540701028130,9.341669862311123e-17,1.719961642615525e-14,1.7106955459179088e-14,1.7175376596180138e-14
1787945540801526869,9.346459899647913e-17,1.719961642615525e-14,1.710690756092182e-14,1.7175376596180138e-14
1787945540901402978,9.350906961813447e-17,1.719961642615525e-14,1.7106863092264748e-14,1.7175376596180138e-14
1787945541001131474,9.356272546786459e-17,1.719961642615525e-14,1.71068094387854e-14,1.7175376596180138e-14
1787945541101186674,9.36098435652953e-17,1.719961642615525e-14,1.710676232276954e-14,1.7175376596180138e-14
1787945541201143151,9.36526484837267e-17,1.719961642615525e-14,1.7106719519742143e-14,1.7175376596180138e-14
1787945541300772735,9.370338652081334e-17,1.719961642615525e-14,1.7106668783946573e-14,1.7175376596180138e-14
1787945541400580237,9.37411067783313e-17,1.719961642615525e-14,1.7106631065355476e-14,1.7175376596180138e-14
1787945541500731324,9.379061469113244e-17,1.719961642615525e-14,1.710658155962987e-14,1.7175376596180138e-14
1787945541600577347,9.383679186812484e-17,1.719961642615525e-14,1.7106535384492933e-14,1.7175376596180138e-14
1787945541700920790,9.387083818277956e-17,1.719961642615525e-14,1.7106501339682415e-14,1.7175376596180138e-14
1787945541800635200,9.392216081268023e-17,1.719961642615525e-14,1.7106450019319914e-14,1.7175376596180138e-14
1787945541900630229,9.397169381560677e-17,1.719961642615525e-14,1.7106400488505338e-14,1.7175376596180138e-14
1787945542000591024,9.402441225184884e-17,1.719961642615525e-14,1.7106347772398186e-14,1.7175376596180138e-14
1787945542100561027,9.40684093802524e-17,1.719961642615525e-14,1.710630377721358e-14,1.7175376596180138e-14
1787945542200807119,9.411396138588408e-17,1.719961642615525e-14,1.7106258227220454e-14,1.7175376596180138e-14
1787945542300586860,9.417126194006015e-17,1.719961642615525e-14,1.710620092919785e-14,1.7175376596180138e-14
1787945542400749619,9.421304497018059e-17,1.719961642615525e-14,1.710615914801374e-14,1.7175376596180138e-14
1787945542500948885,9.425944824270376e-17,1.719961642615525e-14,1.7106112746791368e-14,1.7175376596180138e-14
1787945542600653577,9.431251253334445e-17,1.719961642615525e-14,1.7106059684845176e-14,1.7175376596180138e-14
1787945542701216936,9.436178714636245e-17,1.719961642615525e-14,1.710601041240919e-14,1.7175376596180138e-14
1787945542801343548,9.43902573956622e-17,1.719961642615525e-14,1.710598194341776e-14,1.7175376596180138e-14
1787945542901307760,9.443948037372486e-17,1.719961642615525e-14,1.7105932722614467e-14,1.7175376596180138e-14
1787945543001154945,9.450281106674944e-17,1.719961642615525e-14,1.710586939471954e-14,1.7175376596180138e-14
1787945543100756627,9.455156655054256e-17,1.719961642615525e-14,1.710582064138989e-14,1.7175376596180138e-14
1787945543201085733,9.459383505000196e-17,1.719961642615525e-14,1.7105778374757974e-14,1.7175376596180138e-14
1787945543301289788,9.463860433262478e-17,1.719961642615525e-14,1.7105733607453395e-14,1.7175376596180138e-14
1787945543400953164,9.469606473196916e-17,1.719961642615525e-14,1.710567614959284e-14,1.7175376596180138e-14
1787945543501065209,9.4754374128426e-17,1.719961642615525e-14,1.7105617842772707e-14,1.7175376596180138e-14
1787945543601041954,9.48029326620608e-17,1.719961642615525e-14,1.7105569286384578e-14,1.7175376596180138e-14
1787945543701182491,9.484575476277692e-17,1.719961642615525e-14,1.710552646617592e-14,1.7175376596180138e-14
1787945543801011403,9.48969845292169e-17,1.719961642615525e-14,1.710547523867303e-14,1.7175376596180138e-14
1787945543900994390,9.495073883381368e-17,1.719961642615525e-14,1.7105421486743552e-14,1.7175376596180138e-14
1787945544001083793,9.498838731182375e-17,1.719961642615525e-14,1.7105383839929034e-14,1.7175376596180138e-14
1787945544101095092,9.504043991676668e-17,1.719961642615525e-14,1.7105331789624043e-14,1.7175376596180138e-14
1787945544201094318,9.509566178513099e-17,1.719961642615525e-14,1.7105276570195678e-14,1.7175376596180138e-14
1787945544301127087,9.513181122522354e-17,1.719961642615525e-14,1.710524042235287e-14,1.7175376596180138e-14
1787945544400786515,9.517015974559694e-17,1.719961642615525e-14,1.7105202075526958e-14,1.7175376596180138e-14
1787945544500730680,9.521473916293153e-17,1.719961642615525e-14,1.710515749807941e-14,1.7175376596180138e-14
1787945544600622759,9.526357710235863e-17,1.719961642615525e-14,1.710510866229795e-14,1.7175376596180138e-14
1787945544700642764,9.532005370669574e-17,1.719961642615525e-14,1.710505218818912e-14,1.7175376596180138e-14
1787945544801295357,9.536635972348366e-17,1.719961642615525e-14,1.710500588421845e-14,1.7175376596180138e-14
1787945544900854841,9.542081329348282e-17,1.719961642615525e-14,1.7104951433054593e-14,1.7175376596180138e-14
1787945545000685526,9.54629745737136e-17,1.719961642615525e-14,1.7104909273637358e-14,1.7175376596180138e-14
1787945545100650860,9.550740471937342e-17,1.719961642615525e-14,1.7104864845454953e-14,1.7175376596180138e-14
1787945545200584996,9.556055138129085e-17,1.719961642615525e-14,1.7104811701141475e-14,1.7175376596180138e-14
1787945545300737797,9.561269318381657e-17,1.719961642615525e-14,1.710475956164299e-14,1.7175376596180138e-14
1787945545400688925,9.566469043085774e-17,1.719961642615525e-14,1.7104707566693623e-14,1.7175376596180138e-14
1787945545501022569,9.570122809901327e-17,1.719961642615525e-14,1.7104671030640016e-14,1.7175376596180138e-14
1787945545600705641,9.574404715245171e-17,1.719961642615525e-14,1.71046282134787e-14,1.7175376596180138e-14
1787945545700985076,9.57942941594452e-17,1.719961642615525e-14,1.710457796869207e-14,1.7175376596180138e-14
1787945545801647598,9.583088764835884e-17,1.719961642615525e-14,1.7104541376820194e-14,1.7175376596180138e-14
1787945545901102849,9.588089058000704e-17,1.719961642615525e-14,1.710449137609815e-14,1.7175376596180138e-14
1787945546000802652,9.593109983349122e-17,1.719961642615525e-14,1.71044411690634e-14,1.7175376596180138e-14
1787945546101292115,9.596902565625093e-17,1.719961642615525e-14,1.710440324491658e-14,1.7175376596180138e-14
1787945546201228916,9.601993402190494e-17,1.719961642615525e-14,1.7104352338800575e-14,1.7175376596180138e-14
1787945546301212434,9.606397038943869e-17,1.719961642615525e-14,1.7104308304379025e-14,1.7175376596180138e-14
1787945546401069457,9.611225713097437e-17,1.719961642615525e-14,1.7104260019771316e-14,1.7175376596180138e-14
1787945546501022308,9.615699562193458e-17,1.719961642615525e-14,1.710421528325739e-14,1.7175376596180138e-14
1787945546601126849,9.620346162210432e-17,1.719961642615525e-14,1.7104168819310606e-14,1.7175376596180138e-14
1787945546701065334,9.625485749579621e-17,1.719961642615525e-14,1.710411742570817e-14,1.7175376596180138e-14
1787945546801349056,9.630811536354729e-17,1.719961642615525e-14,1.7104064170193968e-14,1.7175376596180138e-14
1787945546901141480,9.636326788919792e-17,1.719961642615525e-14,1.7104009020105618e-14,1.7175376596180138e-14
1787945547001179619,9.642140327820533e-17,1.719961642615525e-14,1.7103950887285745e-14,1.7175376596180138e-14
1787945547101433726,9.646883336135262e-17,1.719961642615525e-14,1.710390345929865e-14,1.7175376596180138e-14
1787945547201393480,9.651189827523e-17,1.719961642615525e-14,1.710386039628793e-14,1.7175376596180138e-14
1787945547301524220,9.655472870975581e-17,1.719961642615525e-14,1.7103817567746205e-14,1.7175376596180138e-14
1787945547401093902,9.660074202741279e-17,1.719961642615525e-14,1.7103771556462025e-14,1.7175376596180138e-14
1787945547501009384,9.665640260395798e-17,1.719961642615525e-14,1.7103715898345315e-14,1.7175376596180138e-14
1787945547600940415,9.670471809038187e-17,1.719961642615525e-14,1.710366758499413e-14,1.7175376596180138e-14
1787945547701045768,9.675128950819846e-17,1.719961642615525e-14,1.710362101563449e-14,1.7175376596180138e-14
1787945547801003638,9.679927120880423e-17,1.719961642615525e-14,1.71035730360544e-14,1.7175376596180138e-14
1787945547901155116,9.685768123887777e-17,1.719961642615525e-14,1.710351462860573e-14,1.7175376596180138e-14
1787945548001127713,9.691699080383001e-17,1.719961642615525e-14,1.710345532166195e-14,1.7175376596180138e-14
1787945548101404893,9.69830943467195e-17,1.719961642615525e-14,1.7103389221040514e-14,1.7175376596180138e-14
1787945548201068339,9.702788345897461e-17,1.719961642615525e-14,1.710334443390773e-14,1.7175376596180138e-14
1787945548301147113,9.707040952689129e-17,1.719961642615525e-14,1.710330190971928e-14,1.7175376596180138e-14
1787945548401115132,9.712860005519944e-17,1.719961642615525e-14,1.7103243721762755e-14,1.7175376596180138e-14
1787945548500617250,9.717956243616084e-17,1.719961642615525e-14,1.7103192761634135e-14,1.7175376596180138e-14
1787945548600747318,9.723025946645361e-17,1.719961642615525e-14,1.710314206684447e-14,1.7175376596180138e-14
1787945548700666948,9.72772701728209e-17,1.719961642615525e-14,1.710309505821582e-14,1.7175376596180138e-14
1787945548800934490,9.732255587390298e-17,1.719961642615525e-14,1.7103049774516228e-14,1.7175376596180138e-14
1787945548900769443,9.737333806711019e-17,1.719961642615525e-14,1.710299899456745e-14,1.7175376596180138e-14
1787945549001256511,9.742405614606067e-17,1.719961642615525e-14,1.7102948278730108e-14,1.7175376596180138e-14
1787945549100533033,9.747324443935923e-17,1.719961642615525e-14,1.710289909261082e-14,1.7175376596180138e-14
1787945549200509437,9.752490773994211e-17,1.719961642615525e-14,1.7102847431593648e-14,1.7175376596180138e-14
1787945549300524483,9.757668154633443e-17,1.719961642615525e-14,1.7102795660075566e-14,1.7175376596180138e-14
1787945549400455373,9.762613360032687e-17,1.719961642615525e-14,1.710274621020728e-14,1.7175376596180138e-14
1787945549500572818,9.767647483183572e-17,1.719961642615525e-14,1.7102695871200788e-14,1.7175376596180138e-14
1787945549600510100,9.772264441090731e-17,1.719961642615525e-14,1.7102649703662366e-14,1.7175376596180138e-14
1787945549701070795,9.777918840304202e-17,1.719961642615525e-14,1.7102593162169435e-14,1.7175376596180138e-14
1787945549800699286,9.783975677355162e-17,1.719961642615525e-14,1.7102532596476022e-14,1.7175376596180138e-14
1787945549900788449,9.788641817699777e-17,1.719961642615525e-14,1.7102485937135e-14,1.7175376596180138e-14
1787945550000794308,9.791407130980672e-17,1.719961642615525e-14,1.710245828522446e-14,1.7175376596180138e-14
1787945550100688951,9.795918330891014e-17,1.719961642615525e-14,1.710241317521932e-14,1.7175376596180138e-14
1787945550201073600,9.801967321429602e-17,1.719961642615525e-14,1.7102352687987618e-14,1.7175376596180138e-14
1787945550300721948,9.806601410611982e-17,1.719961642615525e-14,1.7102306349144096e-14,1.7175376596180138e-14
1787945550400691640,9.812065780615781e-17,1.719961642615525e-14,1.7102251707859364e-14,1.7175376596180138e-14
1787945550500902588,9.816621047814296e-17,1.719961642615525e-14,1.7102206157200867e-14,1.7175376596180138e-14
1787945550601244218,9.821091970747337e-17,1.719961642615525e-14,1.7102161449947754e-14,1.7175376596180138e-14
1787945550701217126,9.826507616321965e-17,1.719961642615525e-14,1.7102107295885816e-14,1.7175376596180138e-14
1787945550800786488,9.832286333001805e-17,1.719961642615525e-14,1.710204951127333e-14,1.7175376596180138e-14
1787945550901135501,9.837163982777496e-17,1.719961642615525e-14,1.7102000736931606e-14,1.7175376596180138e-14
1787945551000748754,9.841471818116205e-17,1.719961642615525e-14,1.7101957660482394e-14,1.7175376596180138e-14
1787945551100771555,9.845328119489456e-17,1.719961642615525e-14,1.7101919099173254e-14,1.7175376596180138e-14
1787945551200858313,9.850420735023562e-17,1.719961642615525e-14,1.7101868175269005e-14,1.7175376596180138e-14
1787945551301276644,9.854778198474585e-17,1.719961642615525e-14,1.7101824602560637e-14,1.7175376596180138e-14
1787945551401281682,9.861193572245032e-17,1.719961642615525e-14,1.7101760451658755e-14,1.7175376596180138e-14
1787945551501535358,9.866456771130667e-17,1.719961642615525e-14,1.7101707821996433e-14,1.7175376596180138e-14
1787945551601628799,9.870896724600316e-17,1.719961642615525e-14,1.7101663424424378e-14,1.7175376596180138e-14
1787945551700794265,9.875886236726543e-17,1.719961642615525e-14,1.71016135315087e-14,1.7175376596180138e-14
1787945551801056818,9.880950752945817e-17,1.719961642615525e-14,1.7101562888585256e-14,1.7175376596180138e-14
1787945551901600111,9.886743320351129e-17,1.719961642615525e-14,1.7101504965471796e-14,1.7175376596180138e-14
1787945552001257966,9.891377508715016e-17,1.719961642615525e-14,1.710145862563671e-14,1.7175376596180138e-14
1787945552101059007,9.895411100171945e-17,1.719961642615525e-14,1.7101418291505203e-14,1.7175376596180138e-14
1787945552201427967,9.899130315066212e-17,1.719961642615525e-14,1.710138110100036e-14,1.7175376596180138e-14
1787945552301114426,9.904008700170688e-17,1.719961642615525e-14,1.7101332319305847e-14,1.7175376596180138e-14
1787945552401081823,9.908865030108042e-17,1.719961642615525e-14,1.7101283758153264e-14,1.7175376596180138e-14
1787945552500602846,9.913485647101514e-17,1.719961642615525e-14,1.7101237554025933e-14,1.7175376596180138e-14
1787945552600889725,9.918882690019088e-17,1.719961642615525e-14,1.7101183585982604e-14,1.7175376596180138e-14
1787945552701167155,9.923475161798546e-17,1.719961642615525e-14,1.710113766329499e-14,1.7175376596180138e-14
1787945552800640260,9.929072343096372e-17,1.719961642615525e-14,1.7101081693956365e-14,1.7175376596180138e-14
1787945552900909856,9.933770141481289e-17,1.719961642615525e-14,1.7101034718049287e-14,1.7175376596180138e-14
1787945553000864170,9.940074705448268e-17,1.719961642615525e-14,1.7100971675196717e-14,1.7175376596180138e-14
1787945553102568267,9.942897935040298e-17,1.719961642615525e-14,1.7100943444148883e-14,1.7175376596180138e-14
1787945553201302917,9.947935260346954e-17,1.719961642615525e-14,1.710089307312272e-14,1.7175376596180138e-14
1787945553301429078,9.952461320073291e-17,1.719961642615525e-14,1.7100847814526353e-14,1.7175376596180138e-14
1787945553401690620,9.957005053543567e-17,1.719961642615525e-14,1.7100802379200368e-14,1.7175376596180138e-14
1787945553501288144,9.962344997323998e-17,1.719961642615525e-14,1.710074898212329e-14,1.7175376596180138e-14
1787945553600923839,9.967271671722038e-17,1.719961642615525e-14,1.7100699717557344e-14,1.7175376596180138e-14
1787945553701147661,9.97133778712255e-17,1.719961642615525e-14,1.7100659058200942e-14,1.7175376596180138e-14
1787945553800862662,9.976074803866511e-17,1.719961642615525e-14,1.7100611690127713e-14,1.7175376596180138e-14
1787945553901213669,9.981355862371983e-17,1.719961642615525e-14,1.7100558881877408e-14,1.7175376596180138e-14
1787945554001093265,9.986939544768526e-17,1.719961642615525e-14,1.710050304752199e-14,1.7175376596180138e-14
1787945554101104834,9.991770556115548e-17,1.719961642615525e-14,1.7100454739544324e-14,1.7175376596180138e-14
1787945554201029443,9.996415052923948e-17,1.719961642615525e-14,1.7100408296629598e-14,1.7175376596180138e-14
1787945554300765343,1.0001689140285716e-16,1.719961642615525e-14,1.71003555580877e-14,1.7175376596180138e-14
1787945554401128102,1.0006308926305223e-16,1.719961642615525e-14,1.7100309362269962e-14,1.7175376596180138e-14
1787945554501098676,1.001114385724456e-16,1.719961642615525e-14,1.710026101509816e-14,1.7175376596180138e-14
1787945554600725354,1.0014885932079347e-16,1.719961642615525e-14,1.7100223596004238e-14,1.7175376596180138e-14
1787945554701160556,1.0020638869889445e-16,1.719961642615525e-14,1.7100166069169615e-14,1.7175376596180138e-14
1787945554801140978,1.0025410401678861e-16,1.719961642615525e-14,1.7100118355961315e-14,1.7175376596180138e-14
1787945554900681207,1.0030887744195968e-16,1.719961642615525e-14,1.7100063584957804e-14,1.7175376596180138e-14
1787945555001179516,1.0036267144645163e-16,1.719961642615525e-14,1.7100009793331685e-14,1.7175376596180138e-14
1787945555101173272,1.0041340189147938e-16,1.719961642615525e-14,1.70999590651296e-14,1.7175376596180138e-14
1787945555201003747,1.0045459203292785e-16,1.719961642615525e-14,1.7099917876809294e-14,1.7175376596180138e-14
1787945555300832369,1.0050725303348168e-16,1.719961642615525e-14,1.709986521813706e-14,1.7175376596180138e-14
1787945555401224462,1.0055193052173424e-16,1.719961642615525e-14,1.709982054262416e-14,1.7175376596180138e-14
1787945555501344431,1.0060355813385125e-16,1.719961642615525e-14,1.70997689172947e-14,1.7175376596180138e-14
1787945555601232813,1.0065078520305526e-16,1.719961642615525e-14,1.7099721692313602e-14,1.7175376596180138e-14
1787945555701157853,1.0070132810096064e-16,1.719961642615525e-14,1.709967115165042e-14,1.7175376596180138e-14
1787945555801189219,1.0075917908191245e-16,1.719961642615525e-14,1.709961330322733e-14,1.7175376596180138e-14
1787945555901019684,1.0079943998966343e-16,1.719961642615525e-14,1.709957304409971e-14,1.7175376596180138e-14
1787945556001411075,1.0084616414291742e-16,1.719961642615525e-14,1.7099526322012373e-14,1.7175376596180138e-14
1787945556101196267,1.0088927378892081e-16,1.719961642615525e-14,1.7099483214272478e-14,1.7175376596180138e-14
1787945556201338638,1.0092624146687612e-16,1.719961642615525e-14,1.709944624822907e-14,1.7175376596180138e-14
1787945556301298502,1.0098595424878533e-16,1.719961642615525e-14,1.709938653808741e-14,1.7175376596180138e-14
1787945556401018483,1.0103235388142607e-16,1.719961642615525e-14,1.709934014050638e-14,1.7175376596180138e-14
1787945556500929857,1.0108211839761413e-16,1.719961642615525e-14,1.70992903781906e-14,1.7175376596180138e-14
1787945556600577555,1.0112498197176294e-16,1.719961642615525e-14,1.7099247516511727e-14,1.7175376596180138e-14
1787945556700589765,1.0117171694185947e-16,1.719961642615525e-14,1.7099200783608104e-14,1.7175376596180138e-14
1787945556800802847,1.0121353787994406e-16,1.719961642615525e-14,1.709915896451922e-14,1.7175376596180138e-14
1787945556900835155,1.0126001994834131e-16,1.719961642615525e-14,1.7099112484506134e-14,1.7175376596180138e-14
1787945557001025225,1.0131839524199154e-16,1.719961642615525e-14,1.7099054111793695e-14,1.7175376596180138e-14
1787945557100775221,1.0136212982695432e-16,1.719961642615525e-14,1.709901037914258e-14,1.7175376596180138e-14
1787945557200964599,1.0141206419551736e-16,1.719961642615525e-14,1.7098960446982017e-14,1.7175376596180138e-14
1787945557300662830,1.0145435532480621e-16,1.719961642615525e-14,1.709891815772277e-14,1.7175376596180138e-14
1787945557401002866,1.0149532547304555e-16,1.719961642615525e-14,1.709887718938617e-14,1.7175376596180138e-14
1787945557500724480,1.0155224898431162e-16,1.719961642615525e-14,1.7098820268391993e-14,1.7175376596180138e-14
1787945557600780392,1.0160120962316449e-16,1.719961642615525e-14,1.709877130991813e-14,1.7175376596180138e-14
1787945557701161955,1.016561394993292e-16,1.719961642615525e-14,1.709871638247093e-14,1.7175376596180138e-14
1787945557800884040,1.0170172920914078e-16,1.719961642615525e-14,1.7098670794777072e-14,1.7175376596180138e-14
1787945557901218706,1.0174827122474269e-16,1.719961642615525e-14,1.709862425481955e-14,1.7175376596180138e-14
1787945558001428051,1.0180320750025383e-16,1.719961642615525e-14,1.7098569320973325e-14,1.7175376596180138e-14
1787945558101220847,1.0185164725526006e-16,1.719961642615525e-14,1.709852088336034e-14,1.7175376596180138e-14
1787945558201224401,1.019025217768621e-16,1.719961642615525e-14,1.7098470011088442e-14,1.7175376596180138e-14
1787945558301458242,1.0195323312951807e-16,1.719961642615525e-14,1.7098419301978282e-14,1.7175376596180138e-14
1787945558401178002,1.0200371772430119e-16,1.719961642615525e-14,1.7098368819615987e-14,1.7175376596180138e-14
1787945558501408627,1.0206478161287471e-16,1.719961642615525e-14,1.7098307758427743e-14,1.7175376596180138e-14
1787945558600860763,1.0210695686290514e-16,1.719961642615525e-14,1.7098265585042772e-14,1.7175376596180138e-14
1787945558700799858,1.021691202461318e-16,1.719961642615525e-14,1.709820342440853e-14,1.7175376596180138e-14
1787945558801229090,1.0222378634316915e-16,1.719961642615525e-14,1.709814876072895e-14,1.7175376596180138e-14
1787945558901189214,1.0227593234733942e-16,1.719961642615525e-14,1.709809661703081e-14,1.7175376596180138e-14
1787945559001171189,1.023265963870402e-16,1.719961642615525e-14,1.7098045955231613e-14,1.7175376596180138e-14
1787945559101092342,1.0236875628521293e-16,1.719961642615525e-14,1.7098003797197878e-14,1.7175376596180138e-14
1787945559201109131,1.0242289456728395e-16,1.719961642615525e-14,1.7097949661309977e-14,1.7175376596180138e-14
1787945559300936310,1.0246126263979206e-16,1.719961642615525e-14,1.709791129493424e-14,1.7175376596180138e-14
1787945559401193694,1.0250122500861048e-16,1.719961642615525e-14,1.709787133433271e-14,1.7175376596180138e-14
1787945559500748600,1.0255373573071222e-16,1.719961642615525e-14,1.709781882593284e-14,1.7175376596180138e-14
1787945559602631667,1.0260172667997422e-16,1.719961642615525e-14,1.7097770837105936e-14,1.7175376596180138e-14
1787945559700819267,1.0264756259475868e-16,1.719961642615525e-14,1.709772500321822e-14,1.7175376596180138e-14
1787945559801167378,1.0270524686295753e-16,1.719961642615525e-14,1.7097667321501096e-14,1.7175376596180138e-14
1787945559901172917,1.027591886558916e-16,1.719961642615525e-14,1.7097613382093736e-14,1.7175376596180138e-14
1787945560001321460,1.0280029039035277e-16,1.719961642615525e-14,1.709757228217701e-14,1.7175376596180138e-14
1787945560101299277,1.0284948479178486e-16,1.719961642615525e-14,1.7097523089951224e-14,1.7175376596180138e-14
1787945560200772592,1.0290740691366902e-16,1.719961642615525e-14,1.7097465170390992e-14,1.7175376596180138e-14
1787945560300909033,1.0296321835076875e-16,1.719961642615525e-14,1.7097409361422212e-14,1.7175376596180138e-14
1787945560400787075,1.030147127742652e-16,1.719961642615525e-14,1.7097357869276127e-14,1.7175376596180138e-14
1787945560500613844,1.0305666279642632e-16,1.719961642615525e-14,1.709731592110927e-14,1.7175376596180138e-14
1787945560600583656,1.0310738440711297e-16,1.719961642615525e-14,1.709726520174184e-14,1.7175376596180138e-14
1787945560700693968,1.0315169730639776e-16,1.719961642615525e-14,1.7097220890802386e-14,1.7175376596180138e-14
1787945560800698485,1.0319879847490623e-16,1.719961642615525e-14,1.7097173791717035e-14,1.7175376596180138e-14
1787945560901220628,1.0324799314876196e-16,1.719961642615525e-14,1.7097124599218937e-14,1.7175376596180138e-14
1787945561001113238,1.0329995144379239e-16,1.719961642615525e-14,1.7097072643221908e-14,1.7175376596180138e-14
1787945561100994798,1.0334137232152742e-16,1.719961642615525e-14,1.7097031224176143e-14,1.7175376596180138e-14
1787945561200768938,1.0339378879540735e-16,1.719961642615525e-14,1.7096978810020552e-14,1.7175376596180138e-14
1787945561300749010,1.0343496081587776e-16,1.719961642615525e-14,1.709693763982106e-14,1.7175376596180138e-14
1787945561401059542,1.0348539261542415e-16,1.719961642615525e-14,1.7096887210252052e-14,1.7175376596180138e-14
1787945561500966298,1.0353118993474472e-16,1.719961642615525e-14,1.7096841414958303e-14,1.7175376596180138e-14
1787945561600490197,1.0358729790194666e-16,1.719961642615525e-14,1.7096785309472713e-14,1.7175376596180138e-14
1787945561701328354,1.0364369961911808e-16,1.719961642615525e-14,1.709672891025017e-14,1.7175376596180138e-14
1787945561800597862,1.0368719905268238e-16,1.719961642615525e-14,1.7096685412740578e-14,1.7175376596180138e-14
1787945561900637153,1.0373062785391874e-16,1.719961642615525e-14,1.70966419858602e-14,1.7175376596180138e-14
1787945562000849324,1.037822895079235e-16,1.719961642615525e-14,1.7096590326491205e-14,1.7175376596180138e-14
1787945562101147383,1.0383975768155587e-16,1.719961642615525e-14,1.7096532860859423e-14,1.7175376596180138e-14
1787945562201276269,1.0389487397289441e-16,1.719961642615525e-14,1.7096477747005928e-14,1.7175376596180138e-14
1787945562300924067,1.0392420563921964e-16,1.719961642615525e-14,1.7096448416636975e-14,1.7175376596180138e-14
1787945562401194565,1.0397211328199235e-16,1.719961642615525e-14,1.7096400511113222e-14,1.7175376596180138e-14
1787945562501336686,1.0402430447027061e-16,1.719961642615525e-14,1.709634832223344e-14,1.7175376596180138e-14
1787945562601053271,1.0406818762619663e-16,1.719961642615525e-14,1.7096304441018546e-14,1.7175376596180138e-14
1787945562700762572,1.0410557862568076e-16,1.719961642615525e-14,1.7096267051672943e-14,1.7175376596180138e-14
1787945562800775294,1.0415412168468262e-16,1.719961642615525e-14,1.7096218510761107e-14,1.7175376596180138e-14
1787945562900760965,1.0420121035771279e-16,1.719961642615525e-14,1.7096171424170928e-14,1.7175376596180138e-14
1787945563000768628,1.0426260367911832e-16,1.719961642615525e-14,1.709611003356512e-14,1.7175376596180138e-14
1787945563100734323,1.0432395512807391e-16,1.719961642615525e-14,1.709604868482993e-14,1.7175376596180138e-14
1787945563200667488,1.0437339832741085e-16,1.719961642615525e-14,1.7095999243817628e-14,1.7175376596180138e-14
1787945563301132606,1.0441519926299389e-16,1.719961642615525e-14,1.7095957444731054e-14,1.7175376596180138e-14
1787945563401620976,1.044682243677305e-16,1.719961642615525e-14,1.709590442197182e-14,1.7175376596180138e-14
1787945563500811128,1.0452059708762983e-16,1.719961642615525e-14,1.7095852051568585e-14,1.7175376596180138e-14
1787945563600743151,1.0456755421460788e-16,1.719961642615525e-14,1.7095805096518727e-14,1.7175376596180138e-14
1787945563700610865,1.0462845463252879e-16,1.719961642615525e-14,1.7095744198794716e-14,1.7175376596180138e-14
1787945563800632293,1.0466805555519213e-16,1.719961642615525e-14,1.7095704599623797e-14,1.7175376596180138e-14
1787945563900571118,1.0471856985007861e-16,1.719961642615525e-14,1.709565408756342e-14,1.7175376596180138e-14
1787945564000693833,1.0476745388662642e-16,1.719961642615525e-14,1.7095605205689278e-14,1.7175376596180138e-14
1787945564101669114,1.0481432418579842e-16,1.719961642615525e-14,1.7095558337463442e-14,1.7175376596180138e-14
1787945564200753561,1.0485706549731202e-16,1.719961642615525e-14,1.7095515598042628e-14,1.7175376596180138e-14
1787945564300844928,1.0491157068560836e-16,1.719961642615525e-14,1.7095461095265434e-14,1.7175376596180138e-14
1787945564400901992,1.049698848307686e-16,1.719961642615525e-14,1.7095402783699883e-14,1.7175376596180138e-14
1787945564500772310,1.0501818214938356e-16,1.719961642615525e-14,1.7095354488517784e-14,1.7175376596180138e-14
1787945564600750729,1.0506352078749027e-16,1.719961642615525e-14,1.709530915188532e-14,1.7175376596180138e-14
1787945564700993406,1.0511633322308728e-16,1.719961642615525e-14,1.7095256341785997e-14,1.7175376596180138e-14
1787945564800758901,1.0517078986945244e-16,1.719961642615525e-14,1.7095201887548658e-14,1.7175376596180138e-14
1787945564901077989,1.0523043076344322e-16,1.719961642615525e-14,1.709514224929305e-14,1.7175376596180138e-14
1787945565000816173,1.052855029716286e-16,1.719961642615525e-14,1.709508717952115e-14,1.7175376596180138e-14
1787945565101136073,1.0532867547288688e-16,1.719961642615525e-14,1.7095044008929773e-14,1.7175376596180138e-14
1787945565200701779,1.0537155026029436e-16,1.719961642615525e-14,1.7095001136039087e-14,1.7175376596180138e-14
1787945565301518045,1.0541900217209e-16,1.719961642615525e-14,1.7094953686226505e-14,1.7175376596180138e-14
1787945565400663685,1.054761292738309e-16,1.719961642615525e-14,1.7094896561652012e-14,1.7175376596180138e-14
1787945565500666078,1.0552396727508084e-16,1.719961642615525e-14,1.7094848725767085e-14,1.7175376596180138e-14
1787945565600737108,1.0556947723620605e-16,1.719961642615525e-14,1.70948032178193e-14,1.7175376596180138e-14
1787945565700969566,1.0561789167298764e-16,1.719961642615525e-14,1.7094754805524363e-14,1.7175376596180138e-14
1787945565801342423,1.0568316390559985e-16,1.719961642615525e-14,1.7094689536179402e-14,1.7175376596180138e-14
1787945565901014716,1.0572782742244245e-16,1.719961642615525e-14,1.7094644874638494e-14,1.7175376596180138e-14
1787945566000871369,1.0578287449035337e-16,1.719961642615525e-14,1.7094589830005902e-14,1.7175376596180138e-14
1787945566103861223,1.0583639377233642e-16,1.719961642615525e-14,1.709453631309166e-14,1.7175376596180138e-14
1787945566201240388,1.0588293465049446e-16,1.719961642615525e-14,1.7094489774272528e-14,1.7175376596180138e-14
1787945566300497594,1.0594330415080802e-16,1.719961642615525e-14,1.709442940744305e-14,1.7175376596180138e-14
1787945566400604951,1.0599501416888138e-16,1.719961642615525e-14,1.7094377699712716e-14,1.7175376596180138e-14
1787945566501652425,1.0605153383852401e-16,1.719961642615525e-14,1.7094321182543623e-14,1.7175376596180138e-14
1787945566600929958,1.0610254670069877e-16,1.719961642615525e-14,1.7094270171938376e-14,1.7175376596180138e-14
1787945566701365932,1.0614659289732048e-16,1.719961642615525e-14,1.7094226127690472e-14,1.7175376596180138e-14
1787945566800810785,1.0620186803607843e-16,1.719961642615525e-14,1.709417085499724e-14,1.7175376596180138e-14
1787945566900844265,1.0625795862899455e-16,1.719961642615525e-14,1.7094114766885945e-14,1.7175376596180138e-14
1787945567001192597,1.0631499554852327e-16,1.719961642615525e-14,1.7094057732489925e-14,1.7175376596180138e-14
1787945567100621831,1.0637814528170204e-16,1.719961642615525e-14,1.7093994585550725e-14,1.7175376596180138e-14
1787945567200914310,1.0642907720833325e-16,1.719961642615525e-14,1.7093943655877526e-14,1.7175376596180138e-14
1787945567300619824,1.0647289656613754e-16,1.719961642615525e-14,1.7093899838458475e-14,1.7175376596180138e-14
1787945567400728063,1.0651908085986903e-16,1.719961642615525e-14,1.7093853656208148e-14,1.7175376596180138e-14
1787945567500799814,1.0657226571764312e-16,1.719961642615525e-14,1.7093800473703524e-14,1.7175376596180138e-14
1787945567600948417,1.0662673335159715e-16,1.719961642615525e-14,1.709374600847949e-14,1.7175376596180138e-14
1787945567700709995,1.0667372541961832e-16,1.719961642615525e-14,1.709369901849065e-14,1.7175376596180138e-14
1787945567800579913,1.0672745168059001e-16,1.719961642615525e-14,1.7093645294606826e-14,1.7175376596180138e-14
1787945567900872452,1.0677354138081598e-16,1.719961642615525e-14,1.7093599206945875e-14,1.7175376596180138e-14
1787945568000627237,1.0681782265839462e-16,1.719961642615525e-14,1.7093554927627566e-14,1.7175376596180138e-14
1787945568100667490,1.0687644038756937e-16,1.719961642615525e-14,1.709349631249201e-14,1.7175376596180138e-14
1787945568200766211,1.0693522382989328e-16,1.719961642615525e-14,1.7093437531650654e-14,1.7175376596180138e-14
1787945568300717720,1.0699264224965754e-16,1.719961642615525e-14,1.709338011577148e-14,1.7175376596180138e-14
1787945568400737896,1.0704763832506138e-16,1.719961642615525e-14,1.7093325122129496e-14,1.7175376596180138e-14
1787945568500697580,1.0709710624978233e-16,1.719961642615525e-14,1.709327565639361e-14,1.7175376596180138e-14
1787945568600693551,1.0714820524854081e-16,1.719961642615525e-14,1.7093224559655864e-14,1.7175376596180138e-14
1787945568700602821,1.072009415642756e-16,1.719961642615525e-14,1.7093171825673607e-14,1.7175376596180138e-14
1787945568800960160,1.0724493382416215e-16,1.719961642615525e-14,1.70931278353603e-14,1.7175376596180138e-14
1787945568900751663,1.0730546153884388e-16,1.719961642615525e-14,1.709306731032388e-14,1.7175376596180138e-14
1787945569001079418,1.0734433115427446e-16,1.719961642615525e-14,1.7093028442428386e-14,1.7175376596180138e-14
1787945569100857867,1.0739143038514769e-16,1.719961642615525e-14,1.7092981345281606e-14,1.7175376596180138e-14
1787945569200820947,1.0743823223713084e-16,1.719961642615525e-14,1.7092934545500568e-14,1.7175376596180138e-14
1787945569300553120,1.0750123988646679e-16,1.719961642615525e-14,1.709287154063929e-14,1.7175376596180138e-14
1787945569400688098,1.0756060114811199e-16,1.719961642615525e-14,1.7092812182004374e-14,1.7175376596180138e-14
1787945569500504708,1.0760968161640727e-16,1.719961642615525e-14,1.7092763103707893e-14,1.7175376596180138e-14
1787945569600745842,1.076572344412006e-16,1.719961642615525e-14,1.7092715552987332e-14,1.7175376596180138e-14
1787945569700966498,1.077003923895142e-16,1.719961642615525e-14,1.7092672396948785e-14,1.7175376596180138e-14
1787945569800755998,1.0776361901313002e-16,1.719961642615525e-14,1.7092609173123004e-14,1.7175376596180138e-14
1787945569900781854,1.0783196168817285e-16,1.719961642615525e-14,1.7092540833472207e-14,1.7175376596180138e-14
1787945570000779078,1.0788844104324042e-16,1.719961642615525e-14,1.7092484356616437e-14,1.7175376596180138e-14
1787945570100545645,1.0793658684442012e-16,1.719961642615525e-14,1.70924362129458e-14,1.7175376596180138e-14
1787945570200698045,1.0798048921951732e-16,1.719961642615525e-14,1.709239231251347e-14,1.7175376596180138e-14
1787945570300671484,1.0804095973983761e-16,1.719961642615525e-14,1.7092331844669113e-14,1.7175376596180138e-14
1787945570400654231,1.080967210932891e-16,1.719961642615525e-14,1.709227608578325e-14,1.7175376596180138e-14
1787945570500957129,1.0814393374426974e-16,1.719961642615525e-14,1.7092228875221566e-14,1.7175376596180138e-14
1787945570600821677,1.0819204252304962e-16,1.719961642615525e-14,1.709218076857175e-14,1.7175376596180138e-14
1787945570701236262,1.0825766035796759e-16,1.719961642615525e-14,1.709211515364065e-14,1.7175376596180138e-14
1787945570800622977,1.0831189540372144e-16,1.719961642615525e-14,1.7092060920994997e-14,1.7175376596180138e-14
1787945570900941695,1.0836945367895909e-16,1.719961642615525e-14,1.7092003365266948e-14,1.7175376596180138e-14
1787945571000775827,1.0842335346465272e-16,1.719961642615525e-14,1.709194946786655e-14,1.7175376596180138e-14
1787945571100580464,1.0847189243576186e-16,1.719961642615525e-14,1.7091900931043518e-14,1.7175376596180138e-14
1787945571201546127,1.0852505582596902e-16,1.719961642615525e-14,1.7091847770006046e-14,1.7175376596180138e-14
1787945571301046623,1.0858822043168651e-16,1.719961642615525e-14,1.7091784608195688e-14,1.7175376596180138e-14
1787945571400904328,1.0864652959289338e-16,1.719961642615525e-14,1.7091726301614983e-14,1.7175376596180138e-14
1787945571501217466,1.0870674016079903e-16,1.719961642615525e-14,1.709166609371174e-14,1.7175376596180138e-14
1787945571600865073,1.0875864945950671e-16,1.719961642615525e-14,1.7091614186710334e-14,1.7175376596180138e-14
1787945571700981867,1.088027732219123e-16,1.719961642615525e-14,1.7091570064900686e-14,1.7175376596180138e-14
1787945571800870089,1.0885441056152132e-16,1.719961642615525e-14,1.7091518429846367e-14,1.7175376596180138e-14
1787945571901647094,1.0890640105462579e-16,1.719961642615525e-14,1.7091466441654198e-14,1.7175376596180138e-14
1787945572001099580,1.0896001491423701e-16,1.719961642615525e-14,1.7091412830167383e-14,1.7175376596180138e-14
1787945572101179727,1.0902123910967641e-16,1.719961642615525e-14,1.7091351608681565e-14,1.7175376596180138e-14
1787945572201426812,1.0907937110785296e-16,1.719961642615525e-14,1.709129347925618e-14,1.7175376596180138e-14
1787945572301466113,1.0913291657003907e-16,1.719961642615525e-14,1.7091239936163808e-14,1.7175376596180138e-14
1787945572401368391,1.0918551028826289e-16,1.719961642615525e-14,1.7091187344773294e-14,1.7175376596180138e-14
1787945572501306135,1.0923254142027746e-16,1.719961642615525e-14,1.7091140315722808e-14,1.7175376596180138e-14
1787945572600959954,1.093017739103777e-16,1.719961642615525e-14,1.7091071086296857e-14,1.7175376596180138e-14
1787945572702496220,1.0934886560952272e-16,1.719961642615525e-14,1.7091023996681948e-14,1.7175376596180138e-14
1787945572800794314,1.0939334798471162e-16,1.719961642615525e-14,1.7090979516275523e-14,1.7175376596180138e-14
1787945572900895450,1.0943626083860726e-16,1.719961642615525e-14,1.7090936605320934e-14,1.7175376596180138e-14
1787945573001065893,1.0948407601131286e-16,1.719961642615525e-14,1.7090888792264522e-14,1.7175376596180138e-14
1787945573101197755,1.0952712080189173e-16,1.719961642615525e-14,1.7090845749379107e-14,1.7175376596180138e-14
1787945573201667732,1.0958908569475202e-16,1.719961642615525e-14,1.7090783787228835e-14,1.7175376596180138e-14
1787945573300707757,1.0962871056965685e-16,1.719961642615525e-14,1.709074416410775e-14,1.7175376596180138e-14
1787945573400648496,1.096672196641668e-16,1.719961642615525e-14,1.7090705656717684e-14,1.7175376596180138e-14
1787945573500591830,1.0971251875269038e-16,1.719961642615525e-14,1.7090660359634143e-14,1.7175376596180138e-14
1787945573600623557,1.0976301714577878e-16,1.719961642615525e-14,1.709060986347618e-14,1.7175376596180138e-14
1787945573700731776,1.0981860355104836e-16,1.719961642615525e-14,1.709055427953125e-14,1.7175376596180138e-14
1787945573800893102,1.0986984970634038e-16,1.719961642615525e-14,1.7090503035644207e-14,1.7175376596180138e-14
1787945573900952621,1.0991276107682944e-16,1.719961642615525e-14,1.7090460126173066e-14,1.7175376596180138e-14
1787945574000772867,1.0997059023175052e-16,1.719961642615525e-14,1.7090402299577795e-14,1.7175376596180138e-14
1787945574100598764,1.100110087900588e-16,1.719961642615525e-14,1.709036188280852e-14,1.7175376596180138e-14
1787945574201082096,1.1006351769652531e-16,1.719961642615525e-14,1.7090309376226245e-14,1.7175376596180138e-14
1787945574300554359,1.1011546455132647e-16,1.719961642615525e-14,1.7090257431670772e-14,1.7175376596180138e-14
1787945574400820329,1.1016420382886169e-16,1.719961642615525e-14,1.7090208694550602e-14,1.7175376596180138e-14
1787945574500705045,1.1021084112972566e-16,1.719961642615525e-14,1.7090162059314072e-14,1.7175376596180138e-14
1787945574600598737,1.1024695913426202e-16,1.719961642615525e-14,1.7090125942908258e-14,1.7175376596180138e-14
1787945574700558301,1.1029534684659609e-16,1.719961642615525e-14,1.709007755733776e-14,1.7175376596180138e-14
1787945574800516092,1.1034774262552142e-16,1.719961642615525e-14,1.7090025163878095e-14,1.7175376596180138e-14
1787945574900595717,1.1040146317863092e-16,1.719961642615525e-14,1.7089971445702904e-14,1.7175376596180138e-14
1787945575000705980,1.1044591391557497e-16,1.719961642615525e-14,1.7089926996933565e-14,1.7175376596180138e-14
1787945575100579024,1.1050090963401443e-16,1.719961642615525e-14,1.7089872003649517e-14,1.7175376596180138e-14
1787945575200668518,1.1054368639235972e-16,1.719961642615525e-14,1.7089829228784697e-14,1.7175376596180138e-14
1787945575300889805,1.1058956702485859e-16,1.719961642615525e-14,1.7089783350183132e-14,1.7175376596180138e-14
1787945575400872492,1.1064073274235874e-16,1.719961642615525e-14,1.7089732186730524e-14,1.7175376596180138e-14
1787945575501094821,1.1068283392882349e-16,1.719961642615525e-14,1.7089690087407712e-14,1.7175376596180138e-14
1787945575600685574,1.107305282855757e-16,1.719961642615525e-14,1.7089642395162214e-14,1.7175376596180138e-14
1787945575700826913,1.1078077545515463e-16,1.719961642615525e-14,1.7089592150216904e-14,1.7175376596180138e-14
1787945575801101650,1.1082444663982972e-16,1.719961642615525e-14,1.7089548480965413e-14,1.7175376596180138e-14
1787945575900915204,1.1087195279692873e-16,1.719961642615525e-14,1.708950097691127e-14,1.7175376596180138e-14
1787945576000983839,1.109231494129195e-16,1.719961642615525e-14,1.7089449782561615e-14,1.7175376596180138e-14
1787945576101011169,1.1096943921521827e-16,1.719961642615525e-14,1.7089403494808452e-14,1.7175376596180138e-14
1787945576200789297,1.1101238125633783e-16,1.719961642615525e-14,1.708936055466828e-14,1.7175376596180138e-14
1787945576301134053,1.110593045785974e-16,1.719961642615525e-14,1.7089313633423223e-14,1.7175376596180138e-14
1787945576401751983,1.1109926219472913e-16,1.719961642615525e-14,1.7089273677575945e-14,1.7175376596180138e-14
1787945576500762103,1.111365119847667e-16,1.719961642615525e-14,1.7089236429434895e-14,1.7175376596180138e-14
1787945576600834265,1.1118526796132685e-16,1.719961642615525e-14,1.7089187675616695e-14,1.7175376596180138e-14
1787945576700697601,1.1124189253840775e-16,1.719961642615525e-14,1.7089131053546324e-14,1.7175376596180138e-14
1787945576800821829,1.1128823856764396e-16,1.719961642615525e-14,1.708908470956879e-14,1.7175376596180138e-14
1787945576900907827,1.1133915320107179e-16,1.719961642615525e-14,1.7089033797189323e-14,1.7175376596180138e-14
1787945577000651231,1.113871276153586e-16,1.719961642615525e-14,1.708898582489885e-14,1.7175376596180138e-14
1787945577100946967,1.114423143019227e-16,1.719961642615525e-14,1.7088930640655398e-14,1.7175376596180138e-14
1787945577200688778,1.1148634087953917e-16,1.719961642615525e-14,1.7088886616026847e-14,1.7175376596180138e-14
1787945577300819609,1.1153479532104162e-16,1.719961642615525e-14,1.7088838163730445e-14,1.7175376596180138e-14
1787945577400659020,1.1156936956122306e-16,1.719961642615525e-14,1.708880359102089e-14,1.7175376596180138e-14
1787945577500734729,1.116200573009009e-16,1.719961642615525e-14,1.7088752905525204e-14,1.7175376596180138e-14
1787945577600737853,1.1168643762326158e-16,1.719961642615525e-14,1.708868652814158e-14,1.7175376596180138e-14
1787945577700667763,1.1173636145896963e-16,1.719961642615525e-14,1.7088636606516075e-14,1.7175376596180138e-14
1787945577800848806,1.1178842273722243e-16,1.719961642615525e-14,1.7088584547542664e-14,1.7175376596180138e-14
1787945577900678991,1.118393876476169e-16,1.719961642615525e-14,1.7088533584888592e-14,1.7175376596180138e-14
1787945578000811805,1.118943759846912e-16,1.719961642615525e-14,1.7088478598985978e-14,1.7175376596180138e-14
1787945578100561862,1.1194628882118568e-16,1.719961642615525e-14,1.70884266884478e-14,1.7175376596180138e-14
1787945578200677925,1.119980826825923e-16,1.719961642615525e-14,1.7088374896879454e-14,1.7175376596180138e-14
1787945578300645574,1.1204998854216976e-16,1.719961642615525e-14,1.708832299331791e-14,1.7175376596180138e-14
1787945578400798305,1.120981018505928e-16,1.719961642615525e-14,1.7088274882139628e-14,1.7175376596180138e-14
1787945578501098378,1.121455896281333e-16,1.719961642615525e-14,1.7088227396464543e-14,1.7175376596180138e-14
1787945578600725868,1.1218580142374631e-16,1.719961642615525e-14,1.708818718644926e-14,1.7175376596180138e-14
1787945578700692375,1.1223121061692535e-16,1.719961642615525e-14,1.708814177926653e-14,1.7175376596180138e-14
1787945578800636090,1.1228100639172208e-16,1.719961642615525e-14,1.708809198569641e-14,1.7175376596180138e-14
1787945578900592067,1.123276461250774e-16,1.719961642615525e-14,1.7088045348028008e-14,1.7175376596180138e-14
1787945579000572910,1.1237231110022415e-16,1.719961642615525e-14,1.7088000685030395e-14,1.7175376596180138e-14
1787945579100506817,1.124220607001407e-16,1.719961642615525e-14,1.7087950937633145e-14,1.7175376596180138e-14
1787945579200599908,1.1246410612281482e-16,1.719961642615525e-14,1.7087908894072045e-14,1.7175376596180138e-14
1787945579301805975,1.1251648277116861e-16,1.719961642615525e-14,1.7087856519742696e-14,1.7175376596180138e-14
1787945579400930075,1.125559960783029e-16,1.719961642615525e-14,1.7087817008185042e-14,1.7175376596180138e-14
1787945579500807387,1.1260697986995504e-16,1.719961642615525e-14,1.708776602665075e-14,1.7175376596180138e-14
1787945579600928730,1.1265798489742504e-16,1.719961642615525e-14,1.708771502388159e-14,1.7175376596180138e-14
1787945579700898693,1.1270449821347883e-16,1.719961642615525e-14,1.7087668512624986e-14,1.7175376596180138e-14
1787945579801686578,1.1276112296887583e-16,1.719961642615525e-14,1.7087611890376753e-14,1.7175376596180138e-14
1787945579901703488,1.1281807871889216e-16,1.719961642615525e-14,1.708755493714857e-14,1.7175376596180138e-14
1787945580001334054,1.128641182222614e-16,1.719961642615525e-14,1.7087508899683708e-14,1.7175376596180138e-14
1787945580100738522,1.129050186224198e-16,1.719961642615525e-14,1.7087468001094524e-14,1.7175376596180138e-14
1787945580200788924,1.1294554464883258e-16,1.719961642615525e-14,1.7087427476862513e-14,1.7175376596180138e-14
1787945580300800985,1.130037031754048e-16,1.719961642615525e-14,1.7087369320911084e-14,1.7175376596180138e-14
1787945580400741484,1.1304340478022196e-16,1.719961642615525e-14,1.7087329621064187e-14,1.7175376596180138e-14
1787945580500922958,1.13092361109673e-16,1.719961642615525e-14,1.708728066690245e-14,1.7175376596180138e-14
1787945580601041365,1.131400330580923e-16,1.719961642615525e-14,1.7087232997064888e-14,1.7175376596180138e-14
1787945580700684174,1.1318525216907737e-16,1.719961642615525e-14,1.708718777995616e-14,1.7175376596180138e-14
1787945580800613913,1.1322602067383268e-16,1.719961642615525e-14,1.7087147013256605e-14,1.7175376596180138e-14
1787945580900710530,1.13267474807239e-16,1.719961642615525e-14,1.7087105560958766e-14,1.7175376596180138e-14
1787945581000677899,1.1331788720012332e-16,1.719961642615525e-14,1.7087055150798127e-14,1.7175376596180138e-14
1787945581100895690,1.1336606814681267e-16,1.719961642615525e-14,1.7087006971984888e-14,1.7175376596180138e-14
1787945581200710416,1.1340913024767418e-16,1.719961642615525e-14,1.7086963911790823e-14,1.7175376596180138e-14
1787945581300848811,1.1344943596745813e-16,1.719961642615525e-14,1.708692360785579e-14,1.7175376596180138e-14
1787945581400712458,1.1349810089369662e-16,1.719961642615525e-14,1.7086874945084465e-14,1.7175376596180138e-14
1787945581500633310,1.135413064670001e-16,1.719961642615525e-14,1.708683174142434e-14,1.7175376596180138e-14
1787945581600541319,1.1359147435570976e-16,1.719961642615525e-14,1.7086781575757126e-14,1.7175376596180138e-14
1787945581700647865,1.1364286112794213e-16,1.719961642615525e-14,1.708673019126037e-14,1.7175376596180138e-14
1787945581800898667,1.1369110321798158e-16,1.719961642615525e-14,1.708668195130657e-14,1.7175376596180138e-14
1787945581900661698,1.1373394548471406e-16,1.719961642615525e-14,1.708663911093697e-14,1.7175376596180138e-14
1787945582000821983,1.137698234442757e-16,1.719961642615525e-14,1.708660323456616e-14,1.7175376596180138e-14
1787945582100572230,1.1382143523807655e-16,1.719961642615525e-14,1.7086551625057847e-14,1.7175376596180138e-14
1787945582200574773,1.1387535647079165e-16,1.719961642615525e-14,1.7086497706212904e-14,1.7175376596180138e-14
1787945582300865880,1.1392619702801787e-16,1.719961642615525e-14,1.7086446867907042e-14,1.7175376596180138e-14
1787945582400575943,1.1397564719335756e-16,1.719961642615525e-14,1.7086397419931512e-14,1.7175376596180138e-14
1787945582500674234,1.1402159226937463e-16,1.719961642615525e-14,1.7086351476890096e-14,1.7175376596180138e-14
1787945582601417927,1.1406922468826225e-16,1.719961642615525e-14,1.708630384658054e-14,1.7175376596180138e-14
1787945582700670644,1.1410521603821485e-16,1.719961642615525e-14,1.7086267856824424e-14,1.7175376596180138e-14
1787945582801063569,1.1416014939407985e-16,1.719961642615525e-14,1.7086212925901232e-14,1.7175376596180138e-14
1787945582900657307,1.1421262572760887e-16,1.719961642615525e-14,1.7086160451891583e-14,1.7175376596180138e-14
1787945583000651736,1.1425764630798373e-16,1.719961642615525e-14,1.7086115433304923e-14,1.7175376596180138e-14
1787945583100653558,1.1430222745535604e-16,1.719961642615525e-14,1.7086070854131822e-14,1.7175376596180138e-14
1787945583200502047,1.1434122469868898e-16,1.719961642615525e-14,1.708603185861548e-14,1.7175376596180138e-14
1787945583300684513,1.1439033023759237e-16,1.719961642615525e-14,1.708598275525123e-14,1.7175376596180138e-14
1787945583400953829,1.144483663082065e-16,1.719961642615525e-14,1.708592472175077e-14,1.7175376596180138e-14
1787945583500758607,1.1448148778398994e-16,1.719961642615525e-14,1.70858916017418e-14,1.7175376596180138e-14
1787945583600685140,1.145269654101295e-16,1.719961642615525e-14,1.7085846126129682e-14,1.7175376596180138e-14
1787945583700793009,1.1457380166628881e-16,1.719961642615525e-14,1.7085799291947723e-14,1.7175376596180138e-14
1787945583800753304,1.14623245639196e-16,1.719961642615525e-14,1.7085749850164512e-14,1.7175376596180138e-14
1787945583900839412,1.1467649790259754e-16,1.719961642615525e-14,1.708569660025948e-14,1.7175376596180138e-14
1787945584000906174,1.147264456871778e-16,1.719961642615525e-14,1.7085646654686937e-14,1.7175376596180138e-14
1787945584100752439,1.1477727052818435e-16,1.719961642615525e-14,1.7085595832096823e-14,1.7175376596180138e-14
1787945584200823449,1.1482316087672643e-16,1.719961642615525e-14,1.7085549943780653e-14,1.7175376596180138e-14
1787945584301486002,1.1487035640603789e-16,1.719961642615525e-14,1.7085502750341526e-14,1.7175376596180138e-14
1787945584400781669,1.1492832448526528e-16,1.719961642615525e-14,1.708544478482959e-14,1.7175376596180138e-14
1787945584500698544,1.1498097066807708e-16,1.719961642615525e-14,1.7085392140978386e-14,1.7175376596180138e-14
1787945584600710666,1.1502876223516812e-16,1.719961642615525e-14,1.7085344351527916e-14,1.7175376596180138e-14
1787945584701527414,1.1507611967752347e-16,1.719961642615525e-14,1.7085296996182965e-14,1.7175376596180138e-14
1787945584800719069,1.1513105159752542e-16,1.719961642615525e-14,1.708524206669585e-14,1.7175376596180138e-14
1787945584900877100,1.1518531684460683e-16,1.719961642615525e-14,1.7085187803852142e-14,1.7175376596180138e-14
1787945585000641583,1.1523369054981872e-16,1.719961642615525e-14,1.7085139432289384e-14,1.7175376596180138e-14
1787945585100726329,1.1527918016988169e-16,1.719961642615525e-14,1.708509394468405e-14,1.7175376596180138e-14
1787945585201004762,1.1531500533871427e-16,1.719961642615525e-14,1.7085058121101915e-14,1.7175376596180138e-14
1787945585300941133,1.1536571623737701e-16,1.719961642615525e-14,1.7085007412449253e-14,1.7175376596180138e-14
1787945585401041648,1.1540614039498878e-16,1.719961642615525e-14,1.708496699008205e-14,1.7175376596180138e-14
1787945585500703282,1.154542683730405e-16,1.719961642615525e-14,1.7084918864235624e-14,1.7175376596180138e-14
1787945585600733827,1.1549971557980207e-16,1.719961642615525e-14,1.708487341904177e-14,1.7175376596180138e-14
1787945585700772948,1.155451940907707e-16,1.719961642615525e-14,1.70848279425451e-14,1.7175376596180138e-14
1787945585800964912,1.1559747739932715e-16,1.719961642615525e-14,1.7084775661552248e-14,1.7175376596180138e-14
1787945585900904208,1.156370176723334e-16,1.719961642615525e-14,1.708473612303055e-14,1.7175376596180138e-14
1787945586000898056,1.1568887182421436e-16,1.719961642615525e-14,1.7084684271175392e-14,1.7175376596180138e-14
1787945586100651840,1.1574400965862555e-16,1.719961642615525e-14,1.7084629135783158e-14,1.7175376596180138e-14
1787945586200548377,1.157889341239285e-16,1.719961642615525e-14,1.7084584213307676e-14,1.7175376596180138e-14
1787945586300649954,1.158422182543217e-16,1.719961642615525e-14,1.7084530931537384e-14,1.7175376596180138e-14
1787945586400659170,1.1588197251593503e-16,1.719961642615525e-14,1.7084491179036606e-14,1.7175376596180138e-14
1787945586500827469,1.159314293841403e-16,1.719961642615525e-14,1.7084441724359006e-14,1.7175376596180138e-14
1787945586600738344,1.159827531908716e-16,1.719961642615525e-14,1.7084390402825586e-14,1.7175376596180138e-14
1787945586701108146,1.160426806168325e-16,1.719961642615525e-14,1.708433047805404e-14,1.7175376596180138e-14
1787945586800657873,1.1609439759024995e-16,1.719961642615525e-14,1.7084278763371378e-14,1.7175376596180138e-14
1787945586900677869,1.1614138085462932e-16,1.719961642615525e-14,1.708423178218809e-14,1.7175376596180138e-14
1787945587001177310,1.1617823899048343e-16,1.719961642615525e-14,1.7084194925684854e-14,1.7175376596180138e-14
1787945587100672857,1.1622998893456842e-16,1.719961642615525e-14,1.708414317803302e-14,1.7175376596180138e-14
1787945587200655163,1.1628824824296092e-16,1.719961642615525e-14,1.7084084921305228e-14,1.7175376596180138e-14
1787945587300907278,1.1633252484266746e-16,1.719961642615525e-14,1.7084040646666767e-14,1.7175376596180138e-14
1787945587400930550,1.1637298944344947e-16,1.719961642615525e-14,1.708400018385839e-14,1.7175376596180138e-14
1787945587501315971,1.164224002958927e-16,1.719961642615525e-14,1.7083950775194638e-14,1.7175376596180138e-14
1787945587600634801,1.164664126323661e-16,1.719961642615525e-14,1.7083906764807737e-14,1.7175376596180138e-14
1787945587700612860,1.1651957836758855e-16,1.719961642615525e-14,1.7083853601427562e-14,1.7175376596180138e-14
1787945587800493147,1.16575949929908e-16,1.719961642615525e-14,1.7083797232362308e-14,1.7175376596180138e-14
1787945587900774937,1.1662787329047994e-16,1.719961642615525e-14,1.7083745311301776e-14,1.7175376596180138e-14
1787945588000495119,1.166797767223734e-16,1.719961642615525e-14,1.7083693410169057e-14,1.7175376596180138e-14
1787945588100699135,1.1671796700021833e-16,1.719961642615525e-14,1.708365522158294e-14,1.7175376596180138e-14
1787945588200809427,1.1677078110216962e-16,1.719961642615525e-14,1.7083602409820526e-14,1.7175376596180138e-14
1787945588300866882,1.168273778019945e-16,1.719961642615525e-14,1.7083545815627815e-14,1.7175376596180138e-14
1787945588400628551,1.1687486924226762e-16,1.719961642615525e-14,1.7083498326291323e-14,1.7175376596180138e-14
1787945588500670066,1.1691458471630247e-16,1.719961642615525e-14,1.7083458612576617e-14,1.7175376596180138e-14
1787945588600891805,1.1696621043072042e-16,1.719961642615525e-14,1.708340698914915e-14,1.7175376596180138e-14
1787945588700662170,1.1701011737949507e-16,1.719961642615525e-14,1.70833630841454e-14,1.7175376596180138e-14
1787945588800579436,1.1705551132269355e-16,1.719961642615525e-14,1.708331769221311e-14,1.7175376596180138e-14
1787945588900780276,1.1709719843204878e-16,1.719961642615525e-14,1.708327600695047e-14,1.7175376596180138e-14
1787945589000910605,1.1713603647467455e-16,1.719961642615525e-14,1.708323717062835e-14,1.7175376596180138e-14
1787945589100987216,1.171942335168797e-16,1.719961642615525e-14,1.708317897616426e-14,1.7175376596180138e-14
1787945589200600971,1.1724086799008817e-16,1.719961642615525e-14,1.7083132343756962e-14,1.7175376596180138e-14
1787945589300591102,1.1729175255475196e-16,1.719961642615525e-14,1.7083081461446498e-14,1.7175376596180138e-14
1787945589400580732,1.1735263453201413e-16,1.719961642615525e-14,1.7083020582166342e-14,1.7175376596180138e-14
1787945589500706673,1.1739953098840582e-16,1.719961642615525e-14,1.7082973687787508e-14,1.7175376596180138e-14
1787945589600880203,1.1744665135152527e-16,1.719961642615525e-14,1.708292656951187e-14,1.7175376596180138e-14
1787945589700682637,1.1749021718998686e-16,1.719961642615525e-14,1.7082883005603433e-14,1.7175376596180138e-14
1787945589800627394,1.1754580455843074e-16,1.719961642615525e-14,1.70828274206976e-14,1.7175376596180138e-14
1787945589900671304,1.1758984755324602e-16,1.719961642615525e-14,1.708278337965397e-14,1.7175376596180138e-14
1787945590000560468,1.1763211947986445e-16,1.719961642615525e-14,1.7082741109600087e-14,1.7175376596180138e-14
1787945590100594219,1.1768213966802313e-16,1.719961642615525e-14,1.708269109162794e-14,1.7175376596180138e-14
1787945590200757239,1.177346474405393e-16,1.719961642615525e-14,1.7082638586181653e-14,1.7175376596180138e-14
1787945590300626957,1.1778347822310474e-16,1.719961642615525e-14,1.708258975756243e-14,1.7175376596180138e-14
1787945590400503799,1.1783836496255357e-16,1.719961642615525e-14,1.7082534873254633e-14,1.7175376596180138e-14
1787945590500665406,1.1789079010359448e-16,1.719961642615525e-14,1.7082482450436206e-14,1.7175376596180138e-14
1787945590601003670,1.1793798792131672e-16,1.719961642615525e-14,1.708243525470952e-14,1.7175376596180138e-14
1787945590700604031,1.1799108785942285e-16,1.719961642615525e-14,1.708238215712395e-14,1.7175376596180138e-14
1787945590800679509,1.180444321464138e-16,1.719961642615525e-14,1.7082328815200335e-14,1.7175376596180138e-14
1787945590900709534,1.18091801650561e-16,1.719961642615525e-14,1.7082281447794865e-14,1.7175376596180138e-14
1787945591000986394,1.1813724273083745e-16,1.719961642615525e-14,1.7082236008727843e-14,1.7175376596180138e-14
1787945591100762179,1.1819054567541566e-16,1.719961642615525e-14,1.708218270814485e-14,1.7175376596180138e-14
1787945591200572117,1.1825461955467723e-16,1.719961642615525e-14,1.7082118637104396e-14,1.7175376596180138e-14
1787945591300589097,1.1830532611910948e-16,1.719961642615525e-14,1.708206793278655e-14,1.7175376596180138e-14
1787945591400621536,1.1834472811989758e-16,1.719961642615525e-14,1.7082028532531496e-14,1.7175376596180138e-14
1787945591501748357,1.183936558991212e-16,1.719961642615525e-14,1.708197960692007e-14,1.7175376596180138e-14
1787945591600639036,1.184386583053004e-16,1.719961642615525e-14,1.7081934606507778e-14,1.7175376596180138e-14
1787945591701736503,1.184949155418254e-16,1.719961642615525e-14,1.7081878351763817e-14,1.7175376596180138e-14
1787945591800731645,1.1855160304703745e-16,1.719961642615525e-14,1.7081821666770246e-14,1.7175376596180138e-14
1787945591900608336,1.1860988365937498e-16,1.719961642615525e-14,1.7081763388740152e-14,1.7175376596180138e-14
1787945592000803035,1.1865080422544313e-16,1.719961642615525e-14,1.708172246998717e-14,1.7175376596180138e-14
1787945592100693371,1.1870105249418054e-16,1.719961642615525e-14,1.708167222394481e-14,1.7175376596180138e-14
1787945592201067662,1.1874700029444303e-16,1.719961642615525e-14,1.70816262781804e-14,1.7175376596180138e-14
1787945592300621116,1.1879759841789377e-16,1.719961642615525e-14,1.7081575682298856e-14,1.7175376596180138e-14
1787945592400644678,1.188457009119955e-16,1.719961642615525e-14,1.7081527581936096e-14,1.7175376596180138e-14
1787945592500524976,1.1889325812864054e-16,1.719961642615525e-14,1.7081480026826648e-14,1.7175376596180138e-14
1787945592600722460,1.1894255794920037e-16,1.719961642615525e-14,1.7081430729190507e-14,1.7175376596180138e-14
1787945592700589624,1.1898724149330188e-16,1.719961642615525e-14,1.7081386047626292e-14,1.7175376596180138e-14
1787945592801024226,1.190297128974212e-16,1.719961642615525e-14,1.7081343578104054e-14,1.7175376596180138e-14
1787945592900693343,1.190781258226388e-16,1.719961642615525e-14,1.708129516732399e-14,1.7175376596180138e-14
1787945593000623934,1.191221034284077e-16,1.719961642615525e-14,1.708125119166686e-14,1.7175376596180138e-14
1787945593100902057,1.1917949166122694e-16,1.719961642615525e-14,1.708119380597692e-14,1.7175376596180138e-14
1787945593200799536,1.192247199065313e-16,1.719961642615525e-14,1.7081148579735693e-14,1.7175376596180138e-14
1787945593300687408,1.1926977291305475e-16,1.719961642615525e-14,1.708110352872549e-14,1.7175376596180138e-14
1787945593400919666,1.193247733119327e-16,1.719961642615525e-14,1.7081048530763728e-14,1.7175376596180138e-14
1787945593500906782,1.1937879991112353e-16,1.719961642615525e-14,1.708099450655852e-14,1.7175376596180138e-14
1787945593600672768,1.1943305887367445e-16,1.719961642615525e-14,1.7080940250000257e-14,1.7175376596180138e-14
1787945593701299325,1.1947593262169598e-16,1.719961642615525e-14,1.708089737815204e-14,1.7175376596180138e-14
1787945593800702822,1.1952335393153356e-16,1.719961642615525e-14,1.7080849958943532e-14,1.7175376596180138e-14
1787945593901209217,1.1958797016560785e-16,1.719961642615525e-14,1.7080785345572743e-14,1.7175376596180138e-14
1787945594000633472,1.1964816225309604e-16,1.719961642615525e-14,1.7080725156152517e-14,1.7175376596180138e-14
1787945594100880848,1.197100220756774e-16,1.719961642615525e-14,1.7080663299071118e-14,1.7175376596180138e-14
1787945594200703098,1.1976020011085176e-16,1.719961642615525e-14,1.7080613123259486e-14,1.7175376596180138e-14
1787945594300620986,1.1980707951582602e-16,1.719961642615525e-14,1.7080566245931897e-14,1.7175376596180138e-14
1787945594400879232,1.1986472704200075e-16,1.719961642615525e-14,1.7080508600960294e-14,1.7175376596180138e-14
1787945594500929243,1.1992830132021968e-16,1.719961642615525e-14,1.7080445029499302e-14,1.7175376596180138e-14
1787945594601151573,1.1997399030969715e-16,1.719961642615525e-14,1.7080399342534495e-14,1.7175376596180138e-14
1787945594701122809,1.2002941591815376e-16,1.719961642615525e-14,1.7080343919382198e-14,1.7175376596180138e-14
1787945594800995713,1.2006800515117958e-16,1.719961642615525e-14,1.7080305331859243e-14,1.7175376596180138e-14
1787945594900972910,1.2011733847276993e-16,1.719961642615525e-14,1.7080256000723858e-14,1.7175376596180138e-14
1787945595000573832,1.2016657170101373e-16,1.719961642615525e-14,1.7080206769677394e-14,1.7175376596180138e-14
1787945595100690486,1.2021262941791833e-16,1.719961642615525e-14,1.708016071400156e-14,1.7175376596180138e-14
1787945595200640553,1.2026887918387264e-16,1.719961642615525e-14,1.7080104466728354e-14,1.7175376596180138e-14
1787945595300728705,1.203120295436026e-16,1.719961642615525e-14,1.7080061318280873e-14,1.7175376596180138e-14
1787945595400688720,1.2036118472420487e-16,1.719961642615525e-14,1.7080012165278643e-14,1.7175376596180138e-14
1787945595500705250,1.2041256236139522e-16,1.719961642615525e-14,1.707996078991833e-14,1.7175376596180138e-14
1787945595600573535,1.2046367433801112e-16,1.719961642615525e-14,1.7079909680206832e-14,1.7175376596180138e-14
1787945595700619119,1.2051510975819173e-16,1.719961642615525e-14,1.7079858247066113e-14,1.7175376596180138e-14
1787945595800554549,1.2056619969300452e-16,1.719961642615525e-14,1.7079807159395472e-14,1.7175376596180138e-14
1787945595900498414,1.2062348951119078e-16,1.719961642615525e-14,1.7079749872116227e-14,1.7175376596180138e-14
1787945596000631278,1.2066881169782676e-16,1.719961642615525e-14,1.7079704551938174e-14,1.7175376596180138e-14
1787945596100767048,1.20714525249065e-16,1.719961642615525e-14,1.707965884041287e-14,1.7175376596180138e-14
1787945596200519380,1.207658791978352e-16,1.719961642615525e-14,1.7079607488740023e-14,1.7175376596180138e-14
1787945596300675908,1.2081509751704226e-16,1.719961642615525e-14,1.70795582726021e-14,1.7175376596180138e-14
1787945596400769119,1.2086549290946047e-16,1.719961642615525e-14,1.7079507879443145e-14,1.7175376596180138e-14
1787945596500560573,1.2090611029204805e-16,1.719961642615525e-14,1.7079467263860685e-14,1.7175376596180138e-14
1787945596600491384,1.2095690479122203e-16,1.719961642615525e-14,1.7079416471612688e-14,1.7175376596180138e-14
1787945596700724264,1.2100613930499061e-16,1.719961642615525e-14,1.7079367239280974e-14,1.7175376596180138e-14
1787945596800660886,1.2105972438277604e-16,1.719961642615525e-14,1.707931365657807e-14,1.7175376596180138e-14
1787945596900672096,1.2110646101870882e-16,1.719961642615525e-14,1.7079266922013508e-14,1.7175376596180138e-14
1787945597000656376,1.2114911478337105e-16,1.719961642615525e-14,1.7079224270139276e-14,1.7175376596180138e-14
1787945597100636488,1.2120497712885358e-16,1.719961642615525e-14,1.7079168410269643e-14,1.7175376596180138e-14
1787945597200775734,1.2125007559232768e-16,1.719961642615525e-14,1.7079123313804973e-14,1.7175376596180138e-14
1787945597300812321,1.2129925440226533e-16,1.719961642615525e-14,1.7079074137174696e-14,1.7175376596180138e-14
1787945597400674596,1.213519903381876e-16,1.719961642615525e-14,1.7079021403576103e-14,1.7175376596180138e-14
1787945597500541168,1.2140038872813138e-16,1.719961642615525e-14,1.707897300733125e-14,1.7175376596180138e-14
1787945597600637796,1.2145539104047036e-16,1.719961642615525e-14,1.7078918007456718e-14,1.7175376596180138e-14
1787945597700817076,1.2151545727856093e-16,1.719961642615525e-14,1.7078857943880895e-14,1.7175376596180138e-14
1787945597800709146,1.2156891986721592e-16,1.719961642615525e-14,1.7078804483661834e-14,1.7175376596180138e-14
1787945597900625170,1.216191977009374e-16,1.719961642615525e-14,1.7078754208056566e-14,1.7175376596180138e-14
1787945598000634576,1.2166354613564962e-16,1.719961642615525e-14,1.7078709861587507e-14,1.7175376596180138e-14
1787945598100587047,1.217032861204625e-16,1.719961642615525e-14,1.70786701233641e-14,1.7175376596180138e-14
1787945598200461865,1.2174891635199868e-16,1.719961642615525e-14,1.7078624495155053e-14,1.7175376596180138e-14
1787945598300583519,1.217972458032182e-16,1.719961642615525e-14,1.7078576167845972e-14,1.7175376596180138e-14
1787945598400513870,1.2185553008724007e-16,1.719961642615525e-14,1.707851788614534e-14,1.7175376596180138e-14
1787945598500664537,1.219022912223552e-16,1.719961642615525e-14,1.7078471127082875e-14,1.7175376596180138e-14
1787945598600568980,1.2195461436168057e-16,1.719961642615525e-14,1.7078418806262744e-14,1.7175376596180138e-14
1787945598700611708,1.220051828755399e-16,1.719961642615525e-14,1.7078368239990324e-14,1.7175376596180138e-14
1787945598800527692,1.2205568022055973e-16,1.719961642615525e-14,1.7078317744883603e-14,1.7175376596180138e-14
1787945598900607118,1.2211002065140068e-16,1.719961642615525e-14,1.7078263406861416e-14,1.7175376596180138e-14
1787945599000513654,1.2216348477658008e-16,1.719961642615525e-14,1.7078209945106062e-14,1.7175376596180138e-14
1787945599100550942,1.222152536946624e-16,1.719961642615525e-14,1.707815817848268e-14,1.7175376596180138e-14
1787945599200579554,1.2225958913370758e-16,1.719961642615525e-14,1.7078113845008854e-14,1.7175376596180138e-14
1787945599300677875,1.2230183547606863e-16,1.719961642615525e-14,1.707807160053912e-14,1.7175376596180138e-14
1787945599400760356,1.223548061389758e-16,1.719961642615525e-14,1.707801863222422e-14,1.7175376596180138e-14
1787945599501545236,1.2240719814290895e-16,1.719961642615525e-14,1.7077966242542655e-14,1.7175376596180138e-14
1787945599600645653,1.2246798132923153e-16,1.719961642615525e-14,1.7077905462050675e-14,1.7175376596180138e-14
1787945599700556748,1.2252094253302413e-16,1.719961642615525e-14,1.7077852503194517e-14,1.7175376596180138e-14
1787945599800505221,1.225625183218564e-16,1.719961642615525e-14,1.7077810929248644e-14,1.7175376596180138e-14
1787945599900595227,1.2261426658130985e-16,1.719961642615525e-14,1.7077759183283085e-14,1.7175376596180138e-14
1787945600000554891,1.2267195627652771e-16,1.719961642615525e-14,1.7077701496145145e-14,1.7175376596180138e-14
1787945600100813989,1.2273452664361028e-16,1.719961642615525e-14,1.7077638928551713e-14,1.7175376596180138e-14
1787945600200594733,1.2278109577183644e-16,1.719961642615525e-14,1.7077592361487842e-14,1.7175376596180138e-14
1787945600300738158,1.228315781099737e-16,1.719961642615525e-14,1.7077541881387536e-14,1.7175376596180138e-14
1787945600400675771,1.228786048801069e-16,1.719961642615525e-14,1.7077494856702067e-14,1.7175376596180138e-14
1787945600500448390,1.22935307015705e-16,1.719961642615525e-14,1.707743815708005e-14,1.7175376596180138e-14
1787945600600489786,1.2298981719230945e-16,1.719961642615525e-14,1.7077383649319873e-14,1.7175376596180138e-14
1787945600700805799,1.2302571386867005e-16,1.719961642615525e-14,1.7077347754234815e-14,1.7175376596180138e-14
1787945600800625766,1.230819514824506e-16,1.719961642615525e-14,1.7077291519114068e-14,1.7175376596180138e-14
1787945600900751968,1.2312470129191542e-16,1.719961642615525e-14,1.7077248771199725e-14,1.7175376596180138e-14
1787945601000831895,1.2316976838382943e-16,1.719961642615525e-14,1.7077203706105676e-14,1.7175376596180138e-14
1787945601100788594,1.2322971898845287e-16,1.719961642615525e-14,1.7077143758158727e-14,1.7175376596180138e-14
1787945601200772023,1.2327590184739076e-16,1.719961642615525e-14,1.707709757734714e-14,1.7175376596180138e-14
1787945601300669031,1.2332679786915896e-16,1.719961642615525e-14,1.707704668358167e-14,1.7175376596180138e-14
1787945601400674932,1.2336305652575736e-16,1.719961642615525e-14,1.7077010426532488e-14,1.7175376596180138e-14
1787945601500817013,1.2341190957342952e-16,1.719961642615525e-14,1.707696157565057e-14,1.7175376596180138e-14
1787945601601053369,1.234708981328768e-16,1.719961642615525e-14,1.7076902589706224e-14,1.7175376596180138e-14
1787945601701176316,1.235258105214575e-16,1.719961642615525e-14,1.7076847679752056e-14,1.7175376596180138e-14
1787945601800659480,1.2357645643002474e-16,1.719961642615525e-14,1.7076797036088768e-14,1.7175376596180138e-14
1787945601900687951,1.236286339292951e-16,1.719961642615525e-14,1.707674486090269e-14,1.7175376596180138e-14
1787945602000605198,1.2367730504427705e-16,1.719961642615525e-14,1.7076696191945468e-14,1.7175376596180138e-14
1787945602100775391,1.2371805283093102e-16,1.719961642615525e-14,1.7076655445965313e-14,1.7175376596180138e-14
1787945602201417217,1.237703759560046e-16,1.719961642615525e-14,1.7076603125159927e-14,1.7175376596180138e-14
1787945602300751265,1.2382428542292372e-16,1.719961642615525e-14,1.707654921808304e-14,1.7175376596180138e-14
1787945602400887105,1.2387478481467415e-16,1.719961642615525e-14,1.7076498720930153e-14,1.7175376596180138e-14
1787945602500950291,1.2391891180230114e-16,1.719961642615525e-14,1.7076454595898885e-14,1.7175376596180138e-14
1787945602600874731,1.239765302996724e-16,1.719961642615525e-14,1.7076396979956026e-14,1.7175376596180138e-14
1787945602701341673,1.2402533856121404e-16,1.719961642615525e-14,1.707634817385841e-14,1.7175376596180138e-14
1787945602800509815,1.2406704126961197e-16,1.719961642615525e-14,1.7076306472998923e-14,1.7175376596180138e-14
1787945602900678626,1.2412646680863806e-16,1.719961642615525e-14,1.7076247050094572e-14,1.7175376596180138e-14
1787945603000674408,1.241702060621957e-16,1.719961642615525e-14,1.707620331278024e-14,1.7175376596180138e-14
1787945603101018803,1.2421761692398122e-16,1.719961642615525e-14,1.7076155904020473e-14,1.7175376596180138e-14
1787945603200944856,1.2427281850089215e-16,1.719961642615525e-14,1.707610070489101e-14,1.7175376596180138e-14
1787945603301380320,1.2431639800240037e-16,1.719961642615525e-14,1.7076057127321675e-14,1.7175376596180138e-14
1787945603401645629,1.2436270065709806e-16,1.719961642615525e-14,1.70760108267199e-14,1.7175376596180138e-14
1787945603500797641,1.2441644639877257e-16,1.719961642615525e-14,1.7075957083361163e-14,1.7175376596180138e-14
1787945603600663713,1.2447622216812542e-16,1.719961642615525e-14,1.707589731024212e-14,1.7175376596180138e-14
1787945603700626594,1.2453012588171615e-16,1.719961642615525e-14,1.7075843408918504e-14,1.7175376596180138e-14
1787945603800952465,1.2457352292419997e-16,1.719961642615525e-14,1.7075800013800163e-14,1.7175376596180138e-14
1787945603901539239,1.2463449386678134e-16,1.719961642615525e-14,1.7075739045560935e-14,1.7175376596180138e-14
1787945604000666686,1.2469048945513155e-16,1.719961642615525e-14,1.7075683052455356e-14,1.7175376596180138e-14
1787945604100697702,1.2474498006763967e-16,1.719961642615525e-14,1.7075628564258905e-14,1.7175376596180138e-14
1787945604200868096,1.2479882053174682e-16,1.719961642615525e-14,1.7075574726182044e-14,1.7175376596180138e-14
1787945604301413383,1.248512191381862e-16,1.719961642615525e-14,1.7075522329898933e-14,1.7175376596180138e-14
1787945604400654851,1.249082482446954e-16,1.719961642615525e-14,1.7075465303321086e-14,1.7175376596180138e-14
1787945604500845422,1.249721188571104e-16,1.719961642615525e-14,1.70754014355407e-14,1.7175376596180138e-14
1787945604600782435,1.2501889010053952e-16,1.719961642615525e-14,1.7075354666371126e-14,1.7175376596180138e-14
1787945604701355733,1.2508052970406438e-16,1.719961642615525e-14,1.7075293029500744e-14,1.7175376596180138e-14
1787945604800835010,1.2513057302700266e-16,1.719961642615525e-14,1.7075242988396777e-14,1.7175376596180138e-14
1787945604900904738,1.2517253846598666e-16,1.719961642615525e-14,1.707520102481859e-14,1.7175376596180138e-14
1787945605001204101,1.2522624695123436e-16,1.719961642615525e-14,1.7075147318714858e-14,1.7175376596180138e-14
1787945605100855095,1.2528904108459533e-16,1.719961642615525e-14,1.7075084527365897e-14,1.7175376596180138e-14
1787945605200701821,1.253403347865452e-16,1.719961642615525e-14,1.7075033235938417e-14,1.7175376596180138e-14
1787945605300737076,1.2539753747918282e-16,1.719961642615525e-14,1.7074976035782283e-14,1.7175376596180138e-14
1787945605400763965,1.254520746828655e-16,1.719961642615525e-14,1.7074921500996922e-14,1.7175376596180138e-14
1787945605500670732,1.2551214042328997e-16,1.719961642615525e-14,1.707486143791999e-14,1.7175376596180138e-14
1787945605600897500,1.2555814767234047e-16,1.719961642615525e-14,1.707481543271105e-14,1.7175376596180138e-14
1787945605700970033,1.2561650545233866e-16,1.719961642615525e-14,1.7074757077518842e-14,1.7175376596180138e-14
1787945605800736681,1.2566993600708364e-16,1.719961642615525e-14,1.7074703649333404e-14,1.7175376596180138e-14
1787945605900812240,1.2572748894301793e-16,1.719961642615525e-14,1.7074646098949603e-14,1.7175376596180138e-14
1787945606000816698,1.2578234600279132e-16,1.719961642615525e-14,1.707459124432243e-14,1.7175376596180138e-14
1787945606100756325,1.2582743163684749e-16,1.719961642615525e-14,1.7074546160687677e-14,1.7175376596180138e-14
1787945606200682859,1.258889560827016e-16,1.719961642615525e-14,1.707448463897012e-14,1.7175376596180138e-14
1787945606300656980,1.2594501657947721e-16,1.719961642615525e-14,1.7074428580959357e-14,1.7175376596180138e-14
1787945606400606747,1.259975326301938e-16,1.719961642615525e-14,1.707437606723749e-14,1.7175376596180138e-14
1787945606500754339,1.2605487646149443e-16,1.719961642615525e-14,1.707431872594915e-14,1.7175376596180138e-14
1787945606600928079,1.2610361054595965e-16,1.719961642615525e-14,1.7074269994025844e-14,1.7175376596180138e-14
1787945606701500456,1.2615830179304492e-16,1.719961642615525e-14,1.7074215305204114e-14,1.7175376596180138e-14
1787945606801033843,1.2621938007416217e-16,1.719961642615525e-14,1.707415422963161e-14,1.7175376596180138e-14
1787945606900919902,1.2627131980046958e-16,1.719961642615525e-14,1.707410229220867e-14,1.7175376596180138e-14
1787945607000932314,1.2632811143763704e-16,1.719961642615525e-14,1.707404550309005e-14,1.7175376596180138e-14
1787945607101566525,1.2638932438140143e-16,1.719961642615525e-14,1.7073984292860928e-14,1.7175376596180138e-14
1787945607200790981,1.2644036184373843e-16,1.719961642615525e-14,1.7073933257661992e-14,1.7175376596180138e-14
1787945607300973438,1.2649308271636615e-16,1.719961642615525e-14,1.707388053912743e-14,1.7175376596180138e-14
1787945607401345505,1.2654772731208916e-16,1.719961642615525e-14,1.7073825896955103e-14,1.7175376596180138e-14
1787945607501129224,1.2660693230410465e-16,1.719961642615525e-14,1.707376669458875e-14,1.7175376596180138e-14
1787945607601114216,1.266639632186887e-16,1.719961642615525e-14,1.7073709666203427e-14,1.7175376596180138e-14
1787945607700742839,1.267184894167255e-16,1.719961642615525e-14,1.707365514242358e-14,1.7175376596180138e-14
1787945607800733210,1.2677021395753242e-16,1.719961642615525e-14,1.707360342017673e-14,1.7175376596180138e-14
1787945607902138276,1.2680897161869256e-16,1.719961642615525e-14,1.7073564664234462e-14,1.7175376596180138e-14
1787945608000815972,1.2687290584744265e-16,1.719961642615525e-14,1.7073500732841195e-14,1.7175376596180138e-14
1787945608100936774,1.2692189201566342e-16,1.719961642615525e-14,1.7073451748845526e-14,1.7175376596180138e-14
1787945608200749227,1.2698101692823256e-16,1.719961642615525e-14,1.707339262655518e-14,1.7175376596180138e-14
1787945608300811251,1.2703294406291014e-16,1.719961642615525e-14,1.7073340701723517e-14,1.7175376596180138e-14
1787945608400803877,1.2708167858877786e-16,1.719961642615525e-14,1.7073291969359078e-14,1.7175376596180138e-14
1787945608500773781,1.2714642161428843e-16,1.719961642615525e-14,1.7073227229205012e-14,1.7175376596180138e-14
1787945608600770854,1.2719584892341794e-16,1.719961642615525e-14,1.7073177804088072e-14,1.7175376596180138e-14
1787945608701423991,1.2724671130203132e-16,1.719961642615525e-14,1.7073126943965303e-14,1.7175376596180138e-14
1787945608800974960,1.2729833538461675e-16,1.719961642615525e-14,1.707307532217236e-14,1.7175376596180138e-14
1787945608901180930,1.2734511350598723e-16,1.719961642615525e-14,1.7073028546125717e-14,1.7175376596180138e-14
1787945609001266387,1.2740241701232552e-16,1.719961642615525e-14,1.7072971245160947e-14,1.7175376596180138e-14
1787945609100797030,1.2746285544171646e-16,1.719961642615525e-14,1.7072910809412186e-14,1.7175376596180138e-14
1787945609200896052,1.275274232074539e-16,1.719961642615525e-14,1.7072846244510248e-14,1.7175376596180138e-14
1787945609300728482,1.2758559559720951e-16,1.719961642615525e-14,1.7072788074700653e-14,1.7175376596180138e-14
1787945609400812406,1.2763285633106354e-16,1.719961642615525e-14,1.7072740816063002e-14,1.7175376596180138e-14
1787945609500766621,1.276865251545915e-16,1.719961642615525e-14,1.7072687149619915e-14,1.7175376596180138e-14
1787945609600871143,1.277392148370916e-16,1.719961642615525e-14,1.7072634462274443e-14,1.7175376596180138e-14
1787945609701025798,1.2778488751677437e-16,1.719961642615525e-14,1.707258879162056e-14,1.7175376596180138e-14
1787945609801124800,1.278286945334277e-16,1.719961642615525e-14,1.7072544986546967e-14,1.7175376596180138e-14
1787945609902529075,1.2787256076836332e-16,1.719961642615525e-14,1.707250112225773e-14,1.7175376596180138e-14
1787945610001733885,1.2793004871577767e-16,1.719961642615525e-14,1.7072443636860222e-14,1.7175376596180138e-14
1787945610101015757,1.2798344250197204e-16,1.719961642615525e-14,1.7072390245442353e-14,1.7175376596180138e-14
1787945610200603835,1.2804088622181912e-16,1.719961642615525e-14,1.7072332804270482e-14,1.7175376596180138e-14
1787945610300649178,1.280976782208584e-16,1.719961642615525e-14,1.7072276014790533e-14,1.7175376596180138e-14
1787945610400712575,1.2814359823345153e-16,1.719961642615525e-14,1.7072230096814797e-14,1.7175376596180138e-14
1787945610500631725,1.281963646401087e-16,1.719961642615525e-14,1.7072177332748692e-14,1.7175376596180138e-14
1787945610600608682,1.282428840935128e-16,1.719961642615525e-14,1.707213081535876e-14,1.7175376596180138e-14
1787945610700926268,1.2829245968927142e-16,1.719961642615525e-14,1.7072081241962046e-14,1.7175376596180138e-14
1787945610800583754,1.2834750278475188e-16,1.719961642615525e-14,1.707202620130815e-14,1.7175376596180138e-14
1787945610900663762,1.2840116391972216e-16,1.719961642615525e-14,1.7071972542553478e-14,1.7175376596180138e-14
1787945611000622965,1.2846305503100804e-16,1.719961642615525e-14,1.7071910654187575e-14,1.7175376596180138e-14
1787945611100595023,1.28513354494434e-16,1.719961642615525e-14,1.707186035695536e-14,1.7175376596180138e-14
1787945611200659732,1.2857254014194773e-16,1.719961642615525e-14,1.7071801173933253e-14,1.7175376596180138e-14
1787945611300585655,1.2862409321869502e-16,1.719961642615525e-14,1.7071749623143356e-14,1.7175376596180138e-14
1787945611400513100,1.2867201338140322e-16,1.719961642615525e-14,1.7071701705106353e-14,1.7175376596180138e-14
1787945611500631498,1.287162041291658e-16,1.719961642615525e-14,1.707165751631888e-14,1.7175376596180138e-14
1787945611600574693,1.2876286912467358e-16,1.719961642615525e-14,1.7071610853393426e-14,1.7175376596180138e-14
1787945611700685697,1.2882944112323143e-16,1.719961642615525e-14,1.707154428434801e-14,1.7175376596180138e-14
1787945611800642340,1.288863004889524e-16,1.719961642615525e-14,1.7071487427504598e-14,1.7175376596180138e-14
1787945611900534069,1.2894204487607045e-16,1.719961642615525e-14,1.7071431685590343e-14,1.7175376596180138e-14
1787945612001217589,1.2900020745430485e-16,1.719961642615525e-14,1.7071373525592262e-14,1.7175376596180138e-14
1787945612100863169,1.2904595998276732e-16,1.719961642615525e-14,1.707132777509344e-14,1.7175376596180138e-14
1787945612200652255,1.291057550541928e-16,1.719961642615525e-14,1.7071267982674622e-14,1.7175376596180138e-14
1787945612300633796,1.291512976952456e-16,1.719961642615525e-14,1.707122244205393e-14,1.7175376596180138e-14
1787945612400820758,1.2921087472550027e-16,1.719961642615525e-14,1.7071162867666638e-14,1.7175376596180138e-14
1787945612500762744,1.292716568707416e-16,1.719961642615525e-14,1.7071102088217845e-14,1.7175376596180138e-14
1787945612600932523,1.2931768492266022e-16,1.719961642615525e-14,1.7071056062207854e-14,1.7175376596180138e-14
1787945612700691061,1.2936093385626225e-16,1.719961642615525e-14,1.7071012815192906e-14,1.7175376596180138e-14
1787945612800555399,1.2941594693663797e-16,1.719961642615525e-14,1.707095780455309e-14,1.7175376596180138e-14
1787945612900987578,1.2946786228258688e-16,1.719961642615525e-14,1.7070905891510286e-14,1.7175376596180138e-14
1787945613000683676,1.2950840385476738e-16,1.719961642615525e-14,1.707086535173668e-14,1.7175376596180138e-14
1787945613100797701,1.2955839408437257e-16,1.719961642615525e-14,1.7070815363724842e-14,1.7175376596180138e-14
1787945613200609299,1.296201239718959e-16,1.719961642615525e-14,1.707075363657592e-14,1.7175376596180138e-14
1787945613300677096,1.2966872330567612e-16,1.719961642615525e-14,1.707070503939823e-14,1.7175376596180138e-14
1787945613400598043,1.297166621043131e-16,1.719961642615525e-14,1.7070657102726387e-14,1.7175376596180138e-14
1787945613500652544,1.2977287486274058e-16,1.719961642615525e-14,1.7070600892461843e-14,1.7175376596180138e-14
1787945613600658753,1.2982171900684729e-16,1.719961642615525e-14,1.7070552050484724e-14,1.7175376596180138e-14
1787945613700581464,1.2987606561670907e-16,1.719961642615525e-14,1.7070497706285983e-14,1.7175376596180138e-14
1787945613800671643,1.2991996393327377e-16,1.719961642615525e-14,1.7070453809917008e-14,1.7175376596180138e-14
1787945613901221737,1.2997009814274134e-16,1.719961642615525e-14,1.7070403677931802e-14,1.7175376596180138e-14
1787945614000561278,1.3003183850111542e-16,1.719961642615525e-14,1.7070341940312624e-14,1.7175376596180138e-14
1787945614100622082,1.3009400358460752e-16,1.719961642615525e-14,1.7070279777987196e-14,1.7175376596180138e-14
1787945614200655524,1.3013447231437375e-16,1.719961642615525e-14,1.7070239311052905e-14,1.7175376596180138e-14
1787945614300631006,1.3017926876231213e-16,1.719961642615525e-14,1.707019451659246e-14,1.7175376596180138e-14
1787945614400680128,1.3022430377576912e-16,1.719961642615525e-14,1.7070149483577095e-14,1.7175376596180138e-14
1787945614500627016,1.3027982862252905e-16,1.719961642615525e-14,1.7070093961193845e-14,1.7175376596180138e-14
1787945614600679254,1.3034043835664098e-16,1.719961642615525e-14,1.7070033354148868e-14,1.7175376596180138e-14
1787945614700714700,1.304000721051549e-16,1.719961642615525e-14,1.7069973723046204e-14,1.7175376596180138e-14
1787945614800671756,1.3044922192133347e-16,1.719961642615525e-14,1.7069924575410733e-14,1.7175376596180138e-14
1787945614900736177,1.3049862786801032e-16,1.719961642615525e-14,1.7069875171656143e-14,1.7175376596180138e-14
1787945615000664179,1.3054774518970096e-16,1.719961642615525e-14,1.7069826056513746e-14,1.7175376596180138e-14
1787945615100703994,1.306040158402123e-16,1.719961642615525e-14,1.706976978835993e-14,1.7175376596180138e-14
1787945615200763517,1.3066323206625346e-16,1.719961642615525e-14,1.7069710574761293e-14,1.7175376596180138e-14
1787945615300843689,1.3071263830853118e-16,1.719961642615525e-14,1.7069661170711173e-14,1.7175376596180138e-14
1787945615400602199,1.3076959679518658e-16,1.719961642615525e-14,1.7069604214751783e-14,1.7175376596180138e-14
1787945615500839821,1.3082667258011756e-16,1.719961642615525e-14,1.7069547141499334e-14,1.7175376596180138e-14
1787945615600660199,1.3088422418384547e-16,1.719961642615525e-14,1.7069489592449223e-14,1.7175376596180138e-14
1787945615700612418,1.30934487262287e-16,1.719961642615525e-14,1.706943933160101e-14,1.7175376596180138e-14
1787945615801624012,1.309899794836184e-16,1.719961642615525e-14,1.7069383841841947e-14,1.7175376596180138e-14
1787945615901432346,1.3105133923436347e-16,1.719961642615525e-14,1.7069322484813837e-14,1.7175376596180138e-14
1787945616000833186,1.3109788368057377e-16,1.719961642615525e-14,1.70692759424329e-14,1.7175376596180138e-14
1787945616100776449,1.311522698440765e-16,1.719961642615525e-14,1.7069221558682632e-14,1.7175376596180138e-14
1787945616200665589,1.3120400226749107e-16,1.719961642615525e-14,1.7069169828554715e-14,1.7175376596180138e-14
1787945616300691268,1.3126594870380396e-16,1.719961642615525e-14,1.7069107884867142e-14,1.7175376596180138e-14
1787945616400720865,1.3132650283555815e-16,1.719961642615525e-14,1.7069047333422365e-14,1.7175376596180138e-14
1787945616500830484,1.3137830145275018e-16,1.719961642615525e-14,1.7068995537103657e-14,1.7175376596180138e-14
1787945616600694286,1.3143828501090007e-16,1.719961642615525e-14,1.70689355562072e-14,1.7175376596180138e-14
1787945616700729584,1.3149485333568055e-16,1.719961642615525e-14,1.7068878990392583e-14,1.7175376596180138e-14
1787945616800690350,1.3155225986728783e-16,1.719961642615525e-14,1.7068821586408357e-14,1.7175376596180138e-14
1787945616900680191,1.3160756900776186e-16,1.719961642615525e-14,1.7068766279722202e-14,1.7175376596180138e-14
1787945617000810840,1.3166061063232706e-16,1.719961642615525e-14,1.7068713240451356e-14,1.7175376596180138e-14
1787945617100795493,1.3170017720782896e-16,1.719961642615525e-14,1.7068673675631628e-14,1.7175376596180138e-14
1787945617200914150,1.317526060589477e-16,1.719961642615525e-14,1.7068621249107057e-14,1.7175376596180138e-14
1787945617300848147,1.3180248492404755e-16,1.719961642615525e-14,1.7068571372455368e-14,1.7175376596180138e-14
1787945617400787032,1.3185498577813102e-16,1.719961642615525e-14,1.7068518873931055e-14,1.7175376596180138e-14
1787945617503748637,1.3191393700441395e-16,1.719961642615525e-14,1.7068459925320803e-14,1.7175376596180138e-14
1787945617600923846,1.319659484420325e-16,1.719961642615525e-14,1.7068407916191272e-14,1.7175376596180138e-14
1787945617701889164,1.3202753853179885e-16,1.719961642615525e-14,1.7068346328834675e-14,1.7175376596180138e-14
1787945617800958535,1.3207789825404152e-16,1.719961642615525e-14,1.706829597134725e-14,1.7175376596180138e-14
1787945617900982783,1.321296981782746e-16,1.719961642615525e-14,1.7068244173721763e-14,1.7175376596180138e-14
1787945618001228613,1.321864473173747e-16,1.719961642615525e-14,1.7068187427101053e-14,1.7175376596180138e-14
1787945618100641409,1.3225146493540877e-16,1.719961642615525e-14,1.706812241236837e-14,1.7175376596180138e-14
1787945618200686778,1.3230329644293334e-16,1.719961642615525e-14,1.7068070583161035e-14,1.7175376596180138e-14
1787945618300852856,1.3235685494019721e-16,1.719961642615525e-14,1.706801702704062e-14,1.7175376596180138e-14
1787945618400642449,1.3241061508424433e-16,1.719961642615525e-14,1.7067963269282382e-14,1.7175376596180138e-14
1787945618500684943,1.3247200134164027e-16,1.719961642615525e-14,1.7067901885749255e-14,1.7175376596180138e-14
1787945618600636504,1.3253111537887086e-16,1.719961642615525e-14,1.7067842774335468e-14,1.7175376596180138e-14
1787945618700630806,1.3258424674888858e-16,1.719961642615525e-14,1.7067789645323407e-14,1.7175376596180138e-14
1787945618800663851,1.3263779136851674e-16,1.719961642615525e-14,1.7067736103080086e-14,1.7175376596180138e-14
1787945618900692639,1.3269287026629725e-16,1.719961642615525e-14,1.7067681026626723e-14,1.7175376596180138e-14
1787945619000633189,1.327577883359496e-16,1.719961642615525e-14,1.7067616111438174e-14,1.7175376596180138e-14
1787945619100658631,1.3281970779200407e-16,1.719961642615525e-14,1.7067554194730162e-14,1.7175376596180138e-14
1787945619201841515,1.3287255227680271e-16,1.719961642615525e-14,1.7067501352590667e-14,1.7175376596180138e-14
1787945619300856385,1.3293287925072342e-16,1.719961642615525e-14,1.7067441028294144e-14,1.7175376596180138e-14
1787945619400616132,1.329801132339849e-16,1.719961642615525e-14,1.706739379640721e-14,1.7175376596180138e-14
1787945619500714584,1.3303602034322255e-16,1.719961642615525e-14,1.706733789177925e-14,1.7175376596180138e-14
1787945619600768460,1.3309964739848472e-16,1.719961642615525e-14,1.7067274267547905e-14,1.7175376596180138e-14
1787945619700660168,1.331573282913412e-16,1.719961642615525e-14,1.7067216589215078e-14,1.7175376596180138e-14
1787945619800580781,1.3321805261066173e-16,1.719961642615525e-14,1.7067155867590888e-14,1.7175376596180138e-14
1787945619900632093,1.3326090396589738e-16,1.719961642615525e-14,1.7067113018137533e-14,1.7175376596180138e-14
1787945620000763356,1.3331317931091228e-16,1.719961642615525e-14,1.7067060745112682e-14,1.7175376596180138e-14
1787945620101398189,1.3336507581508115e-16,1.719961642615525e-14,1.7067008850911873e-14,1.7175376596180138e-14
1787945620200683304,1.334206996671715e-16,1.719961642615525e-14,1.7066953229528597e-14,1.7175376596180138e-14
1787945620300687337,1.3347370181110683e-16,1.719961642615525e-14,1.7066900229737128e-14,1.7175376596180138e-14
1787945620401190259,1.3353558007653302e-16,1.719961642615525e-14,1.7066838354218146e-14,1.7175376596180138e-14
1787945620501626574,1.335900401051991e-16,1.719961642615525e-14,1.7066783896606685e-14,1.7175376596180138e-14
1787945620600842838,1.3363883092004335e-16,1.719961642615525e-14,1.706673510795743e-14,1.7175376596180138e-14
1787945620700819178,1.3368956761366474e-16,1.719961642615525e-14,1.706668437351578e-14,1.7175376596180138e-14
1787945620800955082,1.3375842656444959e-16,1.719961642615525e-14,1.7066615517621354e-14,1.7175376596180138e-14
1787945620900903259,1.3380553116250947e-16,1.719961642615525e-14,1.7066568415114082e-14,1.7175376596180138e-14
1787945621000765442,1.3384321943222344e-16,1.719961642615525e-14,1.706653072851721e-14,1.7175376596180138e-14
1787945621100615382,1.3388467146444887e-16,1.719961642615525e-14,1.7066489278324896e-14,1.7175376596180138e-14
1787945621200626911,1.3392955839159504e-16,1.719961642615525e-14,1.706644439339013e-14,1.7175376596180138e-14
1787945621300618691,1.3398149691856246e-16,1.719961642615525e-14,1.706639245716856e-14,1.7175376596180138e-14
1787945621400600683,1.34034127086771e-16,1.719961642615525e-14,1.706633982933646e-14,1.7175376596180138e-14
1787945621500714777,1.3408016911492732e-16,1.719961642615525e-14,1.7066293789351995e-14,1.7175376596180138e-14
1787945621600725073,1.3412327000538538e-16,1.719961642615525e-14,1.7066250690374688e-14,1.7175376596180138e-14
1787945621700648814,1.3416387064573618e-16,1.719961642615525e-14,1.7066210091536517e-14,1.7175376596180138e-14
1787945621800594026,1.3421128303445965e-16,1.719961642615525e-14,1.7066162681252345e-14,1.7175376596180138e-14
1787945621900790656,1.342682633948239e-16,1.719961642615525e-14,1.706610570342125e-14,1.7175376596180138e-14
1787945622000586073,1.3431276858850393e-16,1.719961642615525e-14,1.70660612002031e-14,1.7175376596180138e-14
1787945622100954982,1.343641147275147e-16,1.719961642615525e-14,1.706600985634329e-14,1.7175376596180138e-14
1787945622200964428,1.3441839983689395e-16,1.719961642615525e-14,1.7065955573643585e-14,1.7175376596180138e-14
1787945622300659055,1.3446740735808147e-16,1.719961642615525e-14,1.706590656829782e-14,1.7175376596180138e-14
1787945622401021191,1.3451192384733026e-16,1.719961642615525e-14,1.7065862053784644e-14,1.7175376596180138e-14
1787945622500895660,1.3456880314896747e-16,1.719961642615525e-14,1.706580517700788e-14,1.7175376596180138e-14
1787945622600686970,1.346279283969493e-16,1.719961642615525e-14,1.706574605438449e-14,1.7175376596180138e-14
1787945622700631703,1.3466400775411416e-16,1.719961642615525e-14,1.706570997662891e-14,1.7175376596180138e-14
1787945622801286595,1.347118075454971e-16,1.719961642615525e-14,1.7065662178959393e-14,1.7175376596180138e-14
1787945622900675240,1.3476041834147987e-16,1.719961642615525e-14,1.7065613570321296e-14,1.7175376596180138e-14
1787945623000502299,1.348029584227609e-16,1.719961642615525e-14,1.7065571032128426e-14,1.7175376596180138e-14
1787945623100610614,1.348723436772097e-16,1.719961642615525e-14,1.7065501649954095e-14,1.7175376596180138e-14
1787945623201072721,1.3492257527257845e-16,1.719961642615525e-14,1.70654514205886e-14,1.7175376596180138e-14
1787945623300682087,1.3496257627160072e-16,1.719961642615525e-14,1.7065411421365306e-14,1.7175376596180138e-14
1787945623400632682,1.350095099393864e-16,1.719961642615525e-14,1.7065364489781015e-14,1.7175376596180138e-14
1787945623500739544,1.3506626159316347e-16,1.719961642615525e-14,1.7065307740646597e-14,1.7175376596180138e-14
1787945623600765371,1.3512364096350914e-16,1.719961642615525e-14,1.7065250363823486e-14,1.7175376596180138e-14
1787945623700664408,1.3517452771997047e-16,1.719961642615525e-14,1.706519947932605e-14,1.7175376596180138e-14
1787945623800580958,1.3521688260434788e-16,1.719961642615525e-14,1.706515712632195e-14,1.7175376596180138e-14
1787945623900976389,1.3526016821110266e-16,1.719961642615525e-14,1.7065113842636802e-14,1.7175376596180138e-14
1787945624000628476,1.3532161840093763e-16,1.719961642615525e-14,1.7065052395174984e-14,1.7175376596180138e-14
1787945624100573391,1.3537196640708852e-16,1.719961642615525e-14,1.7065002049403993e-14,1.7175376596180138e-14
1787945624200658853,1.354261693006306e-16,1.719961642615525e-14,1.7064947848916758e-14,1.7175376596180138e-14
1787945624300585093,1.3548393243412897e-16,1.719961642615525e-14,1.7064890088347643e-14,1.7175376596180138e-14
1787945624400615932,1.3553090593274646e-16,1.719961642615525e-14,1.7064843116934418e-14,1.7175376596180138e-14
1787945624500654435,1.3558147619600386e-16,1.719961642615525e-14,1.7064792548916243e-14,1.7175376596180138e-14
1787945624600644285,1.356359028688181e-16,1.719961642615525e-14,1.7064738124659733e-14,1.7175376596180138e-14
1787945624700898829,1.3568239691852149e-16,1.719961642615525e-14,1.706469163267417e-14,1.7175376596180138e-14
1787945624800738865,1.3573694695188968e-16,1.719961642615525e-14,1.706463708506261e-14,1.7175376596180138e-14
1787945624900815490,1.3578104797366743e-16,1.719961642615525e-14,1.706459298599876e-14,1.7175376596180138e-14
1787945625001622344,1.3582834968505688e-16,1.719961642615525e-14,1.7064545686387404e-14,1.7175376596180138e-14
1787945625100781306,1.3586869567778595e-16,1.719961642615525e-14,1.706450534218591e-14,1.7175376596180138e-14
1787945625201241753,1.3592685931953095e-16,1.719961642615525e-14,1.706444718112646e-14,1.7175376596180138e-14
1787945625301343618,1.35980335073347e-16,1.719961642615525e-14,1.7064393707746828e-14,1.7175376596180138e-14
1787945625401243428,1.3604210948627344e-16,1.719961642615525e-14,1.7064331936076542e-14,1.7175376596180138e-14
1787945625501695449,1.3609428813479832e-16,1.719961642615525e-14,1.7064279759744644e-14,1.7175376596180138e-14
1787945625600561805,1.3613357620302905e-16,1.719961642615525e-14,1.7064240473420732e-14,1.7175376596180138e-14
1787945625701196342,1.3619543713907938e-16,1.719961642615525e-14,1.7064178615231213e-14,1.7175376596180138e-14
1787945625800665825,1.3625520957824951e-16,1.719961642615525e-14,1.7064118845445865e-14,1.7175376596180138e-14
1787945625900816212,1.3630229903362335e-16,1.719961642615525e-14,1.706407175808122e-14,1.7175376596180138e-14
1787945626000719850,1.363422923745896e-16,1.719961642615525e-14,1.7064031766515933e-14,1.7175376596180138e-14
1787945626100721425,1.3639132530215253e-16,1.719961642615525e-14,1.7063982735765408e-14,1.7175376596180138e-14
1787945626200740384,1.3643501684685644e-16,1.719961642615525e-14,1.7063939046160596e-14,1.7175376596180138e-14
1787945626300767748,1.3648716091227516e-16,1.719961642615525e-14,1.7063886904410376e-14,1.7175376596180138e-14
1787945626400682839,1.3653899030909402e-16,1.719961642615525e-14,1.7063835077314796e-14,1.7175376596180138e-14
1787945626500704362,1.3658746374818597e-16,1.719961642615525e-14,1.706378660602795e-14,1.7175376596180138e-14
1787945626600631506,1.366284506432e-16,1.719961642615525e-14,1.706374562095279e-14,1.7175376596180138e-14
1787945626700786824,1.366689793570104e-16,1.719961642615525e-14,1.7063705094038494e-14,1.7175376596180138e-14
1787945626801085294,1.3672031128503763e-16,1.719961642615525e-14,1.7063653764389667e-14,1.7175376596180138e-14
1787945626900758224,1.3676899662393273e-16,1.719961642615525e-14,1.7063605081212473e-14,1.7175376596180138e-14
1787945627000630494,1.3682127460733082e-16,1.719961642615525e-14,1.7063552805550308e-14,1.7175376596180138e-14
1787945627100661456,1.3687484638378643e-16,1.719961642615525e-14,1.7063499236152552e-14,1.7175376596180138e-14
1787945627200652623,1.369280107845933e-16,1.719961642615525e-14,1.7063446074112365e-14,1.7175376596180138e-14
1787945627300641666,1.3698632777028589e-16,1.719961642615525e-14,1.7063387759716096e-14,1.7175376596180138e-14
1787945627400827633,1.3704472710854216e-16,1.719961642615525e-14,1.7063329362970944e-14,1.7175376596180138e-14
1787945627500850420,1.3709843776091248e-16,1.719961642615525e-14,1.7063275654703495e-14,1.7175376596180138e-14
1787945627600602362,1.3715076890518576e-16,1.719961642615525e-14,1.7063223325882907e-14,1.7175376596180138e-14
1787945627700534356,1.3720519594757099e-16,1.719961642615525e-14,1.7063168901257286e-14,1.7175376596180138e-14
1787945627800556402,1.3724259367511922e-16,1.719961642615525e-14,1.7063131505190345e-14,1.7175376596180138e-14
1787945627900575883,1.3729120522752557e-16,1.719961642615525e-14,1.70630828957965e-14,1.7175376596180138e-14
1787945628001002748,1.3734020786948868e-16,1.719961642615525e-14,1.706303389533047e-14,1.7175376596180138e-14
1787945628100522119,1.3739106639087802e-16,1.719961642615525e-14,1.7062983039067438e-14,1.7175376596180138e-14
1787945628200703980,1.3743148413297346e-16,1.719961642615525e-14,1.7062942623120092e-14,1.7175376596180138e-14
1787945628300990028,1.374809857841968e-16,1.719961642615525e-14,1.7062893123667e-14,1.7175376596180138e-14
1787945628400661168,1.3752725331424373e-16,1.719961642615525e-14,1.7062846858191483e-14,1.7175376596180138e-14
1787945628500677414,1.3757462321120846e-16,1.719961642615525e-14,1.706279949039801e-14,1.7175376596180138e-14
1787945628600622334,1.3762244449608128e-16,1.719961642615525e-14,1.7062751671236688e-14,1.7175376596180138e-14
1787945628700553398,1.3768087632830208e-16,1.719961642615525e-14,1.7062693241999204e-14,1.7175376596180138e-14
1787945628800542733,1.3773044900267648e-16,1.719961642615525e-14,1.7062643671526175e-14,1.7175376596180138e-14
1787945628901116008,1.3777937822795853e-16,1.719961642615525e-14,1.7062594744473682e-14,1.7175376596180138e-14
1787945629000587859,1.3784049149994705e-16,1.719961642615525e-14,1.706253363391555e-14,1.7175376596180138e-14
1787945629100700919,1.37885028748826e-16,1.719961642615525e-14,1.7062489098644452e-14,1.7175376596180138e-14
1787945629200631444,1.3793508827794586e-16,1.719961642615525e-14,1.7062439041338354e-14,1.7175376596180138e-14
1787945629301800472,1.3797931832482096e-16,1.719961642615525e-14,1.706239481325564e-14,1.7175376596180138e-14
1787945629400633931,1.380284201389326e-16,1.719961642615525e-14,1.7062345713622043e-14,1.7175376596180138e-14
1787945629500838406,1.380791772403181e-16,1.719961642615525e-14,1.7062294958774696e-14,1.7175376596180138e-14
1787945629600719045,1.3813026402359105e-16,1.719961642615525e-14,1.7062243874260114e-14,1.7175376596180138e-14
1787945629700736515,1.3818651566308918e-16,1.719961642615525e-14,1.7062187625118684e-14,1.7175376596180138e-14
1787945629800666358,1.382361631862397e-16,1.719961642615525e-14,1.7062137979800338e-14,1.7175376596180138e-14
1787945629900642939,1.3828344215384963e-16,1.719961642615525e-14,1.7062090702932358e-14,1.7175376596180138e-14
1787945630000650720,1.3832455570852887e-16,1.719961642615525e-14,1.7062049591203515e-14,1.7175376596180138e-14
1787945630100645528,1.3836678381968443e-16,1.719961642615525e-14,1.7062007364967703e-14,1.7175376596180138e-14
1787945630200636699,1.384200623897436e-16,1.719961642615525e-14,1.7061954088763746e-14,1.7175376596180138e-14
1787945630300542798,1.3847608516738884e-16,1.719961642615525e-14,1.7061898068474096e-14,1.7175376596180138e-14
1787945630400610664,1.3852175599490162e-16,1.719961642615525e-14,1.7061852399674853e-14,1.7175376596180138e-14
1787945630500802577,1.3856789477585788e-16,1.719961642615525e-14,1.7061806262942958e-14,1.7175376596180138e-14
1787945630600819126,1.3860922621285063e-16,1.719961642615525e-14,1.7061764933341537e-14,1.7175376596180138e-14
1787945630700901370,1.3866259257250583e-16,1.719961642615525e-14,1.7061711569351955e-14,1.7175376596180138e-14
1787945630800772522,1.38711456560965e-16,1.719961642615525e-14,1.7061662707533624e-14,1.7175376596180138e-14
1787945630900703128,1.3876146673734665e-16,1.719961642615525e-14,1.7061612699578286e-14,1.7175376596180138e-14
1787945631001055105,1.3882074397799583e-16,1.719961642615525e-14,1.706155342497027e-14,1.7175376596180138e-14
1787945631100608284,1.388701460099424e-16,1.719961642615525e-14,1.7061504025132385e-14,1.7175376596180138e-14
1787945631200719244,1.389217955932847e-16,1.719961642615525e-14,1.7061452377842938e-14,1.7175376596180138e-14
1787945631300636796,1.3896859496750655e-16,1.719961642615525e-14,1.7061405580547218e-14,1.7175376596180138e-14
1787945631400825454,1.3901386559010637e-16,1.719961642615525e-14,1.706136031193523e-14,1.7175376596180138e-14
1787945631500787691,1.390650728312398e-16,1.719961642615525e-14,1.7061309106968384e-14,1.7175376596180138e-14
1787945631601126584,1.3912242331022828e-16,1.719961642615525e-14,1.7061251759036546e-14,1.7175376596180138e-14
1787945631700781487,1.3916171418372666e-16,1.719961642615525e-14,1.706121246990811e-14,1.7175376596180138e-14
1787945631800740908,1.3920742539956369e-16,1.719961642615525e-14,1.70611667607225e-14,1.7175376596180138e-14
1787945631900716701,1.3926758973940826e-16,1.719961642615525e-14,1.7061106599054823e-14,1.7175376596180138e-14
1787945632002521250,1.3931207690829445e-16,1.719961642615525e-14,1.7061062113861823e-14,1.7175376596180138e-14
1787945632100765674,1.3936215975582434e-16,1.719961642615525e-14,1.7061012033238723e-14,1.7175376596180138e-14
1787945632201266757,1.394025352272704e-16,1.719961642615525e-14,1.7060971659560558e-14,1.7175376596180138e-14
1787945632300738833,1.394509258109676e-16,1.719961642615525e-14,1.7060923271126154e-14,1.7175376596180138e-14
1787945632400852780,1.394986867684673e-16,1.719961642615525e-14,1.706087551228999e-14,1.7175376596180138e-14
1787945632500944625,1.3954156379309435e-16,1.719961642615525e-14,1.7060832637169788e-14,1.7175376596180138e-14
1787945632600842641,1.3958933225591314e-16,1.719961642615525e-14,1.7060784870828658e-14,1.7175376596180138e-14
1787945632701062890,1.3964374432272508e-16,1.719961642615525e-14,1.7060730461178637e-14,1.7175376596180138e-14
1787945632801297286,1.39694054510996e-16,1.719961642615525e-14,1.706068015322498e-14,1.7175376596180138e-14
1787945632901115330,1.3973270537449121e-16,1.719961642615525e-14,1.7060641504078237e-14,1.7175376596180138e-14
1787945633000726401,1.3978550146830786e-16,1.719961642615525e-14,1.7060588710329477e-14,1.7175376596180138e-14
1787945633100608198,1.3983483050584058e-16,1.719961642615525e-14,1.7060539383483016e-14,1.7175376596180138e-14
1787945633200466110,1.398836120057538e-16,1.719961642615525e-14,1.706049060414986e-14,1.7175376596180138e-14
1787945633300853337,1.39936782060097e-16,1.719961642615525e-14,1.7060437436457225e-14,1.7175376596180138e-14
1787945633400527780,1.3998338116452681e-16,1.719961642615525e-14,1.7060390839422646e-14,1.7175376596180138e-14
1787945633500558841,1.4003987779284492e-16,1.719961642615525e-14,1.7060334345303823e-14,1.7175376596180138e-14
1787945633600605772,1.4006831775216603e-16,1.719961642615525e-14,1.7060305906607768e-14,1.7175376596180138e-14
1787945633700667531,1.4012265673199474e-16,1.719961642615525e-14,1.7060251570041616e-14,1.7175376596180138e-14
1787945633800585797,1.4017220288060723e-16,1.719961642615525e-14,1.7060202026093806e-14,1.7175376596180138e-14
1787945633900883534,1.4022911614575151e-16,1.719961642615525e-14,1.706014511535672e-14,1.7175376596180138e-14
1787945634001018202,1.4028253678192831e-16,1.719961642615525e-14,1.7060091697093475e-14,1.7175376596180138e-14
1787945634100686505,1.4032925782445269e-16,1.719961642615525e-14,1.7060044978126304e-14,1.7175376596180138e-14
1787945634200778122,1.403881056377751e-16,1.719961642615525e-14,1.7059986132927018e-14,1.7175376596180138e-14
1787945634300646074,1.4043710178088586e-16,1.719961642615525e-14,1.7059937138960345e-14,1.7175376596180138e-14
1787945634400734655,1.4049065690539979e-16,1.719961642615525e-14,1.7059883586214795e-14,1.7175376596180138e-14
1787945634500880285,1.4053767151132986e-16,1.719961642615525e-14,1.7059836573697304e-14,1.7175376596180138e-14
1787945634600997541,1.4058112914397804e-16,1.719961642615525e-14,1.7059793117995102e-14,1.7175376596180138e-14
1787945634700969340,1.4061893884219398e-16,1.719961642615525e-14,1.7059755309976454e-14,1.7175376596180138e-14
1787945634800787087,1.4067209354273024e-16,1.719961642615525e-14,1.7059702157637143e-14,1.7175376596180138e-14
1787945634900844820,1.4073195801082559e-16,1.719961642615525e-14,1.7059642295828355e-14,1.7175376596180138e-14
1787945635000846857,1.407840592148809e-16,1.719961642615525e-14,1.7059590196938756e-14,1.7175376596180138e-14
1787945635101502156,1.408325725233868e-16,1.719961642615525e-14,1.7059541685785344e-14,1.7175376596180138e-14
1787945635200941686,1.4088265608789953e-16,1.719961642615525e-14,1.7059491604445688e-14,1.7175376596180138e-14
1787945635300696634,1.40939374513843e-16,1.719961642615525e-14,1.7059434888539356e-14,1.7175376596180138e-14
1787945635400994775,1.409894427205698e-16,1.719961642615525e-14,1.7059384822556836e-14,1.7175376596180138e-14
1787945635500849363,1.4104972783301684e-16,1.719961642615525e-14,1.7059324540122476e-14,1.7175376596180138e-14
1787945635600947043,1.4109728028119878e-16,1.719961642615525e-14,1.7059276989786766e-14,1.7175376596180138e-14
1787945635700680852,1.411379294053332e-16,1.719961642615525e-14,1.7059236342468438e-14,1.7175376596180138e-14
1787945635800586727,1.411918629766782e-16,1.719961642615525e-14,1.7059182411293065e-14,1.7175376596180138e-14
1787945635900693895,1.4125812500248072e-16,1.719961642615525e-14,1.7059116152210942e-14,1.7175376596180138e-14
1787945636000712876,1.4131031045848844e-16,1.719961642615525e-14,1.705906396907328e-14,1.7175376596180138e-14
1787945636100641085,1.4136368876128285e-16,1.719961642615525e-14,1.705901059314184e-14,1.7175376596180138e-14
1787945636200718959,1.4141691795441255e-16,1.719961642615525e-14,1.705895736631345e-14,1.7175376596180138e-14
1787945636300786313,1.414655653060537e-16,1.719961642615525e-14,1.7058908721123016e-14,1.7175376596180138e-14
1787945636400609353,1.415167612632511e-16,1.719961642615525e-14,1.7058857527440258e-14,1.7175376596180138e-14
1787945636500755737,1.4155822269851653e-16,1.719961642615525e-14,1.7058816067846977e-14,1.7175376596180138e-14
1787945636600652977,1.4161008235182792e-16,1.719961642615525e-14,1.705876421049762e-14,1.7175376596180138e-14
1787945636700668563,1.4166367638357037e-16,1.719961642615525e-14,1.7058710618846894e-14,1.7175376596180138e-14
1787945636800470041,1.416981754457636e-16,1.719961642615525e-14,1.7058676121317398e-14,1.7175376596180138e-14
1787945636900578072,1.4174590943222053e-16,1.719961642615525e-14,1.705862838945164e-14,1.7175376596180138e-14
1787945637000542100,1.4179129902519925e-16,1.719961642615525e-14,1.7058583001875212e-14,1.7175376596180138e-14
1787945637101035785,1.418436778638656e-16,1.719961642615525e-14,1.705853062536363e-14,1.7175376596180138e-14
1787945637201103491,1.4188119055146575e-16,1.719961642615525e-14,1.7058493114342648e-14,1.7175376596180138e-14
1787945637301165066,1.4192496596395508e-16,1.719961642615525e-14,1.7058449340875027e-14,1.7175376596180138e-14
1787945637400696082,1.4196926486243706e-16,1.719961642615525e-14,1.7058405043944685e-14,1.7175376596180138e-14
1787945637501438389,1.4201851124369085e-16,1.719961642615525e-14,1.7058355799751387e-14,1.7175376596180138e-14
1787945637601499633,1.420688993250838e-16,1.719961642615525e-14,1.7058305413908688e-14,1.7175376596180138e-14
1787945637700769232,1.421202898059415e-16,1.719961642615525e-14,1.705825402571108e-14,1.7175376596180138e-14
1787945637800697924,1.42173847517273e-16,1.719961642615525e-14,1.7058200470379296e-14,1.7175376596180138e-14
1787945637900717128,1.4222473075139401e-16,1.719961642615525e-14,1.705814958940591e-14,1.7175376596180138e-14
1787945638000633877,1.4228003365180675e-16,1.719961642615525e-14,1.705809428896262e-14,1.7175376596180138e-14
1787945638100809650,1.4234353582314733e-16,1.719961642615525e-14,1.705803078961271e-14,1.7175376596180138e-14
1787945638200655926,1.424043875094763e-16,1.719961642615525e-14,1.7057969940630068e-14,1.7175376596180138e-14
1787945638300669020,1.4245921618572597e-16,1.719961642615525e-14,1.7057915114389916e-14,1.7175376596180138e-14
1787945638400707181,1.4250720984974668e-16,1.719961642615525e-14,1.7057867122858322e-14,1.7175376596180138e-14
1787945638500718762,1.425634777956605e-16,1.719961642615525e-14,1.7057810857412484e-14,1.7175376596180138e-14
1787945638600858286,1.426100636082945e-16,1.719961642615525e-14,1.7057764273669748e-14,1.7175376596180138e-14
1787945638700741522,1.426547039947515e-16,1.719961642615525e-14,1.7057719635266758e-14,1.7175376596180138e-14
1787945638800683541,1.4270388558307073e-16,1.719961642615525e-14,1.7057670455863695e-14,1.7175376596180138e-14
1787945638900646219,1.4276194142174793e-16,1.719961642615525e-14,1.705761240260459e-14,1.7175376596180138e-14
1787945639000669522,1.4279987537370594e-16,1.719961642615525e-14,1.7057574470338148e-14,1.7175376596180138e-14
1787945639100955075,1.4285364894876191e-16,1.719961642615525e-14,1.7057520699152423e-14,1.7175376596180138e-14
1787945639200680754,1.4289547955096705e-16,1.719961642615525e-14,1.7057478870408895e-14,1.7175376596180138e-14
1787945639300875654,1.4294752850932264e-16,1.719961642615525e-14,1.7057426823763265e-14,1.7175376596180138e-14
1787945639401012154,1.4300095601784468e-16,1.719961642615525e-14,1.7057373398628737e-14,1.7175376596180138e-14
1787945639500795983,1.4304609355877279e-16,1.719961642615525e-14,1.705732826309346e-14,1.7175376596180138e-14
1787945639600737582,1.4309175926911507e-16,1.719961642615525e-14,1.7057282599412247e-14,1.7175376596180138e-14
1787945639700767439,1.431372874971414e-16,1.719961642615525e-14,1.7057237073207252e-14,1.7175376596180138e-14
1787945639800611052,1.4318658830134474e-16,1.719961642615525e-14,1.7057187774593725e-14,1.7175376596180138e-14
1787945639900828726,1.43234696515878e-16,1.719961642615525e-14,1.705713966851689e-14,1.7175376596180138e-14
1787945640000732133,1.4328613450094925e-16,1.719961642615525e-14,1.7057088232817484e-14,1.7175376596180138e-14
1787945640101357593,1.4332114232842788e-16,1.719961642615525e-14,1.70570532265456e-14,1.7175376596180138e-14
1787945640200761923,1.4336389488378582e-16,1.719961642615525e-14,1.705701047588999e-14,1.7175376596180138e-14
1787945640300632769,1.434173258890257e-16,1.719961642615525e-14,1.7056957047259014e-14,1.7175376596180138e-14
1787945640400751135,1.4346468032564589e-16,1.719961642615525e-14,1.7056909694926655e-14,1.7175376596180138e-14
1787945640500642020,1.43522439880993e-16,1.719961642615525e-14,1.7056851937937947e-14,1.7175376596180138e-14
1787945640601172910,1.4356341428054898e-16,1.719961642615525e-14,1.7056810965359166e-14,1.7175376596180138e-14
1787945640701844348,1.436175657064494e-16,1.719961642615525e-14,1.7056756816339602e-14,1.7175376596180138e-14
1787945640800924692,1.4367253527452127e-16,1.719961642615525e-14,1.7056701849214232e-14,1.7175376596180138e-14
1787945640900584668,1.4372318078937213e-16,1.719961642615525e-14,1.7056651205949954e-14,1.7175376596180138e-14
1787945641000513143,1.4377030767500222e-16,1.719961642615525e-14,1.7056604081158548e-14,1.7175376596180138e-14
1787945641100549526,1.4382056289019845e-16,1.719961642615525e-14,1.7056553828176604e-14,1.7175376596180138e-14
1787945641200554969,1.4386886719018254e-16,1.719961642615525e-14,1.7056505526023186e-14,1.7175376596180138e-14
1787945641300577515,1.4390801744064637e-16,1.719961642615525e-14,1.705646637751251e-14,1.7175376596180138e-14
1787945641401487547,1.439472236287104e-16,1.719961642615525e-14,1.7056427173066725e-14,1.7175376596180138e-14
1787945641500543186,1.4400363118988292e-16,1.719961642615525e-14,1.7056370768012254e-14,1.7175376596180138e-14
1787945641600789027,1.440610814715592e-16,1.719961642615525e-14,1.705631332028364e-14,1.7175376596180138e-14
1787945641700530058,1.44112037574344e-16,1.719961642615525e-14,1.7056262366445328e-14,1.7175376596180138e-14
1787945641800741823,1.4414879508247615e-16,1.719961642615525e-14,1.7056225610570698e-14,1.7175376596180138e-14
1787945641900744111,1.4419083685830265e-16,1.719961642615525e-14,1.7056183570663214e-14,1.7175376596180138e-14
1787945642000869041,1.4423928592911592e-16,1.719961642615525e-14,1.7056135123745496e-14,1.7175376596180138e-14
1787945642100737476,1.4429752982327938e-16,1.719961642615525e-14,1.705607688243973e-14,1.7175376596180138e-14
1787945642200682015,1.4434539955106772e-16,1.719961642615525e-14,1.7056029014839317e-14,1.7175376596180138e-14
1787945642300699553,1.444007592242259e-16,1.719961642615525e-14,1.7055973657626413e-14,1.7175376596180138e-14
1787945642400687014,1.444485391018208e-16,1.719961642615525e-14,1.7055925879872227e-14,1.7175376596180138e-14
1787945642500676399,1.4449515035752549e-16,1.719961642615525e-14,1.7055879270688007e-14,1.7175376596180138e-14
1787945642600706030,1.445490636737361e-16,1.719961642615525e-14,1.7055825359767812e-14,1.7175376596180138e-14
1787945642700696767,1.4459405248915164e-16,1.719961642615525e-14,1.70557803729518e-14,1.7175376596180138e-14
1787945642800645424,1.4464059891203115e-16,1.719961642615525e-14,1.7055733828597558e-14,1.7175376596180138e-14
1787945642900751260,1.446794445354061e-16,1.719961642615525e-14,1.7055694984700586e-14,1.7175376596180138e-14
1787945643000746546,1.4472136007199565e-16,1.719961642615525e-14,1.7055653071026848e-14,1.7175376596180138e-14
1787945643100763664,1.447739956430318e-16,1.719961642615525e-14,1.7055600437795104e-14,1.7175376596180138e-14
1787945643200657719,1.448249193051486e-16,1.719961642615525e-14,1.705554951639621e-14,1.7175376596180138e-14
1787945643300663667,1.448729841566608e-16,1.719961642615525e-14,1.7055501453680878e-14,1.7175376596180138e-14
1787945643400859635,1.4491918680118174e-16,1.719961642615525e-14,1.7055455253089783e-14,1.7175376596180138e-14
1787945643500676704,1.4496549562224585e-16,1.719961642615525e-14,1.7055408946326878e-14,1.7175376596180138e-14
1787945643600747785,1.4501939971307442e-16,1.719961642615525e-14,1.7055355044631786e-14,1.7175376596180138e-14
1787945643700703427,1.45078238888133e-16,1.719961642615525e-14,1.705529620807182e-14,1.7175376596180138e-14
1787945643800666053,1.4513192917846317e-16,1.719961642615525e-14,1.7055242520167756e-14,1.7175376596180138e-14
1787945643900862652,1.4517336067659082e-16,1.719961642615525e-14,1.7055201090511065e-14,1.7175376596180138e-14
1787945644000712944,1.4521986164140645e-16,1.719961642615525e-14,1.7055154591613008e-14,1.7175376596180138e-14
1787945644100592202,1.452644155861532e-16,1.719961642615525e-14,1.7055110039648492e-14,1.7175376596180138e-14
1787945644200599845,1.453148484455452e-16,1.719961642615525e-14,1.705505960903064e-14,1.7175376596180138e-14
1787945644300835871,1.4537597306084174e-16,1.719961642615525e-14,1.7054998487132104e-14,1.7175376596180138e-14
1787945644400624918,1.454338229929394e-16,1.719961642615525e-14,1.705494063977124e-14,1.7175376596180138e-14
1787945644500847048,1.4548414294725403e-16,1.719961642615525e-14,1.705489032205349e-14,1.7175376596180138e-14
1787945644600599726,1.4552926096030876e-16,1.719961642615525e-14,1.70548452060458e-14,1.7175376596180138e-14
1787945644700662954,1.455853361849646e-16,1.719961642615525e-14,1.7054789133313542e-14,1.7175376596180138e-14
1787945644800604089,1.4562320835630617e-16,1.719961642615525e-14,1.705475126282553e-14,1.7175376596180138e-14
1787945644900626991,1.4568388922940011e-16,1.719961642615525e-14,1.7054690584649573e-14,1.7175376596180138e-14
1787945645000662065,1.4573091991587317e-16,1.719961642615525e-14,1.7054643556053528e-14,1.7175376596180138e-14
1787945645100755452,1.4578416120312935e-16,1.719961642615525e-14,1.7054590317132763e-14,1.7175376596180138e-14
1787945645200626527,1.4584022063446882e-16,1.719961642615525e-14,1.7054534260193197e-14,1.7175376596180138e-14
1787945645300650632,1.4587863336688548e-16,1.719961642615525e-14,1.705449584916818e-14,1.7175376596180138e-14
1787945645400672893,1.4592921089217364e-16,1.719961642615525e-14,1.7054445273891025e-14,1.7175376596180138e-14
1787945645500612027,1.4599058626456518e-16,1.719961642615525e-14,1.7054383901246738e-14,1.7175376596180138e-14
1787945645600600795,1.460335787601975e-16,1.719961642615525e-14,1.7054340910662113e-14,1.7175376596180138e-14
1787945645701126864,1.4608813592235559e-16,1.719961642615525e-14,1.705428635592502e-14,1.7175376596180138e-14
1787945645800765066,1.4613441544356805e-16,1.719961642615525e-14,1.7054240078460946e-14,1.7175376596180138e-14
1787945645900762851,1.46196013303516e-16,1.719961642615525e-14,1.7054178483339058e-14,1.7175376596180138e-14
1787945646001070705,1.4624815175037915e-16,1.719961642615525e-14,1.7054126347209793e-14,1.7175376596180138e-14
1787945646101016583,1.4630248251697387e-16,1.719961642615525e-14,1.7054072018858262e-14,1.7175376596180138e-14
1787945646201136672,1.463526556023809e-16,1.719961642615525e-14,1.705402184800312e-14,1.7175376596180138e-14
1787945646301012788,1.4641466171706615e-16,1.719961642615525e-14,1.705395984464471e-14,1.7175376596180138e-14
1787945646401085507,1.4646117201637724e-16,1.719961642615525e-14,1.7053913336412872e-14,1.7175376596180138e-14
1787945646501105726,1.4651094451284535e-16,1.719961642615525e-14,1.7053863566128906e-14,1.7175376596180138e-14
1787945646602794204,1.4656592604789832e-16,1.719961642615525e-14,1.705380858703792e-14,1.7175376596180138e-14
1787945646701931587,1.4660972095968916e-16,1.719961642615525e-14,1.7053764794072933e-14,1.7175376596180138e-14
1787945646801982635,1.4665016476458847e-16,1.719961642615525e-14,1.705372435206588e-14,1.7175376596180138e-14
1787945646900653962,1.4669702284112425e-16,1.719961642615525e-14,1.7053677496072338e-14,1.7175376596180138e-14
1787945647001775203,1.4674723792379503e-16,1.719961642615525e-14,1.70536272832219e-14,1.7175376596180138e-14
1787945647100745990,1.4679723893906678e-16,1.719961642615525e-14,1.705357728442936e-14,1.7175376596180138e-14
1787945647200846143,1.4684933463606314e-16,1.719961642615525e-14,1.7053525191048227e-14,1.7175376596180138e-14
1787945647300570703,1.469104724627072e-16,1.719961642615525e-14,1.705346405593942e-14,1.7175376596180138e-14
1787945647400988529,1.4696220651682527e-16,1.719961642615525e-14,1.7053412324185114e-14,1.7175376596180138e-14
1787945647500830972,1.470010384623485e-16,1.719961642615525e-14,1.705337349396586e-14,1.7175376596180138e-14
1787945647601569537,1.4705174436944955e-16,1.719961642615525e-14,1.7053322790312894e-14,1.7175376596180138e-14
1787945647700799557,1.471006114761387e-16,1.719961642615525e-14,1.7053273925378606e-14,1.7175376596180138e-14
1787945647801399229,1.4715529230109638e-16,1.719961642615525e-14,1.7053219246984516e-14,1.7175376596180138e-14
1787945647900539228,1.4721056954758672e-16,1.719961642615525e-14,1.7053163972195426e-14,1.7175376596180138e-14
1787945648000584276,1.4725411096236006e-16,1.719961642615525e-14,1.705312043271633e-14,1.7175376596180138e-14
1787945648100546438,1.472983889131753e-16,1.719961642615525e-14,1.7053076156733954e-14,1.7175376596180138e-14
1787945648200620443,1.4735252440913673e-16,1.719961642615525e-14,1.7053022023644672e-14,1.7175376596180138e-14
1787945648300757237,1.474077461486954e-16,1.719961642615525e-14,1.70529668043601e-14,1.7175376596180138e-14
1787945648400621393,1.4746086540508261e-16,1.719961642615525e-14,1.7052913687465246e-14,1.7175376596180138e-14
1787945648500594977,1.475073936163731e-16,1.719961642615525e-14,1.705286716132248e-14,1.7175376596180138e-14
1787945648600597797,1.475605804977434e-16,1.719961642615525e-14,1.7052813976805674e-14,1.7175376596180138e-14
1787945648700642856,1.4760597618477886e-16,1.719961642615525e-14,1.705276858313684e-14,1.7175376596180138e-14
1787945648800605990,1.4765601773724915e-16,1.719961642615525e-14,1.705271854380913e-14,1.7175376596180138e-14
1787945648900567451,1.4771288514815662e-16,1.719961642615525e-14,1.7052661678926456e-14,1.7175376596180138e-14
1787945649000551776,1.4777073370213695e-16,1.719961642615525e-14,1.705260383294435e-14,1.7175376596180138e-14
1787945649100670888,1.4781721347464944e-16,1.719961642615525e-14,1.7052557355238285e-14,1.7175376596180138e-14
1787945649200627802,1.4786752636823603e-16,1.719961642615525e-14,1.7052507044581578e-14,1.7175376596180138e-14
1787945649300504644,1.4791400484101942e-16,1.719961642615525e-14,1.7052460568175205e-14,1.7175376596180138e-14
1787945649400578750,1.479652661097055e-16,1.719961642615525e-14,1.7052409309185587e-14,1.7175376596180138e-14
1787945649500447036,1.4801466363399991e-16,1.719961642615525e-14,1.7052359913857508e-14,1.7175376596180138e-14
1787945649600563433,1.4806065052954903e-16,1.719961642615525e-14,1.7052313929006552e-14,1.7175376596180138e-14
1787945649700685390,1.4810017470322338e-16,1.719961642615525e-14,1.7052274406590142e-14,1.7175376596180138e-14
1787945649800738777,1.4815067542064655e-16,1.719961642615525e-14,1.7052223908118023e-14,1.7175376596180138e-14
1787945649901164171,1.482060226806816e-16,1.719961642615525e-14,1.7052168563318783e-14,1.7175376596180138e-14
1787945650000841955,1.4827303007099606e-16,1.719961642615525e-14,1.705210155890771e-14,1.7175376596180138e-14
1787945650100656390,1.4832260236676113e-16,1.719961642615525e-14,1.7052051988816013e-14,1.7175376596180138e-14
1787945650200944264,1.4837395803016325e-16,1.719961642615525e-14,1.7052000635435982e-14,1.7175376596180138e-14
1787945650301136557,1.4842602973621867e-16,1.719961642615525e-14,1.7051948566045148e-14,1.7175376596180138e-14
1787945650400628970,1.4849019531172836e-16,1.719961642615525e-14,1.7051884403322602e-14,1.7175376596180138e-14
1787945650500824870,1.4855065527177086e-16,1.719961642615525e-14,1.7051823946050784e-14,1.7175376596180138e-14
1787945650600786825,1.4860469896232604e-16,1.719961642615525e-14,1.7051769904763177e-14,1.7175376596180138e-14
1787945650700910818,1.486481370426656e-16,1.719961642615525e-14,1.7051726468614243e-14,1.7175376596180138e-14
1787945650800591399,1.4869773257222366e-16,1.719961642615525e-14,1.7051676875289883e-14,1.7175376596180138e-14
1787945650900733166,1.4875174247477759e-16,1.719961642615525e-14,1.705162286778882e-14,1.7175376596180138e-14
1787945651000703086,1.4880627579158812e-16,1.719961642615525e-14,1.7051568336896787e-14,1.7175376596180138e-14
1787945651100717392,1.4885113949212515e-16,1.719961642615525e-14,1.7051523475191092e-14,1.7175376596180138e-14
1787945651200702122,1.4889520093815847e-16,1.719961642615525e-14,1.7051479415704235e-14,1.7175376596180138e-14
1787945651300657256,1.489379847669151e-16,1.719961642615525e-14,1.7051436633777857e-14,1.7175376596180138e-14
1787945651400673816,1.4898861322890975e-16,1.719961642615525e-14,1.7051386007567063e-14,1.7175376596180138e-14
1787945651501139159,1.490341251771311e-16,1.719961642615525e-14,1.705134049764255e-14,1.7175376596180138e-14
1787945651600624671,1.490920685992427e-16,1.719961642615525e-14,1.705128255679693e-14,1.7175376596180138e-14
1787945651700865448,1.4913340035275584e-16,1.719961642615525e-14,1.7051241226881273e-14,1.7175376596180138e-14
1787945651800728066,1.491788975428874e-16,1.719961642615525e-14,1.7051195731714228e-14,1.7175376596180138e-14
1787945651900561899,1.492299942790766e-16,1.719961642615525e-14,1.7051144637250125e-14,1.7175376596180138e-14
1787945652000743363,1.4927110522860835e-16,1.719961642615525e-14,1.7051103528128663e-14,1.7175376596180138e-14
1787945652100686095,1.4932223200085274e-16,1.719961642615525e-14,1.7051052403629865e-14,1.7175376596180138e-14
1787945652200663984,1.4937684559256177e-16,1.719961642615525e-14,1.7050997792466666e-14,1.7175376596180138e-14
1787945652300863704,1.4942060649520063e-16,1.719961642615525e-14,1.7050954033509962e-14,1.7175376596180138e-14
1787945652400687450,1.4947877995537657e-16,1.719961642615525e-14,1.7050895862636626e-14,1.7175376596180138e-14
1787945652500668305,1.4951514145343325e-16,1.719961642615525e-14,1.705085950275549e-14,1.7175376596180138e-14
1787945652600543258,1.495647654252684e-16,1.719961642615525e-14,1.7050809880990342e-14,1.7175376596180138e-14
1787945652700700558,1.496095672147464e-16,1.719961642615525e-14,1.7050765081193125e-14,1.7175376596180138e-14
1787945652800680440,1.4967002305687412e-16,1.719961642615525e-14,1.705070462803939e-14,1.7175376596180138e-14
1787945652900990209,1.4971475233950448e-16,1.719961642615525e-14,1.7050659900745825e-14,1.7175376596180138e-14
1787945653000462909,1.4976180877972072e-16,1.719961642615525e-14,1.7050612846398167e-14,1.7175376596180138e-14
1787945653100655827,1.498077492570779e-16,1.719961642615525e-14,1.705056690796376e-14,1.7175376596180138e-14
1787945653200682881,1.498365895196239e-16,1.719961642615525e-14,1.7050538068983726e-14,1.7175376596180138e-14
1787945653300938980,1.498806921148595e-16,1.719961642615525e-14,1.705049396834973e-14,1.7175376596180138e-14
1787945653400676955,1.499303004735692e-16,1.719961642615525e-14,1.7050444362197103e-14,1.7175376596180138e-14
1787945653500929687,1.4997284408684304e-16,1.719961642615525e-14,1.705040182047576e-14,1.7175376596180138e-14
1787945653600775698,1.5002576189416138e-16,1.719961642615525e-14,1.7050348905021722e-14,1.7175376596180138e-14
1787945653700930023,1.5007292215661307e-16,1.719961642615525e-14,1.7050301746856526e-14,1.7175376596180138e-14
1787945653800711721,1.501228236150327e-16,1.719961642615525e-14,1.705025184761728e-14,1.7175376596180138e-14
1787945653900651800,1.5016941981489139e-16,1.719961642615525e-14,1.7050205253489614e-14,1.7175376596180138e-14
1787945654000634019,1.502138984422159e-16,1.719961642615525e-14,1.7050160776840325e-14,1.7175376596180138e-14
1787945654100771283,1.5026032159809497e-16,1.719961642615525e-14,1.7050114355748966e-14,1.7175376596180138e-14
1787945654201497266,1.5030156820289574e-16,1.719961642615525e-14,1.7050073110978486e-14,1.7175376596180138e-14
1787945654300702511,1.5034901279753506e-16,1.719961642615525e-14,1.7050025668493813e-14,1.7175376596180138e-14
1787945654400668070,1.5039755678132246e-16,1.719961642615525e-14,1.7049977126668896e-14,1.7175376596180138e-14
1787945654500723009,1.5044258757670032e-16,1.719961642615525e-14,1.7049932097876166e-14,1.7175376596180138e-14
1787945654600701893,1.5048913046196502e-16,1.719961642615525e-14,1.7049885557060798e-14,1.7175376596180138e-14
1787945654702351970,1.505333209000153e-16,1.719961642615525e-14,1.7049841368588042e-14,1.7175376596180138e-14
1787945654801388585,1.5057605169134132e-16,1.719961642615525e-14,1.7049798639697102e-14,1.7175376596180138e-14
1787945654902043673,1.5063143111187616e-16,1.719961642615525e-14,1.7049743262739492e-14,1.7175376596180138e-14
1787945655001007309,1.5068352713232154e-16,1.719961642615525e-14,1.7049691169035962e-14,1.7175376596180138e-14
1787945655100785785,1.5074204052117936e-16,1.719961642615525e-14,1.704963265824945e-14,1.7175376596180138e-14
1787945655200801120,1.507910194600989e-16,1.719961642615525e-14,1.7049583681488845e-14,1.7175376596180138e-14
1787945655300793812,1.5084107338825958e-16,1.719961642615525e-14,1.7049533629786825e-14,1.7175376596180138e-14
1787945655400813014,1.5089118653687973e-16,1.719961642615525e-14,1.704948351886699e-14,1.7175376596180138e-14
1787945655500797481,1.5093153346609556e-16,1.719961642615525e-14,1.7049443173732216e-14,1.7175376596180138e-14
1787945655600795773,1.5097883389608689e-16,1.719961642615525e-14,1.7049395875405938e-14,1.7175376596180138e-14
1787945655700713032,1.5103187551569407e-16,1.719961642615525e-14,1.7049342836145397e-14,1.7175376596180138e-14
1787945655800614321,1.510696085985443e-16,1.719961642615525e-14,1.7049305104740766e-14,1.7175376596180138e-14
1787945655900520929,1.5111688046021686e-16,1.719961642615525e-14,1.7049257834981568e-14,1.7175376596180138e-14
1787945656000534792,1.5115551070381174e-16,1.719961642615525e-14,1.704921920645611e-14,1.7175376596180138e-14
1787945656100737374,1.5121145236479622e-16,1.719961642615525e-14,1.7049163267283227e-14,1.7175376596180138e-14
1787945656200815029,1.512603603667339e-16,1.719961642615525e-14,1.7049114361456574e-14,1.7175376596180138e-14
1787945656301000740,1.513173533979828e-16,1.719961642615525e-14,1.704905737096022e-14,1.7175376596180138e-14
1787945656400633630,1.5135871532881009e-16,1.719961642615525e-14,1.7049016010869065e-14,1.7175376596180138e-14
1787945656500714131,1.514053303638577e-16,1.719961642615525e-14,1.7048969397907354e-14,1.7175376596180138e-14
1787945656600776607,1.5145917420033732e-16,1.719961642615525e-14,1.7048915556465742e-14,1.7175376596180138e-14
1787945656700773238,1.5150851468590035e-16,1.719961642615525e-14,1.704886621817476e-14,1.7175376596180138e-14
1787945656800531988,1.5154800441092348e-16,1.719961642615525e-14,1.7048826730206182e-14,1.7175376596180138e-14
1787945656900757524,1.5159488708194045e-16,1.719961642615525e-14,1.7048779849620445e-14,1.7175376596180138e-14
1787945657000946661,1.5162916959711797e-16,1.719961642615525e-14,1.704874556863012e-14,1.7175376596180138e-14
1787945657100878190,1.5167211754994796e-16,1.719961642615525e-14,1.7048702622587578e-14,1.7175376596180138e-14
1787945657200552491,1.5171732805592252e-16,1.719961642615525e-14,1.7048657414092542e-14,1.7175376596180138e-14
1787945657300519678,1.517704675266503e-16,1.719961642615525e-14,1.7048604276985437e-14,1.7175376596180138e-14
1787945657400706873,1.518211480165173e-16,1.719961642615525e-14,1.7048553598749834e-14,1.7175376596180138e-14
1787945657500761597,1.5185847482573816e-16,1.719961642615525e-14,1.7048516273600914e-14,1.7175376596180138e-14
1787945657600843171,1.5189795888993242e-16,1.719961642615525e-14,1.704847679129299e-14,1.7175376596180138e-14
1787945657700544123,1.5194719471090368e-16,1.719961642615525e-14,1.7048427557662053e-14,1.7175376596180138e-14
1787945657800653600,1.5198873350952225e-16,1.719961642615525e-14,1.7048386020711112e-14,1.7175376596180138e-14
1787945657900725616,1.5203838824450914e-16,1.719961642615525e-14,1.7048336368184823e-14,1.7175376596180138e-14
1787945658000929362,1.5208611886377174e-16,1.719961642615525e-14,1.704828863968868e-14,1.7175376596180138e-14
1787945658100624655,1.5212779461414528e-16,1.719961642615525e-14,1.7048246965792108e-14,1.7175376596180138e-14
1787945658200821320,1.521736959054741e-16,1.719961642615525e-14,1.704820106654255e-14,1.7175376596180138e-14
1787945658300919247,1.522291230664526e-16,1.719961642615525e-14,1.7048145641847086e-14,1.7175376596180138e-14
1787945658400819659,1.5227501830810723e-16,1.719961642615525e-14,1.704809974864696e-14,1.7175376596180138e-14
1787945658500827135,1.523364270126712e-16,1.719961642615525e-14,1.7048038342674012e-14,1.7175376596180138e-14
1787945658601177150,1.523840723084818e-16,1.719961642615525e-14,1.7047990699497602e-14,1.7175376596180138e-14
1787945658700746444,1.5243190218021713e-16,1.719961642615525e-14,1.7047942871753486e-14,1.7175376596180138e-14
1787945658801041034,1.5248111777284166e-16,1.719961642615525e-14,1.7047893658350136e-14,1.7175376596180138e-14
1787945658900681002,1.5253709607512755e-16,1.719961642615525e-14,1.704783768253797e-14,1.7175376596180138e-14
1787945659000628534,1.5259786133073163e-16,1.719961642615525e-14,1.7047776919985444e-14,1.7175376596180138e-14
1787945659100677430,1.526475435315142e-16,1.719961642615525e-14,1.704772723999474e-14,1.7175376596180138e-14
1787945659200688003,1.5268683007635483e-16,1.719961642615525e-14,1.7047687955197538e-14,1.7175376596180138e-14
1787945659300619175,1.5272332195325358e-16,1.719961642615525e-14,1.704765146494397e-14,1.7175376596180138e-14
1787945659400657972,1.527655560118124e-16,1.719961642615525e-14,1.7047609232764188e-14,1.7175376596180138e-14
1787945659500660820,1.528161446050569e-16,1.719961642615525e-14,1.704755864642138e-14,1.7175376596180138e-14
1787945659600759541,1.5286343536441144e-16,1.719961642615525e-14,1.7047511357765776e-14,1.7175376596180138e-14
1787945659701150476,1.5291494962277542e-16,1.719961642615525e-14,1.7047459845799056e-14,1.7175376596180138e-14
1787945659800887720,1.5296083906459395e-16,1.719961642615525e-14,1.7047413958398665e-14,1.7175376596180138e-14
1787945659901274588,1.5301482321829968e-16,1.719961642615525e-14,1.7047359976646508e-14,1.7175376596180138e-14
1787945660000596564,1.5306455776491377e-16,1.719961642615525e-14,1.7047310244312408e-14,1.7175376596180138e-14
1787945660100604092,1.5311256879373244e-16,1.719961642615525e-14,1.704726223541944e-14,1.7175376596180138e-14
1787945660200442210,1.5315313337500958e-16,1.719961642615525e-14,1.7047221672642754e-14,1.7175376596180138e-14
1787945660300543998,1.5320178847778227e-16,1.719961642615525e-14,1.7047173019704507e-14,1.7175376596180138e-14
1787945660400705069,1.5325236548254365e-16,1.719961642615525e-14,1.7047122444949785e-14,1.7175376596180138e-14
1787945660500666981,1.5330803952863942e-16,1.719961642615525e-14,1.7047066773380496e-14,1.7175376596180138e-14
1787945660600505259,1.5335725784464228e-16,1.719961642615525e-14,1.7047017557254118e-14,1.7175376596180138e-14
1787945660700584715,1.5341211426318128e-16,1.719961642615525e-14,1.704696270327604e-14,1.7175376596180138e-14
1787945660800721409,1.5344561677406728e-16,1.719961642615525e-14,1.7046929202255632e-14,1.7175376596180138e-14
1787945660900568253,1.5349626149369443e-16,1.719961642615525e-14,1.704687855978912e-14,1.7175376596180138e-14
1787945661000736628,1.5354244867334893e-16,1.719961642615525e-14,1.704683237466428e-14,1.7175376596180138e-14
1787945661100634821,1.5359708474437712e-16,1.719961642615525e-14,1.7046777741023967e-14,1.7175376596180138e-14
1787945661200775565,1.5364595965414285e-16,1.719961642615525e-14,1.704672886828862e-14,1.7175376596180138e-14
1787945661300655644,1.5369898628103384e-16,1.719961642615525e-14,1.7046675844020868e-14,1.7175376596180138e-14
1787945661400742065,1.5375119970964327e-16,1.719961642615525e-14,1.7046623632915233e-14,1.7175376596180138e-14
1787945661500649576,1.5380555360275338e-16,1.719961642615525e-14,1.7046569281440346e-14,1.7175376596180138e-14
1787945661600560484,1.5385493392586017e-16,1.719961642615525e-14,1.7046519903314193e-14,1.7175376596180138e-14
1787945661700667994,1.539101993190785e-16,1.719961642615525e-14,1.704646464037978e-14,1.7175376596180138e-14
1787945661800684563,1.5396867274357481e-16,1.719961642615525e-14,1.704640616955683e-14,1.7175376596180138e-14
1787945661900801962,1.5401614467022418e-16,1.719961642615525e-14,1.7046358699742273e-14,1.7175376596180138e-14
1787945662000645101,1.5405870496334865e-16,1.719961642615525e-14,1.7046316141342724e-14,1.7175376596180138e-14
1787945662100574365,1.5410327006038014e-16,1.719961642615525e-14,1.7046271578228477e-14,1.7175376596180138e-14
1787945662200591956,1.5416949363018375e-16,1.719961642615525e-14,1.7046205357605103e-14,1.7175376596180138e-14
1787945662301728843,1.542154132022645e-16,1.719961642615525e-14,1.704615944007609e-14,1.7175376596180138e-14
1787945662401034834,1.5426516349972069e-16,1.719961642615525e-14,1.704610969199216e-14,1.7175376596180138e-14
1787945662501050061,1.5430767494443354e-16,1.719961642615525e-14,1.7046067182438907e-14,1.7175376596180138e-14
1787945662601175308,1.5435250214675e-16,1.719961642615525e-14,1.7046022357231092e-14,1.7175376596180138e-14
1787945662700996296,1.5439510629541457e-16,1.719961642615525e-14,1.704597975497803e-14,1.7175376596180138e-14
1787945662800820501,1.544467233505681e-16,1.719961642615525e-14,1.7045928140219507e-14,1.7175376596180138e-14
1787945662900823034,1.5449982067748373e-16,1.719961642615525e-14,1.70458750452551e-14,1.7175376596180138e-14
1787945663000664322,1.545505363756418e-16,1.719961642615525e-14,1.7045824331813496e-14,1.7175376596180138e-14
1787945663100679150,1.5459986152674477e-16,1.719961642615525e-14,1.7045775008857085e-14,1.7175376596180138e-14
1787945663200594540,1.5465312049122086e-16,1.719961642615525e-14,1.704572175226235e-14,1.7175376596180138e-14
1787945663301022994,1.5470083340209035e-16,1.719961642615525e-14,1.7045674041474466e-14,1.7175376596180138e-14
1787945663400814949,1.5475102905236133e-16,1.719961642615525e-14,1.704562384805766e-14,1.7175376596180138e-14
1787945663500708998,1.5480113884983569e-16,1.719961642615525e-14,1.7045573740489847e-14,1.7175376596180138e-14
1787945663600671397,1.548527693822389e-16,1.719961642615525e-14,1.704552211225478e-14,1.7175376596180138e-14
1787945663700698379,1.5490302534426167e-16,1.719961642615525e-14,1.704547185852895e-14,1.7175376596180138e-14
1787945663800657913,1.5495235815996367e-16,1.719961642615525e-14,1.7045422527908376e-14,1.7175376596180138e-14
1787945663900653966,1.550063326546383e-16,1.719961642615525e-14,1.7045368555815378e-14,1.7175376596180138e-14
1787945664000539779,1.5505825388955444e-16,1.719961642615525e-14,1.7045316636890788e-14,1.7175376596180138e-14
1787945664100447937,1.551019433466601e-16,1.719961642615525e-14,1.7045272949377735e-14,1.7175376596180138e-14
1787945664200424475,1.5514415514505072e-16,1.719961642615525e-14,1.704523073945766e-14,1.7175376596180138e-14
1787945664300711482,1.5519521433267336e-16,1.719961642615525e-14,1.7045179682542042e-14,1.7175376596180138e-14
1787945664400795634,1.552348204895612e-16,1.719961642615525e-14,1.704514007814754e-14,1.7175376596180138e-14
1787945664500625443,1.5528483980126498e-16,1.719961642615525e-14,1.7045090061061596e-14,1.7175376596180138e-14
1787945664600530335,1.5534570973449327e-16,1.719961642615525e-14,1.7045029193836973e-14,1.7175376596180138e-14
1787945664700549583,1.5539491144293068e-16,1.719961642615525e-14,1.7044979994317944e-14,1.7175376596180138e-14
1787945664800895412,1.5544628057065759e-16,1.719961642615525e-14,1.7044928627476084e-14,1.7175376596180138e-14
1787945664900544548,1.554969816613713e-16,1.719961642615525e-14,1.7044877928641524e-14,1.7175376596180138e-14
1787945665000552566,1.5555395239949154e-16,1.719961642615525e-14,1.7044820960438568e-14,1.7175376596180138e-14
1787945665100794800,1.5560475452511164e-16,1.719961642615525e-14,1.7044770160573624e-14,1.7175376596180138e-14
1787945665200801437,1.556554589708623e-16,1.719961642615525e-14,1.7044719458384216e-14,1.7175376596180138e-14
1787945665300427601,1.5571285100347352e-16,1.719961642615525e-14,1.7044662068905564e-14,1.7175376596180138e-14
1787945665400742734,1.5575443642962975e-16,1.719961642615525e-14,1.7044620485329983e-14,1.7175376596180138e-14
1787945665500659460,1.558108219450389e-16,1.719961642615525e-14,1.7044564102323768e-14,1.7175376596180138e-14
1787945665600899339,1.5586242825892969e-16,1.719961642615525e-14,1.704451249830641e-14,1.7175376596180138e-14
1787945665700655961,1.5590891179933742e-16,1.719961642615525e-14,1.7044466016834582e-14,1.7175376596180138e-14
1787945665800677406,1.5595478652443798e-16,1.719961642615525e-14,1.7044420144150975e-14,1.7175376596180138e-14
1787945665900684304,1.560151749009285e-16,1.719961642615525e-14,1.7044359758461873e-14,1.7175376596180138e-14
1787945666000699597,1.5606320085773012e-16,1.719961642615525e-14,1.7044311734642327e-14,1.7175376596180138e-14
1787945666100726313,1.5611472475203526e-16,1.719961642615525e-14,1.7044260213040955e-14,1.7175376596180138e-14
1787945666200701332,1.561713723902214e-16,1.719961642615525e-14,1.7044203567923735e-14,1.7175376596180138e-14
1787945666300743608,1.5622048140454536e-16,1.719961642615525e-14,1.7044154461094906e-14,1.7175376596180138e-14
1787945666400650528,1.5626578812630344e-16,1.719961642615525e-14,1.704410915638944e-14,1.7175376596180138e-14
1787945666500786732,1.5631404586199273e-16,1.719961642615525e-14,1.7044060900801382e-14,1.7175376596180138e-14
1787945666600621204,1.5636862764835648e-16,1.719961642615525e-14,1.7044006321444108e-14,1.7175376596180138e-14
1787945666700907424,1.564230267409152e-16,1.719961642615525e-14,1.7043951924772524e-14,1.7175376596180138e-14
1787945666800841114,1.5648026597623037e-16,1.719961642615525e-14,1.70438946880846e-14,1.7175376596180138e-14
1787945666900814189,1.565294859885786e-16,1.719961642615525e-14,1.7043845470262763e-14,1.7175376596180138e-14
1787945667000693315,1.5658554146122984e-16,1.719961642615525e-14,1.7043789417284843e-14,1.7175376596180138e-14
1787945667100950552,1.566248169427459e-16,1.719961642615525e-14,1.7043750143551287e-14,1.7175376596180138e-14
1787945667200624080,1.566802059611536e-16,1.719961642615525e-14,1.704369475699798e-14,1.7175376596180138e-14
1787945667300711224,1.5673336611377602e-16,1.719961642615525e-14,1.704364159921128e-14,1.7175376596180138e-14
1787945667400956557,1.5679108333854352e-16,1.719961642615525e-14,1.7043583884555266e-14,1.7175376596180138e-14
1787945667500695450,1.5683636296038264e-16,1.719961642615525e-14,1.704353860694865e-14,1.7175376596180138e-14
1787945667600565521,1.5688162324488576e-16,1.719961642615525e-14,1.7043493348678516e-14,1.7175376596180138e-14
1787945667700451733,1.569444274299653e-16,1.719961642615525e-14,1.704343054728864e-14,1.7175376596180138e-14
1787945667800910712,1.5699037369575708e-16,1.719961642615525e-14,1.7043384603067775e-14,1.7175376596180138e-14
1787945667900706613,1.5704514135849376e-16,1.719961642615525e-14,1.7043329837842594e-14,1.7175376596180138e-14
1787945668000968868,1.5709018754362358e-16,1.719961642615525e-14,1.7043284793662352e-14,1.7175376596180138e-14
1787945668101304796,1.5714774590234709e-16,1.719961642615525e-14,1.704322723786542e-14,1.7175376596180138e-14
1787945668200658439,1.571999305694594e-16,1.719961642615525e-14,1.704317505552094e-14,1.7175376596180138e-14
1787945668300694177,1.5724954243900624e-16,1.719961642615525e-14,1.7043125445859534e-14,1.7175376596180138e-14
1787945668400731778,1.5730464161114034e-16,1.719961642615525e-14,1.7043070349139785e-14,1.7175376596180138e-14
1787945668500889948,1.5735500436619495e-16,1.719961642615525e-14,1.7043019988626315e-14,1.7175376596180138e-14
1787945668600937909,1.5740075596772581e-16,1.719961642615525e-14,1.7042974239061148e-14,1.7175376596180138e-14
1787945668700496422,1.5745554895047991e-16,1.719961642615525e-14,1.7042919448517193e-14,1.7175376596180138e-14
1787945668800523022,1.5750648594820976e-16,1.719961642615525e-14,1.7042868513786645e-14,1.7175376596180138e-14
1787945668900763218,1.5755322375876822e-16,1.719961642615525e-14,1.7042821778056382e-14,1.7175376596180138e-14
1787945669000730025,1.5761414046120029e-16,1.719961642615525e-14,1.704276086406536e-14,1.7175376596180138e-14
1787945669100682266,1.5767309778637405e-16,1.719961642615525e-14,1.7042701909364406e-14,1.7175376596180138e-14
1787945669200715100,1.5771786198505025e-16,1.719961642615525e-14,1.7042657147158213e-14,1.7175376596180138e-14
1787945669300802848,1.5776160887083104e-16,1.719961642615525e-14,1.7042613402219648e-14,1.7175376596180138e-14
1787945669400694234,1.5781281110380382e-16,1.719961642615525e-14,1.704256220226575e-14,1.7175376596180138e-14
1787945669500723491,1.578679157041635e-16,1.719961642615525e-14,1.7042507100118177e-14,1.7175376596180138e-14
1787945669600799357,1.5793103487985268e-16,1.719961642615525e-14,1.7042443983752035e-14,1.7175376596180138e-14
1787945669700652120,1.5798369327829074e-16,1.719961642615525e-14,1.7042391327697535e-14,1.7175376596180138e-14
1787945669800647293,1.5801699139888778e-16,1.719961642615525e-14,1.704235803105911e-14,1.7175376596180138e-14
1787945669902747720,1.580736982419269e-16,1.719961642615525e-14,1.7042301326740237e-14,1.7175376596180138e-14
1787945670001096138,1.581238782411699e-16,1.719961642615525e-14,1.7042251148974647e-14,1.7175376596180138e-14
1787945670101781132,1.5816930448493119e-16,1.719961642615525e-14,1.704220572475295e-14,1.7175376596180138e-14
1787945670201113830,1.5822334291865112e-16,1.719961642615525e-14,1.7042151688724663e-14,1.7175376596180138e-14
1787945670300706701,1.5827223366758213e-16,1.719961642615525e-14,1.7042102800152035e-14,1.7175376596180138e-14
1787945670400455678,1.5831571854949563e-16,1.719961642615525e-14,1.7042059317205802e-14,1.7175376596180138e-14
1787945670500614774,1.5836899056576913e-16,1.719961642615525e-14,1.7042006047560882e-14,1.7175376596180138e-14
1787945670600662328,1.5842259038168502e-16,1.719961642615525e-14,1.704195245013093e-14,1.7175376596180138e-14
1787945670700884083,1.5847079653574272e-16,1.719961642615525e-14,1.704190424612275e-14,1.7175376596180138e-14
1787945670800841967,1.5852832936329098e-16,1.719961642615525e-14,1.7041846715856273e-14,1.7175376596180138e-14
1787945670900750257,1.5857343385852705e-16,1.719961642615525e-14,1.7041801613368873e-14,1.7175376596180138e-14
1787945671000806397,1.5861316107552818e-16,1.719961642615525e-14,1.7041761887920344e-14,1.7175376596180138e-14
1787945671100523456,1.586510542679491e-16,1.719961642615525e-14,1.704172399641476e-14,1.7175376596180138e-14
1787945671200715987,1.5870902449001668e-16,1.719961642615525e-14,1.7041666028773287e-14,1.7175376596180138e-14
1787945671301099901,1.587575119257353e-16,1.719961642615525e-14,1.7041617543496044e-14,1.7175376596180138e-14
1787945671400654602,1.5880752611388024e-16,1.719961642615525e-14,1.7041567531534353e-14,1.7175376596180138e-14
1787945671500551472,1.5885643354699173e-16,1.719961642615525e-14,1.7041518626278437e-14,1.7175376596180138e-14
1787945671600841128,1.588983680432663e-16,1.719961642615525e-14,1.7041476693648955e-14,1.7175376596180138e-14
1787945671700796128,1.5895510335895274e-16,1.719961642615525e-14,1.7041419960858965e-14,1.7175376596180138e-14
1787945671800471097,1.5900712714763488e-16,1.719961642615525e-14,1.7041367939386246e-14,1.7175376596180138e-14
1787945671900534363,1.5905414743927857e-16,1.719961642615525e-14,1.7041320921187836e-14,1.7175376596180138e-14
1787945672000614682,1.591074951007583e-16,1.719961642615525e-14,1.7041267575901285e-14,1.7175376596180138e-14
1787945672100561088,1.591493622431393e-16,1.719961642615525e-14,1.7041225710622756e-14,1.7175376596180138e-14
1787945672200664893,1.5919489060160356e-16,1.719961642615525e-14,1.7041180184291143e-14,1.7175376596180138e-14
1787945672300647568,1.592436808665125e-16,1.719961642615525e-14,1.7041131396198313e-14,1.7175376596180138e-14
1787945672400619232,1.5929925289212716e-16,1.719961642615525e-14,1.7041075826646706e-14,1.7175376596180138e-14
1787945672500534148,1.5934812664189225e-16,1.719961642615525e-14,1.7041026955072763e-14,1.7175376596180138e-14
1787945672600714638,1.593993694653414e-16,1.719961642615525e-14,1.704097571453062e-14,1.7175376596180138e-14
1787945672700564872,1.594488023639474e-16,1.719961642615525e-14,1.7040926283832753e-14,1.7175376596180138e-14
1787945672800680109,1.594925382925571e-16,1.719961642615525e-14,1.7040882549851268e-14,1.7175376596180138e-14
1787945672900738527,1.5954963493630753e-16,1.719961642615525e-14,1.7040825455749474e-14,1.7175376596180138e-14
1787945673000714941,1.5959823236284536e-16,1.719961642615525e-14,1.704077686048652e-14,1.7175376596180138e-14
1787945673100937322,1.596461185842749e-16,1.719961642615525e-14,1.7040728976397023e-14,1.7175376596180138e-14
1787945673200627033,1.596972314308621e-16,1.719961642615525e-14,1.704067786582603e-14,1.7175376596180138e-14
1787945673300565426,1.5974112045681013e-16,1.719961642615525e-14,1.704063397875408e-14,1.7175376596180138e-14
1787945673400684963,1.5978215854928678e-16,1.719961642615525e-14,1.7040592942488682e-14,1.7175376596180138e-14
1787945673500500293,1.5983807716823101e-16,1.719961642615525e-14,1.7040537026359333e-14,1.7175376596180138e-14
1787945673600683630,1.5988257302150083e-16,1.719961642615525e-14,1.704049253248711e-14,1.7175376596180138e-14
1787945673700517886,1.5993994041512807e-16,1.719961642615525e-14,1.7040435167647612e-14,1.7175376596180138e-14
1787945673801599868,1.5998337999237068e-16,1.719961642615525e-14,1.704039173000441e-14,1.7175376596180138e-14
1787945673901195782,1.6002325091168198e-16,1.719961642615525e-14,1.704035186086026e-14,1.7175376596180138e-14
1787945674000918115,1.6007638684745943e-16,1.719961642615525e-14,1.7040298727290257e-14,1.7175376596180138e-14
1787945674100593020,1.601373925517762e-16,1.719961642615525e-14,1.7040237724302117e-14,1.7175376596180138e-14
1787945674200709843,1.6018754713485292e-16,1.719961642615525e-14,1.7040187571952104e-14,1.7175376596180138e-14
1787945674300717400,1.6023628360862606e-16,1.719961642615525e-14,1.7040138837648266e-14,1.7175376596180138e-14
1787945674400490020,1.6028472001544338e-16,1.719961642615525e-14,1.7040090403398036e-14,1.7175376596180138e-14
1787945674500775263,1.6034584516057522e-16,1.719961642615525e-14,1.704002928097447e-14,1.7175376596180138e-14
1787945674601340688,1.6040542395328444e-16,1.719961642615525e-14,1.7039969704834488e-14,1.7175376596180138e-14
1787945674700657554,1.6045525465613698e-16,1.719961642615525e-14,1.703991987635035e-14,1.7175376596180138e-14
1787945674800467204,1.6050411743566962e-16,1.719961642615525e-14,1.7039871015746443e-14,1.7175376596180138e-14
1787945674900716329,1.6055811291044986e-16,1.719961642615525e-14,1.7039817022675842e-14,1.7175376596180138e-14
1787945675001399046,1.6061718037502719e-16,1.719961642615525e-14,1.7039757957841293e-14,1.7175376596180138e-14
1787945675100650330,1.6067738834537925e-16,1.719961642615525e-14,1.7039697752551768e-14,1.7175376596180138e-14
1787945675200767596,1.6073165562289305e-16,1.719961642615525e-14,1.7039643487690586e-14,1.7175376596180138e-14
1787945675300549657,1.6077725006557295e-16,1.719961642615525e-14,1.7039597895278073e-14,1.7175376596180138e-14
1787945675400510917,1.608312039234332e-16,1.719961642615525e-14,1.7039543943822617e-14,1.7175376596180138e-14
1787945675500703196,1.608912009611477e-16,1.719961642615525e-14,1.7039483949456404e-14,1.7175376596180138e-14
1787945675600926744,1.6093899138615635e-16,1.719961642615525e-14,1.7039436161159385e-14,1.7175376596180138e-14
1787945675700563038,1.609813675245226e-16,1.719961642615525e-14,1.7039393786907936e-14,1.7175376596180138e-14
1787945675800515572,1.6104178754064731e-16,1.719961642615525e-14,1.7039333369582198e-14,1.7175376596180138e-14
1787945675900756753,1.610861566940298e-16,1.719961642615525e-14,1.70392890024045e-14,1.7175376596180138e-14
1787945676001771562,1.6113959902171973e-16,1.719961642615525e-14,1.7039235562456517e-14,1.7175376596180138e-14
1787945676100754148,1.6118759542705838e-16,1.719961642615525e-14,1.7039187568188405e-14,1.7175376596180138e-14
1787945676200608808,1.6123586621239864e-16,1.719961642615525e-14,1.703913929955252e-14,1.7175376596180138e-14
1787945676301064549,1.6129293617328694e-16,1.719961642615525e-14,1.703908223213292e-14,1.7175376596180138e-14
1787945676400736723,1.6134231705822702e-16,1.719961642615525e-14,1.7039032853446894e-14,1.7175376596180138e-14
1787945676500799168,1.6140311933373109e-16,1.719961642615525e-14,1.703897205387891e-14,1.7175376596180138e-14
1787945676600659048,1.6145832009136786e-16,1.719961642615525e-14,1.7038916855579377e-14,1.7175376596180138e-14
1787945676700792377,1.6150119894318702e-16,1.719961642615525e-14,1.7038873978636978e-14,1.7175376596180138e-14
1787945676800736417,1.6155878241917889e-16,1.719961642615525e-14,1.7038816397725216e-14,1.7175376596180138e-14
1787945676901556108,1.6161234429694754e-16,1.719961642615525e-14,1.7038762838232618e-14,1.7175376596180138e-14
1787945677001001562,1.6166097901072614e-16,1.719961642615525e-14,1.7038714205684605e-14,1.7175376596180138e-14
1787945677100983536,1.6170521595177428e-16,1.719961642615525e-14,1.7038669970713497e-14,1.7175376596180138e-14
1787945677201051082,1.6175420355331935e-16,1.719961642615525e-14,1.703862098529346e-14,1.7175376596180138e-14
1787945677301559124,1.6180945976288624e-16,1.719961642615525e-14,1.7038565731544565e-14,1.7175376596180138e-14
1787945677401227643,1.6186449829883086e-16,1.719961642615525e-14,1.7038510695459616e-14,1.7175376596180138e-14
1787945677500945155,1.6190813307565674e-16,1.719961642615525e-14,1.7038467062625964e-14,1.7175376596180138e-14
1787945677601302511,1.6196266094485752e-16,1.719961642615525e-14,1.7038412537185046e-14,1.7175376596180138e-14
1787945677701987869,1.6201082554683842e-16,1.719961642615525e-14,1.7038364374727986e-14,1.7175376596180138e-14
1787945677801136653,1.6206642490700024e-16,1.719961642615525e-14,1.703830877784385e-14,1.7175376596180138e-14
1787945677900822335,1.6212765406237483e-16,1.719961642615525e-14,1.703824755141524e-14,1.7175376596180138e-14
1787945678001613473,1.621746402816723e-16,1.719961642615525e-14,1.7038200567288426e-14,1.7175376596180138e-14
1787945678100579993,1.6223827473069545e-16,1.719961642615525e-14,1.703813693567332e-14,1.7175376596180138e-14
1787945678200658212,1.6228260663135178e-16,1.719961642615525e-14,1.7038092605746964e-14,1.7175376596180138e-14
1787945678300667990,1.6233779059968012e-16,1.719961642615525e-14,1.703803742423625e-14,1.7175376596180138e-14
1787945678400805351,1.6238840592670863e-16,1.719961642615525e-14,1.7037986811163378e-14,1.7175376596180138e-14
1787945678500625149,1.624388355355523e-16,1.719961642615525e-14,1.7037936383800437e-14,1.7175376596180138e-14
1787945678600541722,1.625008698722421e-16,1.719961642615525e-14,1.7037874352226486e-14,1.7175376596180138e-14
1787945678700745709,1.625465925677428e-16,1.719961642615525e-14,1.703782863156729e-14,1.7175376596180138e-14
1787945678800598490,1.62597820116446e-16,1.719961642615525e-14,1.7037777406300066e-14,1.7175376596180138e-14
1787945678900843204,1.6263610566999414e-16,1.719961642615525e-14,1.703773912245162e-14,1.7175376596180138e-14
1787945679000578803,1.6268832177775248e-16,1.719961642615525e-14,1.7037686908669394e-14,1.7175376596180138e-14
1787945679100824832,1.6272380821443239e-16,1.719961642615525e-14,1.703765142381317e-14,1.7175376596180138e-14
1787945679200927098,1.6277304770168247e-16,1.719961642615525e-14,1.7037602186518905e-14,1.7175376596180138e-14
1787945679300690822,1.6282468156403458e-16,1.719961642615525e-14,1.703755055495619e-14,1.7175376596180138e-14
1787945679400815300,1.6286154586819602e-16,1.719961642615525e-14,1.703751369229388e-14,1.7175376596180138e-14
1787945679500800635,1.6292163506070733e-16,1.719961642615525e-14,1.703745360577761e-14,1.7175376596180138e-14
1787945679600683204,1.6297302519887786e-16,1.719961642615525e-14,1.7037402217928265e-14,1.7175376596180138e-14
1787945679700679239,1.6303592572479118e-16,1.719961642615525e-14,1.7037339320203843e-14,1.7175376596180138e-14
1787945679800724728,1.6308845115951167e-16,1.719961642615525e-14,1.7037286797108543e-14,1.7175376596180138e-14
1787945679900727636,1.6313531556653784e-16,1.719961642615525e-14,1.703723993478881e-14,1.7175376596180138e-14
1787945680000598463,1.6318229507269314e-16,1.719961642615525e-14,1.703719295737509e-14,1.7175376596180138e-14
1787945680100593438,1.6323397204577085e-16,1.719961642615525e-14,1.7037141282703678e-14,1.7175376596180138e-14
1787945680200585938,1.6328615130659972e-16,1.719961642615525e-14,1.7037089105766904e-14,1.7175376596180138e-14
1787945680300652739,1.6333650151577222e-16,1.719961642615525e-14,1.7037038757800333e-14,1.7175376596180138e-14
1787945680400677170,1.633817118046347e-16,1.719961642615525e-14,1.7036993549525152e-14,1.7175376596180138e-14
1787945680500678767,1.6343852380818578e-16,1.719961642615525e-14,1.7036936740052038e-14,1.7175376596180138e-14
1787945680601111292,1.6349090168755758e-16,1.719961642615525e-14,1.7036884364505625e-14,1.7175376596180138e-14
1787945680701184245,1.635383270876622e-16,1.719961642615525e-14,1.70368369412179e-14,1.7175376596180138e-14
1787945680800602847,1.635918129349133e-16,1.719961642615525e-14,1.7036783457752984e-14,1.7175376596180138e-14
1787945680900735944,1.636498388677949e-16,1.719961642615525e-14,1.7036725434404678e-14,1.7175376596180138e-14
1787945681000644865,1.636907180424994e-16,1.719961642615525e-14,1.7036684557050812e-14,1.7175376596180138e-14
1787945681100688004,1.6374932241930073e-16,1.719961642615525e-14,1.7036625955284377e-14,1.7175376596180138e-14
1787945681200615413,1.6380545149883722e-16,1.719961642615525e-14,1.703656982870497e-14,1.7175376596180138e-14
1787945681300940105,1.6385936603523827e-16,1.719961642615525e-14,1.7036515916570072e-14,1.7175376596180138e-14
1787945681401018370,1.639031234790552e-16,1.719961642615525e-14,1.7036472161075347e-14,1.7175376596180138e-14
1787945681500916293,1.6395200576616796e-16,1.719961642615525e-14,1.7036423280965613e-14,1.7175376596180138e-14
1787945681600536389,1.6398939216733532e-16,1.719961642615525e-14,1.703638589622977e-14,1.7175376596180138e-14
1787945681700737898,1.6403716178054655e-16,1.719961642615525e-14,1.7036338128744393e-14,1.7175376596180138e-14
1787945681800768052,1.6409442787426195e-16,1.719961642615525e-14,1.703628086520154e-14,1.7175376596180138e-14
1787945681900584981,1.6415195831157732e-16,1.719961642615525e-14,1.7036223337326876e-14,1.7175376596180138e-14
1787945682000610796,1.6421124846095585e-16,1.719961642615525e-14,1.703616404981856e-14,1.7175376596180138e-14
1787945682100604884,1.642536312759429e-16,1.719961642615525e-14,1.7036121668891507e-14,1.7175376596180138e-14
1787945682200565198,1.6429481168588992e-16,1.719961642615525e-14,1.7036080490315945e-14,1.7175376596180138e-14
1787945682300591145,1.6435065020508809e-16,1.719961642615525e-14,1.7036024654284096e-14,1.7175376596180138e-14
1787945682400642311,1.6439887362847886e-16,1.719961642615525e-14,1.7035976433008844e-14,1.7175376596180138e-14
1787945682500567618,1.6445246272639094e-16,1.719961642615525e-14,1.703592284629811e-14,1.7175376596180138e-14
1787945682600611620,1.6449369910502415e-16,1.719961642615525e-14,1.70358816117564e-14,1.7175376596180138e-14
1787945682700755222,1.6453986067260064e-16,1.719961642615525e-14,1.703583545224515e-14,1.7175376596180138e-14
1787945682800755401,1.6458154468211555e-16,1.719961642615525e-14,1.7035793770092518e-14,1.7175376596180138e-14
1787945682900710334,1.6463069346270642e-16,1.719961642615525e-14,1.703574462350135e-14,1.7175376596180138e-14
1787945683000777229,1.6469064886010253e-16,1.719961642615525e-14,1.7035684670774795e-14,1.7175376596180138e-14
1787945683100659246,1.6473218944828515e-16,1.719961642615525e-14,1.7035643132037138e-14,1.7175376596180138e-14
1787945683200776540,1.6478453748567291e-16,1.719961642615525e-14,1.703559078633173e-14,1.7175376596180138e-14
1787945683300709484,1.6484030215119527e-16,1.719961642615525e-14,1.703553502415041e-14,1.7175376596180138e-14
1787945683400684126,1.6488223369700716e-16,1.719961642615525e-14,1.7035493094472568e-14,1.7175376596180138e-14
1787945683501032217,1.6493880456432153e-16,1.719961642615525e-14,1.70354365261254e-14,1.7175376596180138e-14
1787945683600847278,1.649964583971653e-16,1.719961642615525e-14,1.703537887486096e-14,1.7175376596180138e-14
1787945683700819346,1.650493250511035e-16,1.719961642615525e-14,1.703532601056218e-14,1.7175376596180138e-14
1787945683800784320,1.6509950432181988e-16,1.719961642615525e-14,1.7035275833526914e-14,1.7175376596180138e-14
1787945683900716793,1.651383619157623e-16,1.719961642615525e-14,1.7035236977664058e-14,1.7175376596180138e-14
1787945684000927904,1.6519060778957643e-16,1.719961642615525e-14,1.7035184734117784e-14,1.7175376596180138e-14
1787945684100960108,1.6525256533790123e-16,1.719961642615525e-14,1.7035122779329677e-14,1.7175376596180138e-14
1787945684200956986,1.6529972612415873e-16,1.719961642615525e-14,1.7035075620644445e-14,1.7175376596180138e-14
1787945684300862279,1.6535361255051084e-16,1.719961642615525e-14,1.7035021736618768e-14,1.7175376596180138e-14
1787945684400745511,1.6539185145150756e-16,1.719961642615525e-14,1.7034983499421348e-14,1.7175376596180138e-14
1787945684500781893,1.6544048638699538e-16,1.719961642615525e-14,1.70349348666526e-14,1.7175376596180138e-14
1787945684600927432,1.654936605472994e-16,1.719961642615525e-14,1.7034881694861274e-14,1.7175376596180138e-14
1787945684700761981,1.655475639722724e-16,1.719961642615525e-14,1.7034827793837784e-14,1.7175376596180138e-14
1787945684800718422,1.6558991536256132e-16,1.719961642615525e-14,1.703478544433433e-14,1.7175376596180138e-14
1787945684900789459,1.6563578632671836e-16,1.719961642615525e-14,1.703473957541382e-14,1.7175376596180138e-14
1787945685001035730,1.6567516633060758e-16,1.719961642615525e-14,1.7034700197164402e-14,1.7175376596180138e-14
1787945685102766818,1.6573051862140536e-16,1.719961642615525e-14,1.7034644847339692e-14,1.7175376596180138e-14
1787945685201130580,1.6578458649770979e-16,1.719961642615525e-14,1.7034590781872268e-14,1.7175376596180138e-14
1787945685300872336,1.6583976448952176e-16,1.719961642615525e-14,1.7034535606338808e-14,1.7175376596180138e-14
1787945685400827285,1.6588767085318464e-16,1.719961642615525e-14,1.7034487702109538e-14,1.7175376596180138e-14
1787945685500574081,1.65947921876073e-16,1.719961642615525e-14,1.7034427453771056e-14,1.7175376596180138e-14
1787945685600679255,1.6600053879626845e-16,1.719961642615525e-14,1.7034374839195153e-14,1.7175376596180138e-14
1787945685701725905,1.6604974280014933e-16,1.719961642615525e-14,1.7034325637383524e-14,1.7175376596180138e-14
1787945685800686369,1.6610074190482113e-16,1.719961642615525e-14,1.703427464055109e-14,1.7175376596180138e-14
1787945685900732703,1.6614980135721915e-16,1.719961642615525e-14,1.7034225583284527e-14,1.7175376596180138e-14
1787945686001965025,1.6620148892995162e-16,1.719961642615525e-14,1.7034173898014737e-14,1.7175376596180138e-14
1787945686100648035,1.6624329917128632e-16,1.719961642615525e-14,1.7034132089636266e-14,1.7175376596180138e-14
1787945686200688880,1.662910245514562e-16,1.719961642615525e-14,1.703408436638253e-14,1.7175376596180138e-14
1787945686300665413,1.6633893138142364e-16,1.719961642615525e-14,1.7034036461687086e-14,1.7175376596180138e-14
1787945686400627338,1.663965777631136e-16,1.719961642615525e-14,1.703397881787389e-14,1.7175376596180138e-14
1787945686500636613,1.6644608182567819e-16,1.719961642615525e-14,1.703392931601705e-14,1.7175376596180138e-14
1787945686601071155,1.6649002522494666e-16,1.719961642615525e-14,1.7033885374575747e-14,1.7175376596180138e-14
1787945686700587746,1.6653497671588982e-16,1.719961642615525e-14,1.70338404250877e-14,1.7175376596180138e-14
1787945686800721086,1.6658904687258548e-16,1.719961642615525e-14,1.7033786357340214e-14,1.7175376596180138e-14
1787945686900977019,1.666342871067995e-16,1.719961642615525e-14,1.7033741119121783e-14,1.7175376596180138e-14
1787945687000736380,1.6669154540055127e-16,1.719961642615525e-14,1.7033683863379323e-14,1.7175376596180138e-14
1787945687100625369,1.6673535913094877e-16,1.719961642615525e-14,1.703364005160117e-14,1.7175376596180138e-14
1787945687200690242,1.667754145355022e-16,1.719961642615525e-14,1.7033599997981412e-14,1.7175376596180138e-14
1787945687300716111,1.6682423855301398e-16,1.719961642615525e-14,1.7033551176139415e-14,1.7175376596180138e-14
1787945687400685072,1.6687913462855732e-16,1.719961642615525e-14,1.703349628250996e-14,1.7175376596180138e-14
1787945687500778869,1.669315783650451e-16,1.719961642615525e-14,1.7033443841110305e-14,1.7175376596180138e-14
1787945687600690521,1.669833613297802e-16,1.719961642615525e-14,1.7033392060452976e-14,1.7175376596180138e-14
1787945687700591032,1.6703132783853742e-16,1.719961642615525e-14,1.7033344096081578e-14,1.7175376596180138e-14
1787945687801163237,1.6707399364394962e-16,1.719961642615525e-14,1.703330143217734e-14,1.7175376596180138e-14
1787945687900768509,1.6712216455890933e-16,1.719961642615525e-14,1.703325326340887e-14,1.7175376596180138e-14
1787945688000660704,1.6716292582081429e-16,1.719961642615525e-14,1.703321250396329e-14,1.7175376596180138e-14
1787945688100653693,1.672100809191198e-16,1.719961642615525e-14,1.7033165350966232e-14,1.7175376596180138e-14
1787945688200678161,1.6726093802362137e-16,1.719961642615525e-14,1.7033114496127954e-14,1.7175376596180138e-14
1787945688301039949,1.67306541665168e-16,1.719961642615525e-14,1.7033068894518544e-14,1.7175376596180138e-14
1787945688400703633,1.6734708406249466e-16,1.719961642615525e-14,1.703302835392783e-14,1.7175376596180138e-14
1787945688500702323,1.6739394226456394e-16,1.719961642615525e-14,1.7032981497813824e-14,1.7175376596180138e-14
1787945688600578500,1.6745099312281886e-16,1.719961642615525e-14,1.7032924449497846e-14,1.7175376596180138e-14
1787945688700725170,1.6750740263853167e-16,1.719961642615525e-14,1.7032868042495844e-14,1.7175376596180138e-14
1787945688800776319,1.6755010846427114e-16,1.719961642615525e-14,1.703282533857317e-14,1.7175376596180138e-14
1787945688900632318,1.675980751781498e-16,1.719961642615525e-14,1.70327773739968e-14,1.7175376596180138e-14
1787945689000599097,1.6764880585756121e-16,1.719961642615525e-14,1.7032726645578082e-14,1.7175376596180138e-14
1787945689100651401,1.6770054471852658e-16,1.719961642615525e-14,1.703267490902275e-14,1.7175376596180138e-14
1787945689201142676,1.67758156394827e-16,1.719961642615525e-14,1.703261729991381e-14,1.7175376596180138e-14
1787945689301110780,1.6780885910806955e-16,1.719961642615525e-14,1.7032566599460053e-14,1.7175376596180138e-14
1787945689400681631,1.678605400590272e-16,1.719961642615525e-14,1.7032514920812192e-14,1.7175376596180138e-14
1787945689500653121,1.6790823987994644e-16,1.719961642615525e-14,1.7032467223116968e-14,1.7175376596180138e-14
1787945689600653195,1.6795637947395341e-16,1.719961642615525e-14,1.7032419085668266e-14,1.7175376596180138e-14
1787945689700645254,1.680049145626818e-16,1.719961642615525e-14,1.703237055274248e-14,1.7175376596180138e-14
1787945689800688791,1.680632138296298e-16,1.719961642615525e-14,1.7032312256073623e-14,1.7175376596180138e-14
1787945689900625576,1.6811717063061484e-16,1.719961642615525e-14,1.7032258301677227e-14,1.7175376596180138e-14
1787945690000610762,1.681635360035993e-16,1.719961642615525e-14,1.7032211938370532e-14,1.7175376596180138e-14
1787945690100649973,1.6820653694933294e-16,1.719961642615525e-14,1.703216893934116e-14,1.7175376596180138e-14
1787945690201193560,1.6825241186004998e-16,1.719961642615525e-14,1.7032123066474895e-14,1.7175376596180138e-14
1787945690300758291,1.682851441372723e-16,1.719961642615525e-14,1.703209033565642e-14,1.7175376596180138e-14
1787945690401418840,1.6834025204397296e-16,1.719961642615525e-14,1.703203523020567e-14,1.7175376596180138e-14
1787945690500689504,1.6839002154719746e-16,1.719961642615525e-14,1.70319854629205e-14,1.7175376596180138e-14
1787945690600737261,1.6843552622746505e-16,1.719961642615525e-14,1.7031939960268227e-14,1.7175376596180138e-14
1787945690700650293,1.6848478320464414e-16,1.719961642615525e-14,1.7031890705486283e-14,1.7175376596180138e-14
1787945690800736472,1.6853116230986863e-16,1.719961642615525e-14,1.7031844328448047e-14,1.7175376596180138e-14
1787945690900766125,1.6859361824204185e-16,1.719961642615525e-14,1.7031781875299385e-14,1.7175376596180138e-14
1787945691000652857,1.6864104877710504e-16,1.719961642615525e-14,1.7031734446878193e-14,1.7175376596180138e-14
1787945691102194599,1.6869162580685072e-16,1.719961642615525e-14,1.703168387210257e-14,1.7175376596180138e-14
1787945691200942784,1.6873839238458844e-16,1.719961642615525e-14,1.703163710760914e-14,1.7175376596180138e-14
1787945691300826352,1.6878139847269498e-16,1.719961642615525e-14,1.7031594103437753e-14,1.7175376596180138e-14
1787945691400509801,1.6884086410894516e-16,1.719961642615525e-14,1.703153464045182e-14,1.7175376596180138e-14
1787945691500619859,1.6888982382885688e-16,1.719961642615525e-14,1.7031485682913997e-14,1.7175376596180138e-14
1787945691600664011,1.689336583179535e-16,1.719961642615525e-14,1.703144185037858e-14,1.7175376596180138e-14
1787945691700654622,1.689778103697415e-16,1.719961642615525e-14,1.703139770029463e-14,1.7175376596180138e-14
1787945691800594788,1.690293626216695e-16,1.719961642615525e-14,1.7031346150340375e-14,1.7175376596180138e-14
1787945691900508894,1.6907125470135676e-16,1.719961642615525e-14,1.7031304260127824e-14,1.7175376596180138e-14
1787945692000731284,1.6911845976988677e-16,1.719961642615525e-14,1.703125705716324e-14,1.7175376596180138e-14
1787945692100637607,1.691686711425672e-16,1.719961642615525e-14,1.7031206848028507e-14,1.7175376596180138e-14
1787945692200726347,1.6921823947385047e-16,1.719961642615525e-14,1.7031157281906526e-14,1.7175376596180138e-14
1787945692300605810,1.6926851793918288e-16,1.719961642615525e-14,1.7031107005682162e-14,1.7175376596180138e-14
1787945692400830757,1.6930016200962602e-16,1.719961642615525e-14,1.7031075363022135e-14,1.7175376596180138e-14
1787945692500507736,1.6935410732130563e-16,1.719961642615525e-14,1.7031021420114884e-14,1.7175376596180138e-14
1787945692600623076,1.6940754511290505e-16,1.719961642615525e-14,1.7030967984705104e-14,1.7175376596180138e-14
1787945692700680175,1.694605574559667e-16,1.719961642615525e-14,1.7030914974724913e-14,1.7175376596180138e-14
1787945692800565008,1.6950152686150675e-16,1.719961642615525e-14,1.7030874007145475e-14,1.7175376596180138e-14
1787945692900540503,1.6954362795185167e-16,1.719961642615525e-14,1.7030831907931684e-14,1.7175376596180138e-14
1787945693000519344,1.6960492586293296e-16,1.719961642615525e-14,1.7030770612752824e-14,1.7175376596180138e-14
1787945693100532963,1.6964564577784836e-16,1.719961642615525e-14,1.703072989465292e-14,1.7175376596180138e-14
1787945693200503861,1.6969792972405168e-16,1.719961642615525e-14,1.7030677613037188e-14,1.7175376596180138e-14
1787945693300830444,1.697541756604196e-16,1.719961642615525e-14,1.7030621369607906e-14,1.7175376596180138e-14
1787945693400555777,1.6980181483853983e-16,1.719961642615525e-14,1.7030573732553253e-14,1.7175376596180138e-14
1787945693500676860,1.6984998503439625e-16,1.719961642615525e-14,1.703052556450454e-14,1.7175376596180138e-14
1787945693600467947,1.698981669381499e-16,1.719961642615525e-14,1.7030477384748466e-14,1.7175376596180138e-14
1787945693700676225,1.6995026547315587e-16,1.719961642615525e-14,1.7030425288535737e-14,1.7175376596180138e-14
1787945693800597960,1.700005509201097e-16,1.719961642615525e-14,1.703037500533025e-14,1.7175376596180138e-14
1787945693900709535,1.700353701742189e-16,1.719961642615525e-14,1.7030340187628215e-14,1.7175376596180138e-14
1787945694000980042,1.700853219330543e-16,1.719961642615525e-14,1.7030290238095998e-14,1.7175376596180138e-14
1787945694100687242,1.7012842121745454e-16,1.719961642615525e-14,1.7030247140732777e-14,1.7175376596180138e-14
1787945694201087447,1.7018618021971912e-16,1.719961642615525e-14,1.7030189384305172e-14,1.7175376596180138e-14
1787945694301207420,1.70241853355991e-16,1.719961642615525e-14,1.7030133713650593e-14,1.7175376596180138e-14
1787945694400774415,1.7028549259051674e-16,1.719961642615525e-14,1.703009007636135e-14,1.7175376596180138e-14
1787945694500888948,1.703197873318785e-16,1.719961642615525e-14,1.7030055783148732e-14,1.7175376596180138e-14
1787945694600691099,1.703699395953427e-16,1.719961642615525e-14,1.70300056331209e-14,1.7175376596180138e-14
1787945694700874182,1.7042093016889125e-16,1.719961642615525e-14,1.7029954644820366e-14,1.7175376596180138e-14
1787945694800709115,1.704574292337755e-16,1.719961642615525e-14,1.7029918147382514e-14,1.7175376596180138e-14
1787945694900746441,1.7050092425938848e-16,1.719961642615525e-14,1.7029874654295805e-14,1.7175376596180138e-14
1787945695000793516,1.7055444468240339e-16,1.719961642615525e-14,1.7029821136258614e-14,1.7175376596180138e-14
1787945695100937097,1.706111727844381e-16,1.719961642615525e-14,1.7029764410685407e-14,1.7175376596180138e-14
1787945695200676641,1.7065798892043997e-16,1.719961642615525e-14,1.7029717596636393e-14,1.7175376596180138e-14
1787945695300783151,1.7071672760603852e-16,1.719961642615525e-14,1.702965886056929e-14,1.7175376596180138e-14
1787945695400842322,1.7076515035726894e-16,1.719961642615525e-14,1.7029610439976692e-14,1.7175376596180138e-14
1787945695500639846,1.7081550102344315e-16,1.719961642615525e-14,1.7029560091555113e-14,1.7175376596180138e-14
1787945695600613885,1.7085891038150317e-16,1.719961642615525e-14,1.7029516684132217e-14,1.7175376596180138e-14
1787945695700615416,1.7089742429763276e-16,1.719961642615525e-14,1.7029478171933023e-14,1.7175376596180138e-14
1787945695800718159,1.7094335850428574e-16,1.719961642615525e-14,1.702943223977411e-14,1.7175376596180138e-14
1787945695900778692,1.7099605254068934e-16,1.719961642615525e-14,1.7029379548086817e-14,1.7175376596180138e-14
1787945696000864974,1.710396323792477e-16,1.719961642615525e-14,1.7029335970191064e-14,1.7175376596180138e-14
1787945696100914077,1.7109218547106734e-16,1.719961642615525e-14,1.7029283419442093e-14,1.7175376596180138e-14
1787945696200686887,1.7112998099795888e-16,1.719961642615525e-14,1.7029245625600163e-14,1.7175376596180138e-14
1787945696300975314,1.7117574149517573e-16,1.719961642615525e-14,1.7029199867143e-14,1.7175376596180138e-14
1787945696401085704,1.7122606326472523e-16,1.719961642615525e-14,1.7029149547616862e-14,1.7175376596180138e-14
1787945696500661992,1.7128434821344373e-16,1.719961642615525e-14,1.702909126526658e-14,1.7175376596180138e-14
1787945696600845831,1.7133302764896464e-16,1.719961642615525e-14,1.7029042588001283e-14,1.7175376596180138e-14
1787945696700918208,1.7136583225873761e-16,1.719961642615525e-14,1.702900978485401e-14,1.7175376596180138e-14
1787945696800674076,1.714220138197004e-16,1.719961642615525e-14,1.7028953605797752e-14,1.7175376596180138e-14
1787945696900913721,1.7146414489625315e-16,1.719961642615525e-14,1.7028911476599512e-14,1.7175376596180138e-14
1787945697000688935,1.7151037377869016e-16,1.719961642615525e-14,1.7028865249778092e-14,1.7175376596180138e-14
1787945697101279618,1.715624218952912e-16,1.719961642615525e-14,1.7028813203981955e-14,1.7175376596180138e-14
1787945697200552583,1.7160335515395898e-16,1.719961642615525e-14,1.702877227254823e-14,1.7175376596180138e-14
1787945697300782201,1.7165581487457805e-16,1.719961642615525e-14,1.7028719815166455e-14,1.7175376596180138e-14
1787945697400635245,1.716990641555713e-16,1.719961642615525e-14,1.702867656781368e-14,1.7175376596180138e-14
1787945697500736069,1.7175041464228615e-16,1.719961642615525e-14,1.7028625219616383e-14,1.7175376596180138e-14
1787945697601047402,1.7179507777715908e-16,1.719961642615525e-14,1.7028580558472785e-14,1.7175376596180138e-14
1787945697701064127,1.7184174774326575e-16,1.719961642615525e-14,1.7028533890587438e-14,1.7175376596180138e-14
1787945697800471116,1.718795965017733e-16,1.719961642615525e-14,1.702849604351641e-14,1.7175376596180138e-14
1787945697900869063,1.7192511057308157e-16,1.719961642615525e-14,1.702845053147435e-14,1.7175376596180138e-14
1787945698000801969,1.7197749123641936e-16,1.719961642615525e-14,1.702839815314642e-14,1.7175376596180138e-14
1787945698101119215,1.720184516518192e-16,1.719961642615525e-14,1.702835719455726e-14,1.7175376596180138e-14
1787945698200950741,1.7206567875009722e-16,1.719961642615525e-14,1.7028309969564635e-14,1.7175376596180138e-14
1787945698300648093,1.7211500712098412e-16,1.719961642615525e-14,1.7028260643393107e-14,1.7175376596180138e-14
1787945698401289725,1.72163580997612e-16,1.719961642615525e-14,1.7028212071682208e-14,1.7175376596180138e-14
1787945698501124597,1.722059608666158e-16,1.719961642615525e-14,1.7028169693702772e-14,1.7175376596180138e-14
1787945698601303201,1.722502549262337e-16,1.719961642615525e-14,1.702812540161808e-14,1.7175376596180138e-14
1787945698701388438,1.722986746771138e-16,1.719961642615525e-14,1.702807698402609e-14,1.7175376596180138e-14
1787945698802047983,1.7235333193063261e-16,1.719961642615525e-14,1.702802232920959e-14,1.7175376596180138e-14
1787945698901719275,1.7238829944441166e-16,1.719961642615525e-14,1.7027987363254923e-14,1.7175376596180138e-14
1787945699001272624,1.7243130257842654e-16,1.719961642615525e-14,1.702794436203832e-14,1.7175376596180138e-14
1787945699101241082,1.724765987120556e-16,1.719961642615525e-14,1.7027899067924348e-14,1.7175376596180138e-14
1787945699200886197,1.7252897533783124e-16,1.719961642615525e-14,1.702784669363395e-14,1.7175376596180138e-14
1787945699300767169,1.7256537566019558e-16,1.719961642615525e-14,1.702781029493462e-14,1.7175376596180138e-14
1787945699400907302,1.726069546484946e-16,1.719961642615525e-14,1.7027768717800267e-14,1.7175376596180138e-14
1787945699501319301,1.7265717591535233e-16,1.719961642615525e-14,1.702771849877272e-14,1.7175376596180138e-14
1787945699600713921,1.7270211855304735e-16,1.719961642615525e-14,1.7027673558138976e-14,1.7175376596180138e-14
1787945699700730851,1.7275139305495274e-16,1.719961642615525e-14,1.7027624285834188e-14,1.7175376596180138e-14
1787945699800835137,1.728054853540112e-16,1.719961642615525e-14,1.7027570195947082e-14,1.7175376596180138e-14
1787945699900687515,1.7285773682506602e-16,1.719961642615525e-14,1.7027517946805916e-14,1.7175376596180138e-14
1787945700000667585,1.7290586558427371e-16,1.719961642615525e-14,1.7027469820192778e-14,1.7175376596180138e-14
1787945700100701018,1.729541851273396e-16,1.719961642615525e-14,1.70274215028043e-14,1.7175376596180138e-14
1787945700200931185,1.7299176600439151e-16,1.719961642615525e-14,1.7027383923603004e-14,1.7175376596180138e-14
1787945700300942627,1.7303882541745736e-16,1.719961642615525e-14,1.7027336866288355e-14,1.7175376596180138e-14
1787945700401042456,1.7309381715180722e-16,1.719961642615525e-14,1.7027281877006148e-14,1.7175376596180138e-14
1787945700501081109,1.731509741963414e-16,1.719961642615525e-14,1.7027224722510328e-14,1.7175376596180138e-14
1787945700600932137,1.7319800076662824e-16,1.719961642615525e-14,1.7027177698037038e-14,1.7175376596180138e-14
1787945700700772685,1.7324210381276014e-16,1.719961642615525e-14,1.7027133596957543e-14,1.7175376596180138e-14
1787945700800790509,1.7329402337766837e-16,1.719961642615525e-14,1.702708167970784e-14,1.7175376596180138e-14
1787945700900662086,1.7334580833840848e-16,1.719961642615525e-14,1.702702989705632e-14,1.7175376596180138e-14
1787945701000817060,1.7340336329117414e-16,1.719961642615525e-14,1.7026972344670085e-14,1.7175376596180138e-14
1787945701100691364,1.7345030956962025e-16,1.719961642615525e-14,1.7026925400485117e-14,1.7175376596180138e-14
1787945701200837334,1.7350223486883422e-16,1.719961642615525e-14,1.702687347750142e-14,1.7175376596180138e-14
1787945701300710676,1.7354946614992996e-16,1.719961642615525e-14,1.7026826248326535e-14,1.7175376596180138e-14
1787945701400999286,1.7360253669372123e-16,1.719961642615525e-14,1.7026773180149358e-14,1.7175376596180138e-14
1787945701500824707,1.7365399682614288e-16,1.719961642615525e-14,1.7026721722311755e-14,1.7175376596180138e-14
1787945701601009700,1.7369859688332569e-16,1.719961642615525e-14,1.702667712424348e-14,1.7175376596180138e-14
1787945701700913691,1.7373950760248457e-16,1.719961642615525e-14,1.7026636215348716e-14,1.7175376596180138e-14
1787945701800777355,1.7378920819274538e-16,1.719961642615525e-14,1.7026586516974842e-14,1.7175376596180138e-14
1787945701900629638,1.7384207113818232e-16,1.719961642615525e-14,1.702653365638683e-14,1.7175376596180138e-14
1787945702000561461,1.73884709702395e-16,1.719961642615525e-14,1.7026491019724096e-14,1.7175376596180138e-14
1787945702100581925,1.7393070808037445e-16,1.719961642615525e-14,1.7026445023397438e-14,1.7175376596180138e-14
1787945702200517729,1.7397586287008638e-16,1.719961642615525e-14,1.702639987062144e-14,1.7175376596180138e-14
1787945702300837309,1.7401735345859848e-16,1.719961642615525e-14,1.7026358381883242e-14,1.7175376596180138e-14
1787945702400725112,1.7405905808638736e-16,1.719961642615525e-14,1.7026316679115322e-14,1.7175376596180138e-14
1787945702500690822,1.7410155122869925e-16,1.719961642615525e-14,1.702627418786805e-14,1.7175376596180138e-14
1787945702601126052,1.7415236678116164e-16,1.719961642615525e-14,1.7026223374581793e-14,1.7175376596180138e-14
1787945702700763379,1.7420820057347834e-16,1.719961642615525e-14,1.7026167543279497e-14,1.7175376596180138e-14
1787945702800850690,1.742569270863528e-16,1.719961642615525e-14,1.7026118818939688e-14,1.7175376596180138e-14
1787945702901027029,1.7429696432900593e-16,1.719961642615525e-14,1.7026078783482594e-14,1.7175376596180138e-14
1787945703000876229,1.7434557924551725e-16,1.719961642615525e-14,1.7026030170734194e-14,1.7175376596180138e-14
1787945703100711244,1.7439418187509957e-16,1.719961642615525e-14,1.7025981570272192e-14,1.7175376596180138e-14
1787945703201334372,1.7443394703121466e-16,1.719961642615525e-14,1.702594180688953e-14,1.7175376596180138e-14
1787945703301117218,1.7447907214653958e-16,1.719961642615525e-14,1.7025896683786714e-14,1.7175376596180138e-14
1787945703400663055,1.745324679778314e-16,1.719961642615525e-14,1.7025843290336803e-14,1.7175376596180138e-14
1787945703500692268,1.7457254753813283e-16,1.719961642615525e-14,1.7025803212564007e-14,1.7175376596180138e-14
1787945703600773509,1.746138248496467e-16,1.719961642615525e-14,1.7025761937093423e-14,1.7175376596180138e-14
1787945703700981721,1.7466683705872256e-16,1.719961642615525e-14,1.7025708927248657e-14,1.7175376596180138e-14
1787945703800871731,1.7471423473266957e-16,1.719961642615525e-14,1.702566153168863e-14,1.7175376596180138e-14
1787945703900795163,1.747703669164979e-16,1.719961642615525e-14,1.702560540200829e-14,1.7175376596180138e-14
1787945704000786063,1.74815755955798e-16,1.719961642615525e-14,1.7025560014993348e-14,1.7175376596180138e-14
1787945704100990130,1.748704663410263e-16,1.719961642615525e-14,1.702550530704823e-14,1.7175376596180138e-14
1787945704200674913,1.7492660432984672e-16,1.719961642615525e-14,1.7025449171563202e-14,1.7175376596180138e-14
1787945704300627282,1.7497137410339145e-16,1.719961642615525e-14,1.702540440378643e-14,1.7175376596180138e-14
1787945704401295408,1.75021512999811e-16,1.719961642615525e-14,1.702535426712627e-14,1.7175376596180138e-14
1787945704500613957,1.7506719273632322e-16,1.719961642615525e-14,1.702530858942714e-14,1.7175376596180138e-14
1787945704600765935,1.751161551533256e-16,1.719961642615525e-14,1.702525962919395e-14,1.7175376596180138e-14
1787945704701161334,1.7515664738927877e-16,1.719961642615525e-14,1.702521913876403e-14,1.7175376596180138e-14
1787945704800807965,1.7519739601205465e-16,1.719961642615525e-14,1.702517839195873e-14,1.7175376596180138e-14
1787945704901074690,1.752500596468366e-16,1.719961642615525e-14,1.7025125730672876e-14,1.7175376596180138e-14
1787945705000862358,1.753014870610126e-16,1.719961642615525e-14,1.70250743055525e-14,1.7175376596180138e-14
1787945705100580907,1.7535095602143027e-16,1.719961642615525e-14,1.7025024838798543e-14,1.7175376596180138e-14
1787945705200547376,1.7539572747026966e-16,1.719961642615525e-14,1.702498006934665e-14,1.7175376596180138e-14
1787945705300689077,1.7543971199206153e-16,1.719961642615525e-14,1.7024936086786723e-14,1.7175376596180138e-14
1787945705400667138,1.7549647630802793e-16,1.719961642615525e-14,1.7024879325002655e-14,1.7175376596180138e-14
1787945705501065536,1.7554292883167708e-16,1.719961642615525e-14,1.7024832874550972e-14,1.7175376596180138e-14
1787945705600538810,1.7558955805542463e-16,1.719961642615525e-14,1.7024786247407085e-14,1.7175376596180138e-14
1787945705700784318,1.756346161943877e-16,1.719961642615525e-14,1.7024741191277913e-14,1.7175376596180138e-14
1787945705800528586,1.756863760694574e-16,1.719961642615525e-14,1.7024689433711577e-14,1.7175376596180138e-14
1787945705901010441,1.7573809281672713e-16,1.719961642615525e-14,1.7024637719271134e-14,1.7175376596180138e-14
1787945706001930357,1.7577796237458836e-16,1.719961642615525e-14,1.702459785149166e-14,1.7175376596180138e-14
1787945706100925188,1.7582050416806278e-16,1.719961642615525e-14,1.7024555311595782e-14,1.7175376596180138e-14
1787945706200691420,1.758739771755616e-16,1.719961642615525e-14,1.7024501840973483e-14,1.7175376596180138e-14
1787945706300668552,1.7591592475067967e-16,1.719961642615525e-14,1.7024459895269477e-14,1.7175376596180138e-14
1787945706400737327,1.7596641324139372e-16,1.719961642615525e-14,1.7024409409030865e-14,1.7175376596180138e-14
1787945706500822984,1.7602587269416354e-16,1.719961642615525e-14,1.702434995223037e-14,1.7175376596180138e-14
1787945706600733770,1.7607445987955204e-16,1.719961642615525e-14,1.7024301367212298e-14,1.7175376596180138e-14
1787945706700839505,1.761224319578331e-16,1.719961642615525e-14,1.7024253397273906e-14,1.7175376596180138e-14
1787945706801205945,1.7616466527403592e-16,1.719961642615525e-14,1.7024211165841615e-14,1.7175376596180138e-14
1787945706900654054,1.7622425238322744e-16,1.719961642615525e-14,1.702415158139046e-14,1.7175376596180138e-14
1787945707000883374,1.7626326373730768e-16,1.719961642615525e-14,1.7024112571776587e-14,1.7175376596180138e-14
1787945707100774725,1.7632049473089845e-16,1.719961642615525e-14,1.702405534333596e-14,1.7175376596180138e-14
1787945707200717735,1.763691290692862e-16,1.719961642615525e-14,1.7024006711167062e-14,1.7175376596180138e-14
1787945707300730837,1.7641705379130538e-16,1.719961642615525e-14,1.7023958788582898e-14,1.7175376596180138e-14
1787945707400744611,1.764571340479915e-16,1.719961642615525e-14,1.7023918710114144e-14,1.7175376596180138e-14
1787945707500746582,1.7650862221715514e-16,1.719961642615525e-14,1.7023867224241813e-14,1.7175376596180138e-14
1787945707600812685,1.7656654499860237e-16,1.719961642615525e-14,1.702380930404426e-14,1.7175376596180138e-14
1787945707700632161,1.7661159963294843e-16,1.719961642615525e-14,1.7023764251419784e-14,1.7175376596180138e-14
1787945707800732288,1.7665806030158675e-16,1.719961642615525e-14,1.702371779282375e-14,1.7175376596180138e-14
1787945707900756852,1.7670798982648564e-16,1.719961642615525e-14,1.702366786552621e-14,1.7175376596180138e-14
1787945708000694482,1.7674979460342887e-16,1.719961642615525e-14,1.702362606261419e-14,1.7175376596180138e-14
1787945708100880935,1.7679679070266513e-16,1.719961642615525e-14,1.7023579068611473e-14,1.7175376596180138e-14
1787945708201062339,1.7684285503437477e-16,1.719961642615525e-14,1.702353300633473e-14,1.7175376596180138e-14
1787945708301145807,1.768962025643966e-16,1.719961642615525e-14,1.70234796611846e-14,1.7175376596180138e-14
1787945708401281605,1.769510272079811e-16,1.719961642615525e-14,1.7023424838986814e-14,1.7175376596180138e-14
1787945708501332882,1.769921939385588e-16,1.719961642615525e-14,1.702338367409275e-14,1.7175376596180138e-14
1787945708601305811,1.7702526117150095e-16,1.719961642615525e-14,1.7023350608334996e-14,1.7175376596180138e-14
1787945708700976166,1.770859538840259e-16,1.719961642615525e-14,1.7023289918330096e-14,1.7175376596180138e-14
1787945708801193789,1.7713269196380613e-16,1.719961642615525e-14,1.702324318233541e-14,1.7175376596180138e-14
1787945708900712978,1.7717619198466177e-16,1.719961642615525e-14,1.70231996842552e-14,1.7175376596180138e-14
1787945709000746531,1.772196769707522e-16,1.719961642615525e-14,1.7023156201209093e-14,1.7175376596180138e-14
1787945709100771321,1.7725970056267267e-16,1.719961642615525e-14,1.7023116179402744e-14,1.7175376596180138e-14
1787945709200728312,1.7730984754868657e-16,1.719961642615525e-14,1.702306603465395e-14,1.7175376596180138e-14
1787945709300912233,1.7735740983768877e-16,1.719961642615525e-14,1.7023018474486865e-14,1.7175376596180138e-14
1787945709400565088,1.7742244061960667e-16,1.719961642615525e-14,1.702295344660622e-14,1.7175376596180138e-14
1787945709500610036,1.7746715687133216e-16,1.719961642615525e-14,1.7022908732349466e-14,1.7175376596180138e-14
1787945709600606041,1.7751147482224238e-16,1.719961642615525e-14,1.702286441637577e-14,1.7175376596180138e-14
1787945709701455473,1.775656860458335e-16,1.719961642615525e-14,1.7022810207570785e-14,1.7175376596180138e-14
1787945709800644610,1.7763068442754012e-16,1.719961642615525e-14,1.7022745212088972e-14,1.7175376596180138e-14
1787945709900691662,1.7767157272644035e-16,1.719961642615525e-14,1.7022704325614312e-14,1.7175376596180138e-14
1787945710000611432,1.7772608334471398e-16,1.719961642615525e-14,1.702264981742805e-14,1.7175376596180138e-14
1787945710100471493,1.7777099991291522e-16,1.719961642615525e-14,1.702260490286383e-14,1.7175376596180138e-14
1787945710200584512,1.7780610598947593e-16,1.719961642615525e-14,1.7022569798353557e-14,1.7175376596180138e-14
1787945710300520185,1.778549416459295e-16,1.719961642615525e-14,1.702252096487596e-14,1.7175376596180138e-14
1787945710400622064,1.7789991431571257e-16,1.719961642615525e-14,1.702247599421269e-14,1.7175376596180138e-14
1787945710500535415,1.7794039115635027e-16,1.719961642615525e-14,1.7022435519177994e-14,1.7175376596180138e-14
1787945710600530340,1.7799705221539271e-16,1.719961642615525e-14,1.7022378860646983e-14,1.7175376596180138e-14
1787945710700605298,1.7804501783499946e-16,1.719961642615525e-14,1.7022330897167462e-14,1.7175376596180138e-14
1787945710800563414,1.780921586489216e-16,1.719961642615525e-14,1.702228375845684e-14,1.7175376596180138e-14
1787945710900514356,1.7813901366882937e-16,1.719961642615525e-14,1.702223690552749e-14,1.7175376596180138e-14
1787945711000777219,1.7819363823555092e-16,1.719961642615525e-14,1.7022182283397997e-14,1.7175376596180138e-14
1787945711100706112,1.782440647117245e-16,1.719961642615525e-14,1.702213185917176e-14,1.7175376596180138e-14
1787945711200652739,1.7829270413837655e-16,1.719961642615525e-14,1.702208322191532e-14,1.7175376596180138e-14
1787945711300700588,1.7834254776826205e-16,1.719961642615525e-14,1.702203338050939e-14,1.7175376596180138e-14
1787945711400671039,1.7839231786437273e-16,1.719961642615525e-14,1.7021983612633966e-14,1.7175376596180138e-14
1787945711500736692,1.7844133905470265e-16,1.719961642615525e-14,1.702193459363092e-14,1.7175376596180138e-14
1787945711600741739,1.7848927091655096e-16,1.719961642615525e-14,1.7021886663907762e-14,1.7175376596180138e-14
1787945711700699527,1.7853322793046017e-16,1.719961642615525e-14,1.70218427088552e-14,1.7175376596180138e-14
1787945711800709043,1.7857644895388251e-16,1.719961642615525e-14,1.7021799489760293e-14,1.7175376596180138e-14
1787945711900653375,1.7862244587191143e-16,1.719961642615525e-14,1.7021753494894653e-14,1.7175376596180138e-14
1787945712000703047,1.7867685565088492e-16,1.719961642615525e-14,1.7021699087543463e-14,1.7175376596180138e-14
1787945712100581688,1.7872232610677495e-16,1.719961642615525e-14,1.7021653619116493e-14,1.7175376596180138e-14
1787945712200768973,1.7877791142767438e-16,1.719961642615525e-14,1.7021598036275863e-14,1.7175376596180138e-14
1787945712300617166,1.7882634954854157e-16,1.719961642615525e-14,1.702154960031636e-14,1.7175376596180138e-14
1787945712400622566,1.7887689009749614e-16,1.719961642615525e-14,1.70214990620226e-14,1.7175376596180138e-14
1787945712500621795,1.7892094231712235e-16,1.719961642615525e-14,1.7021455011768656e-14,1.7175376596180138e-14
1787945712600763374,1.7896836493572184e-16,1.719961642615525e-14,1.7021407591266144e-14,1.7175376596180138e-14
1787945712700875497,1.7902665135292232e-16,1.719961642615525e-14,1.7021349307449813e-14,1.7175376596180138e-14
1787945712801073743,1.7908690743447377e-16,1.719961642615525e-14,1.702128905405704e-14,1.7175376596180138e-14
1787945712900778244,1.7913571524850156e-16,1.719961642615525e-14,1.7021240248420952e-14,1.7175376596180138e-14
1787945713000701519,1.7919201611497097e-16,1.719961642615525e-14,1.70211839500668e-14,1.7175376596180138e-14
1787945713100939753,1.7924882431986557e-16,1.719961642615525e-14,1.7021127144396876e-14,1.7175376596180138e-14
1787945713201150014,1.7930129533572336e-16,1.719961642615525e-14,1.702107467572247e-14,1.7175376596180138e-14
1787945713301206264,1.7935775463035968e-16,1.719961642615525e-14,1.7021018218947268e-14,1.7175376596180138e-14
1787945713401402759,1.7941061696441142e-16,1.719961642615525e-14,1.702096535897216e-14,1.7175376596180138e-14
1787945713500987626,1.7947133938627765e-16,1.719961642615525e-14,1.7020904639260002e-14,1.7175376596180138e-14
1787945713600701377,1.7952217983098572e-16,1.719961642615525e-14,1.702085380108404e-14,1.7175376596180138e-14
1787945713700878205,1.7956717010688056e-16,1.719961642615525e-14,1.7020808812815837e-14,1.7175376596180138e-14
1787945713800460136,1.7962778757214022e-16,1.719961642615525e-14,1.7020748198055654e-14,1.7175376596180138e-14
1787945713900598692,1.7967091594259422e-16,1.719961642615525e-14,1.7020705071609832e-14,1.7175376596180138e-14
1787945714000739371,1.797282529057815e-16,1.719961642615525e-14,1.7020647737205356e-14,1.7175376596180138e-14
1787945714100651430,1.7977660663014172e-16,1.719961642615525e-14,1.7020599385638837e-14,1.7175376596180138e-14
1787945714200790649,1.7982019938846807e-16,1.719961642615525e-14,1.7020555794825897e-14,1.7175376596180138e-14
1787945714300794072,1.7987695133517768e-16,1.719961642615525e-14,1.7020499045411836e-14,1.7175376596180138e-14
1787945714400545477,1.7991896074172027e-16,1.719961642615525e-14,1.7020457037880046e-14,1.7175376596180138e-14
1787945714500574487,1.7996627370207404e-16,1.719961642615525e-14,1.7020409727031135e-14,1.7175376596180138e-14
1787945714600619779,1.8000937524564463e-16,1.719961642615525e-14,1.7020366627411074e-14,1.7175376596180138e-14
1787945714700669479,1.8005585340997715e-16,1.719961642615525e-14,1.702032015132095e-14,1.7175376596180138e-14
1787945714800528878,1.801062793975998e-16,1.719961642615525e-14,1.7020269727583735e-14,1.7175376596180138e-14
1787945714900538231,1.8015204996012595e-16,1.719961642615525e-14,1.7020223959063862e-14,1.7175376596180138e-14
1787945715000526274,1.8021100889593807e-16,1.719961642615525e-14,1.7020165002759292e-14,1.7175376596180138e-14
1787945715100603569,1.8026390530335452e-16,1.719961642615525e-14,1.7020112108712573e-14,1.7175376596180138e-14
1787945715200907874,1.803158616955553e-16,1.719961642615525e-14,1.7020060154639136e-14,1.7175376596180138e-14
1787945715300663219,1.803709085701683e-16,1.719961642615525e-14,1.7020005110221225e-14,1.7175376596180138e-14
1787945715400612351,1.804170225321687e-16,1.719961642615525e-14,1.701995899831727e-14,1.7175376596180138e-14
1787945715500670620,1.8047948387940797e-16,1.719961642615525e-14,1.7019896539757668e-14,1.7175376596180138e-14
1787945715600906745,1.8053433913084832e-16,1.719961642615525e-14,1.701984168695442e-14,1.7175376596180138e-14
1787945715700530070,1.8058326625365006e-16,1.719961642615525e-14,1.7019792762015255e-14,1.7175376596180138e-14
1787945715800563151,1.8062694946207648e-16,1.719961642615525e-14,1.7019749080756436e-14,1.7175376596180138e-14
1787945715900558080,1.8067147557743437e-16,1.719961642615525e-14,1.701970455662832e-14,1.7175376596180138e-14
1787945716000687343,1.8072522463771622e-16,1.719961642615525e-14,1.7019650809966916e-14,1.7175376596180138e-14
1787945716100619245,1.8077750662266473e-16,1.719961642615525e-14,1.7019598530315388e-14,1.7175376596180138e-14
1787945716200518395,1.8082479536148925e-16,1.719961642615525e-14,1.7019551243687137e-14,1.7175376596180138e-14
1787945716300618606,1.8087341829286343e-16,1.719961642615525e-14,1.70195026229259e-14,1.7175376596180138e-14
1787945716400776957,1.8091365726884356e-16,1.719961642615525e-14,1.7019462385745872e-14,1.7175376596180138e-14
1787945716501136058,1.8097614810915973e-16,1.719961642615525e-14,1.701939989769467e-14,1.7175376596180138e-14
1787945716600885264,1.810273710840551e-16,1.719961642615525e-14,1.7019348677005995e-14,1.7175376596180138e-14
1787945716700839478,1.8107504003408873e-16,1.719961642615525e-14,1.701930101018357e-14,1.7175376596180138e-14
1787945716800622198,1.811139344356453e-16,1.719961642615525e-14,1.7019262117517994e-14,1.7175376596180138e-14
1787945716900512691,1.8115309092885937e-16,1.719961642615525e-14,1.7019222962772465e-14,1.7175376596180138e-14
1787945717000648930,1.8120140165188204e-16,1.719961642615525e-14,1.7019174654205728e-14,1.7175376596180138e-14
1787945717100581356,1.812612561618708e-16,1.719961642615525e-14,1.7019114802367278e-14,1.7175376596180138e-14
1787945717200676290,1.8132117919893457e-16,1.719961642615525e-14,1.7019054882004833e-14,1.7175376596180138e-14
1787945717300543732,1.8136591717396218e-16,1.719961642615525e-14,1.7019010146026662e-14,1.7175376596180138e-14
1787945717400847491,1.8140758532203537e-16,1.719961642615525e-14,1.7018968479738435e-14,1.7175376596180138e-14
1787945717501353724,1.8145574713129585e-16,1.719961642615525e-14,1.7018920320078878e-14,1.7175376596180138e-14
1787945717600683047,1.8149658932239058e-16,1.719961642615525e-14,1.7018879479710784e-14,1.7175376596180138e-14
1787945717700620062,1.8154728160583564e-16,1.719961642615525e-14,1.701882878969001e-14,1.7175376596180138e-14
1787945717801292930,1.815972293442453e-16,1.719961642615525e-14,1.701877884418105e-14,1.7175376596180138e-14
1787945717900587577,1.8162778303570953e-16,1.719961642615525e-14,1.7018748291853378e-14,1.7175376596180138e-14
1787945718000607399,1.8164637269671846e-16,1.719961642615525e-14,1.701872970302214e-14,1.7175376596180138e-14
1787945718100464134,1.8165671373824403e-16,1.719961642615525e-14,1.7018719362442197e-14,1.7175376596180138e-14
1787945718200615447,1.8167389845393265e-16,1.719961642615525e-14,1.701870217849357e-14,1.7175376596180138e-14
1787945718301055567,1.81697146700226e-16,1.719961642615525e-14,1.701867893128499e-14,1.7175376596180138e-14
1787945718401570729,1.8171494114475072e-16,1.719961642615525e-14,1.7018661137634747e-14,1.7175376596180138e-14
1787945718500951142,1.8172961923350455e-16,1.719961642615525e-14,1.7018646460201173e-14,1.7175376596180138e-14
1787945718600729889,1.8173534261175454e-16,1.719961642615525e-14,1.7018640737078395e-14,1.7175376596180138e-14
1787945718700893555,1.8175220254727584e-16,1.719961642615525e-14,1.7018623877895443e-14,1.7175376596180138e-14
1787945718800870568,1.8177479768314039e-16,1.719961642615525e-14,1.701860128376815e-14,1.7175376596180138e-14
1787945718900752932,1.8181120443340442e-16,1.719961642615525e-14,1.7018564878642966e-14,1.7175376596180138e-14
1787945719001346793,1.818342803853229e-16,1.719961642615525e-14,1.7018541803721092e-14,1.7175376596180138e-14
1787945719100688765,1.8185241790430997e-16,1.719961642615525e-14,1.7018523667011712e-14,1.7175376596180138e-14
1787945719200847435,1.8186917454163805e-16,1.719961642615525e-14,1.7018506911122352e-14,1.7175376596180138e-14
1787945719300804092,1.8189006321022584e-16,1.719961642615525e-14,1.701848602338618e-14,1.7175376596180138e-14
1787945719400603792,1.8192662048376816e-16,1.719961642615525e-14,1.701844946774446e-14,1.7175376596180138e-14
1787945719500587510,1.8194724276916016e-16,1.719961642615525e-14,1.70184288463796e-14,1.7175376596180138e-14
1787945719601735734,1.819567002359703e-16,1.719961642615525e-14,1.7018419389334948e-14,1.7175376596180138e-14
1787945719700707005,1.8197575557434695e-16,1.719961642615525e-14,1.7018400334847158e-14,1.7175376596180138e-14
1787945719801004868,1.8199656184068502e-16,1.719961642615525e-14,1.7018379529509568e-14,1.7175376596180138e-14
1787945719900802624,1.8201498810591485e-16,1.719961642615525e-14,1.701836110406685e-14,1.7175376596180138e-14
1787945720001333468,1.8204612695832055e-16,1.719961642615525e-14,1.7018329966604423e-14,1.7175376596180138e-14
1787945720100969320,1.8205811500294246e-16,1.719961642615525e-14,1.7018317979094927e-14,1.7175376596180138e-14
1787945720200734548,1.8208607313871583e-16,1.719961642615525e-14,1.7018290022207155e-14,1.7175376596180138e-14
1787945720300687871,1.8211011902803542e-16,1.719961642615525e-14,1.7018265977391208e-14,1.7175376596180138e-14
1787945720400900756,1.8212598140673685e-16,1.719961642615525e-14,1.7018250115720583e-14,1.7175376596180138e-14
1787945720500747778,1.8215293735268883e-16,1.719961642615525e-14,1.7018223160977908e-14,1.7175376596180138e-14
1787945720600744654,1.821755400615146e-16,1.719961642615525e-14,1.701820055927804e-14,1.7175376596180138e-14
1787945720700557111,1.8219078068248145e-16,1.719961642615525e-14,1.70181853193374e-14,1.7175376596180138e-14
1787945720800779754,1.8220599842315736e-16,1.719961642615525e-14,1.7018170102276026e-14,1.7175376596180138e-14
1787945720900795836,1.822290527665554e-16,1.719961642615525e-14,1.7018147048961755e-14,1.7175376596180138e-14
1787945721004013371,1.8224945741201874e-16,1.719961642615525e-14,1.7018126645227137e-14,1.7175376596180138e-14
1787945721100542894,1.8228539140705554e-16,1.719961642615525e-14,1.701809071283617e-14,1.7175376596180138e-14
1787945721200612099,1.8230678600623768e-16,1.719961642615525e-14,1.701806931919203e-14,1.7175376596180138e-14
1787945721300580815,1.8233073535791814e-16,1.719961642615525e-14,1.7018045370909443e-14,1.7175376596180138e-14
1787945721400680538,1.8234800962698084e-16,1.719961642615525e-14,1.70180280974115e-14,1.7175376596180138e-14
1787945721500910478,1.823668228474789e-16,1.719961642615525e-14,1.701800928503082e-14,1.7175376596180138e-14
1787945721600577542,1.823932665189633e-16,1.719961642615525e-14,1.7017982842539776e-14,1.7175376596180138e-14
1787945721700534425,1.8240704182361304e-16,1.719961642615525e-14,1.7017969067850058e-14,1.7175376596180138e-14
1787945721800613830,1.824307837761147e-16,1.719961642615525e-14,1.70179453269574e-14,1.7175376596180138e-14
1787945721900428584,1.8244745887577105e-16,1.719961642615525e-14,1.7017928652602123e-14,1.7175376596180138e-14
1787945722000665086,1.8247065965338395e-16,1.719961642615525e-14,1.7017905452860204e-14,1.7175376596180138e-14
1787945722100515600,1.824855736429198e-16,1.719961642615525e-14,1.7017890539536435e-14,1.7175376596180138e-14
1787945722200777092,1.8249745755303864e-16,1.719961642615525e-14,1.7017878656156818e-14,1.7175376596180138e-14
1787945722300509804,1.8251398427195377e-16,1.719961642615525e-14,1.7017862130175668e-14,1.7175376596180138e-14
1787945722400692567,1.8253552270092492e-16,1.719961642615525e-14,1.7017840592708187e-14,1.7175376596180138e-14
1787945722500514467,1.8255859961215314e-16,1.719961642615525e-14,1.701781751682713e-14,1.7175376596180138e-14
1787945722600718390,1.825727402312261e-16,1.719961642615525e-14,1.7017803376839306e-14,1.7175376596180138e-14
1787945722700554297,1.8258342016632947e-16,1.719961642615525e-14,1.7017792697380966e-14,1.7175376596180138e-14
1787945722800761998,1.8261122143107474e-16,1.719961642615525e-14,1.7017764897357298e-14,1.7175376596180138e-14
1787945722900653429,1.8264508573637727e-16,1.719961642615525e-14,1.7017731034563743e-14,1.7175376596180138e-14
1787945723000883172,1.8265535877717502e-16,1.719961642615525e-14,1.7017720761981546e-14,1.7175376596180138e-14
1787945723100471162,1.8265804182418513e-16,1.719961642615525e-14,1.701771807905431e-14,1.7175376596180138e-14
1787945723200728369,1.826782563821137e-16,1.719961642615525e-14,1.701769786539879e-14,1.7175376596180138e-14
1787945723300538990,1.827039026969328e-16,1.719961642615525e-14,1.701767222022886e-14,1.7175376596180138e-14
1787945723400726134,1.8272517075320513e-16,1.719961642615525e-14,1.7017650953122032e-14,1.7175376596180138e-14
1787945723500487883,1.827570007650542e-16,1.719961642615525e-14,1.7017619124531134e-14,1.7175376596180138e-14
1787945723601001276,1.8278049900321877e-16,1.719961642615525e-14,1.701759562734198e-14,1.7175376596180138e-14
1787945723700641905,1.8280053606312939e-16,1.719961642615525e-14,1.7017575591176563e-14,1.7175376596180138e-14
1787945723800619533,1.828170120201736e-16,1.719961642615525e-14,1.701755911595504e-14,1.7175376596180138e-14
1787945723900510617,1.828364310895223e-16,1.719961642615525e-14,1.7017539697752606e-14,1.7175376596180138e-14
1787945724000680969,1.828517119965017e-16,1.719961642615525e-14,1.7017524417527802e-14,1.7175376596180138e-14
1787945724100602784,1.8285706891023092e-16,1.719961642615525e-14,1.7017519060853218e-14,1.7175376596180138e-14
1787945724200804639,1.8288239089720798e-16,1.719961642615525e-14,1.7017493739996677e-14,1.7175376596180138e-14
1787945724300526946,1.8290346060178478e-16,1.719961642615525e-14,1.7017472671232707e-14,1.7175376596180138e-14
1787945724400709254,1.8292003018790032e-16,1.719961642615525e-14,1.7017456102386304e-14,1.7175376596180138e-14
1787945724500617803,1.829425077576363e-16,1.719961642615525e-14,1.701743362582003e-14,1.7175376596180138e-14
1787945724600639227,1.8296948463709597e-16,1.719961642615525e-14,1.70174066501449e-14,1.7175376596180138e-14
1787945724700436476,1.8299169668434569e-16,1.719961642615525e-14,1.7017384439089264e-14,1.7175376596180138e-14
1787945724800684809,1.8302630567454605e-16,1.719961642615525e-14,1.701734983164412e-14,1.7175376596180138e-14
1787945724900519569,1.8303286419798552e-16,1.719961642615525e-14,1.7017343273413474e-14,1.7175376596180138e-14
1787945725000788942,1.8305479189733256e-16,1.719961642615525e-14,1.7017321346693055e-14,1.7175376596180138e-14
1787945725100542180,1.8307131269727163e-16,1.719961642615525e-14,1.7017304826630662e-14,1.7175376596180138e-14
1787945725200629000,1.8308388484151272e-16,1.719961642615525e-14,1.7017292255047687e-14,1.7175376596180138e-14
1787945725300582708,1.8310950398925153e-16,1.719961642615525e-14,1.7017266637043683e-14,1.7175376596180138e-14
1787945725400671341,1.831329938544537e-16,1.719961642615525e-14,1.7017243148227157e-14,1.7175376596180138e-14
1787945725500513979,1.8315254854230314e-16,1.719961642615525e-14,1.7017223594412307e-14,1.7175376596180138e-14
1787945725600657607,1.8317865040870257e-16,1.719961642615525e-14,1.70171974937112e-14,1.7175376596180138e-14
1787945725700632946,1.832054012994424e-16,1.719961642615525e-14,1.7017170744014732e-14,1.7175376596180138e-14
1787945725800681092,1.8321810493344967e-16,1.719961642615525e-14,1.7017158040947867e-14,1.7175376596180138e-14
1787945725900516497,1.8323286124050492e-16,1.719961642615525e-14,1.7017143285299602e-14,1.7175376596180138e-14
1787945726000662509,1.832383527756491e-16,1.719961642615525e-14,1.701713779400962e-14,1.7175376596180138e-14
1787945726100588096,1.8326292459176143e-16,1.719961642615525e-14,1.7017113223290508e-14,1.7175376596180138e-14
1787945726201410882,1.8328170784231912e-16,1.719961642615525e-14,1.701709444087852e-14,1.7175376596180138e-14
1787945726300679526,1.8330006685315775e-16,1.719961642615525e-14,1.7017076082687314e-14,1.7175376596180138e-14
1787945726401354813,1.8332211026213437e-16,1.719961642615525e-14,1.7017054040262463e-14,1.7175376596180138e-14
1787945726500522636,1.8333698581759646e-16,1.719961642615525e-14,1.7017039165371117e-14,1.7175376596180138e-14
1787945726602279330,1.83366343551353e-16,1.719961642615525e-14,1.7017009808948038e-14,1.7175376596180138e-14
1787945726700800769,1.8338449036269945e-16,1.719961642615525e-14,1.701699166294686e-14,1.7175376596180138e-14
1787945726800848037,1.833944817747054e-16,1.719961642615525e-14,1.701698167198092e-14,1.7175376596180138e-14
1787945726900873894,1.8341557668219775e-16,1.719961642615525e-14,1.7016960578015217e-14,1.7175376596180138e-14
1787945727001156488,1.8343778040677315e-16,1.719961642615525e-14,1.7016938375281938e-14,1.7175376596180138e-14
1787945727100785747,1.8345346011337846e-16,1.719961642615525e-14,1.7016922696275363e-14,1.7175376596180138e-14
1787945727200816707,1.8347598532945914e-16,1.719961642615525e-14,1.7016900172064933e-14,1.7175376596180138e-14
1787945727300890538,1.8349388543714268e-16,1.719961642615525e-14,1.7016882272756413e-14,1.7175376596180138e-14
1787945727400748731,1.8352257125387538e-16,1.719961642615525e-14,1.7016853588220383e-14,1.7175376596180138e-14
1787945727500777276,1.8353897116918505e-16,1.719961642615525e-14,1.7016837189037264e-14,1.7175376596180138e-14
1787945727601423060,1.8355124926247216e-16,1.719961642615525e-14,1.7016824911492145e-14,1.7175376596180138e-14
1787945727700786556,1.8356194525949536e-16,1.719961642615525e-14,1.701681421597266e-14,1.7175376596180138e-14
1787945727801133965,1.8358184491588325e-16,1.719961642615525e-14,1.7016794317204715e-14,1.7175376596180138e-14
1787945727901134658,1.8360883524992144e-16,1.719961642615525e-14,1.7016767328075696e-14,1.7175376596180138e-14
1787945728001355848,1.8363078749092395e-16,1.719961642615525e-14,1.7016745376814783e-14,1.7175376596180138e-14
1787945728100732842,1.8364909495935303e-16,1.719961642615525e-14,1.7016727070163717e-14,1.7175376596180138e-14
1787945728200728117,1.8366601231666258e-16,1.719961642615525e-14,1.701671015356171e-14,1.7175376596180138e-14
1787945728300603816,1.836753462621353e-16,1.719961642615525e-14,1.701670082003297e-14,1.7175376596180138e-14
1787945728400582991,1.837048353568876e-16,1.719961642615525e-14,1.701667133225481e-14,1.7175376596180138e-14
1787945728500509055,1.837233335596636e-16,1.719961642615525e-14,1.7016652834877923e-14,1.7175376596180138e-14
1787945728600679411,1.8375131099930475e-16,1.719961642615525e-14,1.7016624858687394e-14,1.7175376596180138e-14
1787945728700459389,1.8377205510205893e-16,1.719961642615525e-14,1.7016604115510803e-14,1.7175376596180138e-14
1787945728800630417,1.8379268070848452e-16,1.719961642615525e-14,1.7016583490825257e-14,1.7175376596180138e-14
1787945728900710683,1.838169647750874e-16,1.719961642615525e-14,1.7016559207842872e-14,1.7175376596180138e-14
1787945729000667455,1.8384729313917974e-16,1.719961642615525e-14,1.701652888083287e-14,1.7175376596180138e-14
1787945729100734960,1.8386523812978487e-16,1.719961642615525e-14,1.7016510936643466e-14,1.7175376596180138e-14
1787945729200676165,1.8387908163948532e-16,1.719961642615525e-14,1.701649709375185e-14,1.7175376596180138e-14
1787945729300488186,1.8389755780280706e-16,1.719961642615525e-14,1.701647861841345e-14,1.7175376596180138e-14
1787945729400529101,1.8391624973028547e-16,1.719961642615525e-14,1.7016459927320525e-14,1.7175376596180138e-14
1787945729500486347,1.8393877846950784e-16,1.719961642615525e-14,1.7016437399587164e-14,1.7175376596180138e-14
1787945729600575081,1.8396212979140407e-16,1.719961642615525e-14,1.7016414049307866e-14,1.7175376596180138e-14
1787945729700565300,1.839883194443273e-16,1.719961642615525e-14,1.7016387860824265e-14,1.7175376596180138e-14
1787945729800939165,1.840006788205663e-16,1.719961642615525e-14,1.7016375501999853e-14,1.7175376596180138e-14
1787945729900899576,1.84014656077975e-16,1.719961642615525e-14,1.7016361525366506e-14,1.7175376596180138e-14
1787945730000539271,1.8403581550368955e-16,1.719961642615525e-14,1.701634036688553e-14,1.7175376596180138e-14
1787945730100582242,1.840607000171049e-16,1.719961642615525e-14,1.7016315483483175e-14,1.7175376596180138e-14
1787945730200549440,1.8409156120151564e-16,1.719961642615525e-14,1.701628462367668e-14,1.7175376596180138e-14
1787945730300616897,1.8410867041431141e-16,1.719961642615525e-14,1.7016267515227792e-14,1.7175376596180138e-14
1787945730400483314,1.8412816371194758e-16,1.719961642615525e-14,1.7016248022800516e-14,1.7175376596180138e-14
1787945730500568535,1.8415459290253019e-16,1.719961642615525e-14,1.7016221594789976e-14,1.7175376596180138e-14
1787945730600525514,1.841789903903864e-16,1.719961642615525e-14,1.701619719839145e-14,1.7175376596180138e-14
1787945730700532547,1.8421883779841114e-16,1.719961642615525e-14,1.701615735276259e-14,1.7175376596180138e-14
1787945730800859325,1.8423818422491963e-16,1.719961642615525e-14,1.7016138007199893e-14,1.7175376596180138e-14
1787945730900510715,1.8425009703882175e-16,1.719961642615525e-14,1.7016126094917893e-14,1.7175376596180138e-14
1787945731000624380,1.842667146565381e-16,1.719961642615525e-14,1.701610947804215e-14,1.7175376596180138e-14
1787945731100455714,1.842872439885095e-16,1.719961642615525e-14,1.7016088949626814e-14,1.7175376596180138e-14
1787945731200436750,1.8431595938673962e-16,1.719961642615525e-14,1.7016060235510724e-14,1.7175376596180138e-14
1787945731300537033,1.8433425591603517e-16,1.719961642615525e-14,1.7016041939798373e-14,1.7175376596180138e-14
1787945731400547085,1.8436083506849733e-16,1.719961642615525e-14,1.7016015361832676e-14,1.7175376596180138e-14
1787945731500516309,1.8437139179162502e-16,1.719961642615525e-14,1.701600480558091e-14,1.7175376596180138e-14
1787945731600588839,1.8439330984521185e-16,1.719961642615525e-14,1.7015982888505975e-14,1.7175376596180138e-14
1787945731700604341,1.8441017700568639e-16,1.719961642615525e-14,1.701596602209863e-14,1.7175376596180138e-14
1787945731800647054,1.8443079639117216e-16,1.719961642615525e-14,1.701594540363381e-14,1.7175376596180138e-14
1787945731900611700,1.844692262275587e-16,1.719961642615525e-14,1.701590697551335e-14,1.7175376596180138e-14
1787945732001119674,1.8450680061982478e-16,1.719961642615525e-14,1.7015869402798814e-14,1.7175376596180138e-14
1787945732100933127,1.8455614668656727e-16,1.719961642615525e-14,1.7015820058935437e-14,1.7175376596180138e-14
1787945732200552762,1.8460583063526455e-16,1.719961642615525e-14,1.70157703772052e-14,1.7175376596180138e-14
1787945732300535876,1.846659961326117e-16,1.719961642615525e-14,1.701571021439435e-14,1.7175376596180138e-14
1787945732400661549,1.847149439548957e-16,1.719961642615525e-14,1.7015661268757686e-14,1.7175376596180138e-14
1787945732500511942,1.847619832828392e-16,1.719961642615525e-14,1.701561423153016e-14,1.7175376596180138e-14
1787945732600597429,1.848118864388967e-16,1.719961642615525e-14,1.7015564330602404e-14,1.7175376596180138e-14
1787945732700534856,1.8485927791782863e-16,1.719961642615525e-14,1.7015516941239637e-14,1.7175376596180138e-14
1787945732800557214,1.8491398958245553e-16,1.719961642615525e-14,1.7015462232018055e-14,1.7175376596180138e-14
1787945732900535498,1.8497356933505531e-16,1.719961642615525e-14,1.7015402654925893e-14,1.7175376596180138e-14
1787945733000507120,1.8502542804052326e-16,1.719961642615525e-14,1.7015350798536105e-14,1.7175376596180138e-14
1787945733100612688,1.8507062228568538e-16,1.719961642615525e-14,1.7015305606309047e-14,1.7175376596180138e-14
1787945733200550008,1.851199009724271e-16,1.719961642615525e-14,1.7015256329822803e-14,1.7175376596180138e-14
1787945733300588640,1.8517067489774345e-16,1.719961642615525e-14,1.701520555816477e-14,1.7175376596180138e-14
1787945733400910968,1.8523629467456772e-16,1.719961642615525e-14,1.701513994131818e-14,1.7175376596180138e-14
1787945733500550024,1.852890746044683e-16,1.719961642615525e-14,1.701508716374517e-14,1.7175376596180138e-14
1787945733600573547,1.8534781920313116e-16,1.719961642615525e-14,1.7015028421769767e-14,1.7175376596180138e-14
1787945733700521597,1.8540310017379212e-16,1.719961642615525e-14,1.7014973143267713e-14,1.7175376596180138e-14
1787945733800664766,1.854447499639071e-16,1.719961642615525e-14,1.701493149533751e-14,1.7175376596180138e-14
1787945733900539367,1.8551332628102945e-16,1.719961642615525e-14,1.7014862922082744e-14,1.7175376596180138e-14
1787945734000469233,1.8556610172686202e-16,1.719961642615525e-14,1.7014810148993683e-14,1.7175376596180138e-14
1787945734100551209,1.8561416124509717e-16,1.719961642615525e-14,1.7014762091621627e-14,1.7175376596180138e-14
1787945734200620121,1.856589925908632e-16,1.719961642615525e-14,1.7014717262277897e-14,1.7175376596180138e-14
1787945734300702969,1.8570527560715782e-16,1.719961642615525e-14,1.7014670981328476e-14,1.7175376596180138e-14
1787945734400718109,1.8575193034065717e-16,1.719961642615525e-14,1.701462432867846e-14,1.7175376596180138e-14
1787945734500822869,1.8580910685577804e-16,1.719961642615525e-14,1.7014567154716714e-14,1.7175376596180138e-14
1787945734601019613,1.858663588998137e-16,1.719961642615525e-14,1.7014509905229448e-14,1.7175376596180138e-14
1787945734700660534,1.8591746616461208e-16,1.719961642615525e-14,1.7014458800247015e-14,1.7175376596180138e-14
1787945734800663111,1.8596014147248547e-16,1.719961642615525e-14,1.7014416126844963e-14,1.7175376596180138e-14
1787945734901020418,1.8600688149142505e-16,1.719961642615525e-14,1.7014369388913378e-14,1.7175376596180138e-14
1787945735000489755,1.8605442710714222e-16,1.719961642615525e-14,1.7014321845421008e-14,1.7175376596180138e-14
1787945735100783265,1.8609274742291659e-16,1.719961642615525e-14,1.701428352681659e-14,1.7175376596180138e-14
1787945735200761198,1.861468730848628e-16,1.719961642615525e-14,1.701422940357187e-14,1.7175376596180138e-14
1787945735301212917,1.861937048695649e-16,1.719961642615525e-14,1.7014182573878672e-14,1.7175376596180138e-14
1787945735402279771,1.862498334222852e-16,1.719961642615525e-14,1.7014126447832657e-14,1.7175376596180138e-14
1787945735501213887,1.8630260080497306e-16,1.719961642615525e-14,1.701407368280658e-14,1.7175376596180138e-14
1787945735601287691,1.8636066224094317e-16,1.719961642615525e-14,1.7014015623963677e-14,1.7175376596180138e-14
1787945735700875786,1.8641226240026327e-16,1.719961642615525e-14,1.7013964026108867e-14,1.7175376596180138e-14
1787945735801581917,1.8646018821806e-16,1.719961642615525e-14,1.7013916102431497e-14,1.7175376596180138e-14
1787945735901961319,1.8650131153530612e-16,1.719961642615525e-14,1.7013874980950878e-14,1.7175376596180138e-14
1787945736000718601,1.8654348842701213e-16,1.719961642615525e-14,1.7013832805942864e-14,1.7175376596180138e-14
1787945736100884403,1.866017014765865e-16,1.719961642615525e-14,1.7013774595493197e-14,1.7175376596180138e-14
1787945736200687848,1.866538703878386e-16,1.719961642615525e-14,1.7013722428911926e-14,1.7175376596180138e-14
1787945736301043909,1.8669492434564386e-16,1.719961642615525e-14,1.701368137678769e-14,1.7175376596180138e-14
1787945736400706017,1.8675182326893395e-16,1.719961642615525e-14,1.7013624480405663e-14,1.7175376596180138e-14
1787945736500695764,1.8679363627046794e-16,1.719961642615525e-14,1.701358266927162e-14,1.7175376596180138e-14
1787945736600742340,1.8683922739684972e-16,1.719961642615525e-14,1.7013537080181484e-14,1.7175376596180138e-14
1787945736700753598,1.868824108882451e-16,1.719961642615525e-14,1.7013493898618812e-14,1.7175376596180138e-14
1787945736800513301,1.869323727949205e-16,1.719961642615525e-14,1.7013443938943624e-14,1.7175376596180138e-14
1787945736900529108,1.8698548121725267e-16,1.719961642615525e-14,1.7013390832893322e-14,1.7175376596180138e-14
1787945737000648451,1.8703451327982296e-16,1.719961642615525e-14,1.701334180302073e-14,1.7175376596180138e-14
1787945737100586784,1.8708194186177055e-16,1.719961642615525e-14,1.701329437655716e-14,1.7175376596180138e-14
1787945737200544475,1.8711583787123992e-16,1.719961642615525e-14,1.7013260482061645e-14,1.7175376596180138e-14
1787945737300488138,1.8716661525953e-16,1.719961642615525e-14,1.7013209706941324e-14,1.7175376596180138e-14
1787945737400462891,1.8721043380333938e-16,1.719961642615525e-14,1.7013165890354676e-14,1.7175376596180138e-14
1787945737500494290,1.8726592435241948e-16,1.719961642615525e-14,1.7013110402284106e-14,1.7175376596180138e-14
1787945737600549375,1.8731759109690605e-16,1.719961642615525e-14,1.7013058737847353e-14,1.7175376596180138e-14
1787945737700670244,1.8736712855827672e-16,1.719961642615525e-14,1.701300920259862e-14,1.7175376596180138e-14
1787945737800668901,1.8741559139560696e-16,1.719961642615525e-14,1.7012960741925946e-14,1.7175376596180138e-14
1787945737900588599,1.8747060164666188e-16,1.719961642615525e-14,1.7012905734132003e-14,1.7175376596180138e-14
1787945738000547943,1.8751485396405255e-16,1.719961642615525e-14,1.7012861483791222e-14,1.7175376596180138e-14
1787945738100683372,1.8756328761479769e-16,1.719961642615525e-14,1.7012813052303863e-14,1.7175376596180138e-14
1787945738200462197,1.876117177540598e-16,1.719961642615525e-14,1.701276462432784e-14,1.7175376596180138e-14
1787945738300793717,1.8765691876241395e-16,1.719961642615525e-14,1.7012719425338504e-14,1.7175376596180138e-14
1787945738400805333,1.8771167392864023e-16,1.719961642615525e-14,1.701266467261807e-14,1.7175376596180138e-14
1787945738500652967,1.8776751898158848e-16,1.719961642615525e-14,1.7012608830059613e-14,1.7175376596180138e-14
1787945738600512435,1.878166032796686e-16,1.719961642615525e-14,1.7012559747954048e-14,1.7175376596180138e-14
1787945738700652202,1.878606991838611e-16,1.719961642615525e-14,1.7012515654019557e-14,1.7175376596180138e-14
1787945738800698152,1.8791856902716077e-16,1.719961642615525e-14,1.7012457786761236e-14,1.7175376596180138e-14
1787945738900785881,1.8797297535679085e-16,1.719961642615525e-14,1.701240338286189e-14,1.7175376596180138e-14
1787945739000554236,1.8802751137449744e-16,1.719961642615525e-14,1.701234884928028e-14,1.7175376596180138e-14
1787945739100634424,1.880836397608458e-16,1.719961642615525e-14,1.701229272340117e-14,1.7175376596180138e-14
1787945739200603251,1.8813374184465536e-16,1.719961642615525e-14,1.701224262355542e-14,1.7175376596180138e-14
1787945739300640278,1.88175941027843e-16,1.719961642615525e-14,1.7012200426257282e-14,1.7175376596180138e-14
1787945739400638911,1.8822372254486262e-16,1.719961642615525e-14,1.7012152646874685e-14,1.7175376596180138e-14
1787945739500649197,1.8827220855172121e-16,1.719961642615525e-14,1.7012104163033733e-14,1.7175376596180138e-14
1787945739600675723,1.8832255603619119e-16,1.719961642615525e-14,1.7012053817798334e-14,1.7175376596180138e-14
1787945739700557486,1.8837570296346513e-16,1.719961642615525e-14,1.7012000673245203e-14,1.7175376596180138e-14
1787945739800497709,1.884282161993728e-16,1.719961642615525e-14,1.7011948162355142e-14,1.7175376596180138e-14
1787945739900492094,1.8846516111908266e-16,1.719961642615525e-14,1.7011911219085828e-14,1.7175376596180138e-14
1787945740000454459,1.8850941560182868e-16,1.719961642615525e-14,1.7011866966580018e-14,1.7175376596180138e-14
1787945740100441484,1.8855925858422254e-16,1.719961642615525e-14,1.7011817125824223e-14,1.7175376596180138e-14
1787945740200458194,1.8861130438750575e-16,1.719961642615525e-14,1.7011765082345955e-14,1.7175376596180138e-14
1787945740300500564,1.8866257050808956e-16,1.719961642615525e-14,1.701171381851557e-14,1.7175376596180138e-14
1787945740400915077,1.887148773914755e-16,1.719961642615525e-14,1.7011661513968895e-14,1.7175376596180138e-14
1787945740500521121,1.887551581255365e-16,1.719961642615525e-14,1.7011621235034307e-14,1.7175376596180138e-14
1787945740600602704,1.8880526825131637e-16,1.719961642615525e-14,1.7011571127147123e-14,1.7175376596180138e-14
1787945740700857295,1.8885708832329006e-16,1.719961642615525e-14,1.7011519309390148e-14,1.7175376596180138e-14
1787945740800496942,1.8890692293143043e-16,1.719961642615525e-14,1.7011469477008323e-14,1.7175376596180138e-14
1787945740900550152,1.889520738507252e-16,1.719961642615525e-14,1.7011424328106114e-14,1.7175376596180138e-14
1787945741000525224,1.8899638489552827e-16,1.719961642615525e-14,1.701138001904089e-14,1.7175376596180138e-14
1787945741100567456,1.8904262492412502e-16,1.719961642615525e-14,1.7011333781078052e-14,1.7175376596180138e-14
1787945741200651828,1.8909511202230397e-16,1.719961642615525e-14,1.701128129632474e-14,1.7175376596180138e-14
1787945741300658242,1.8913721073189678e-16,1.719961642615525e-14,1.7011239199495917e-14,1.7175376596180138e-14
1787945741401121231,1.891975809625618e-16,1.719961642615525e-14,1.701117883196233e-14,1.7175376596180138e-14
1787945741501056350,1.8923424000267598e-16,1.719961642615525e-14,1.7011142174559988e-14,1.7175376596180138e-14
1787945741600796100,1.8929064977764865e-16,1.719961642615525e-14,1.7011085767305182e-14,1.7175376596180138e-14
1787945741700729937,1.8934550940966497e-16,1.719961642615525e-14,1.7011030910124095e-14,1.7175376596180138e-14
1787945741800692207,1.893993130865416e-16,1.719961642615525e-14,1.7010977108850984e-14,1.7175376596180138e-14
1787945741900665960,1.894511914743964e-16,1.719961642615525e-14,1.7010925232780896e-14,1.7175376596180138e-14
1787945742000633651,1.8950765518057157e-16,1.719961642615525e-14,1.7010868771597363e-14,1.7175376596180138e-14
1787945742100678641,1.8955629583357817e-16,1.719961642615525e-14,1.7010820133117497e-14,1.7175376596180138e-14
1787945742200612281,1.8959915027266205e-16,1.719961642615525e-14,1.701077728059305e-14,1.7175376596180138e-14
1787945742300540831,1.8965426377229494e-16,1.719961642615525e-14,1.701072216955578e-14,1.7175376596180138e-14
1787945742400519646,1.897129056664142e-16,1.719961642615525e-14,1.7010663530281677e-14,1.7175376596180138e-14
1787945742500821622,1.8975954778239577e-16,1.719961642615525e-14,1.7010616890249598e-14,1.7175376596180138e-14
1787945742600621589,1.8981003954150045e-16,1.719961642615525e-14,1.7010566400746405e-14,1.7175376596180138e-14
1787945742700571500,1.898522539401384e-16,1.719961642615525e-14,1.7010524188233867e-14,1.7175376596180138e-14
1787945742800661976,1.8989597134842812e-16,1.719961642615525e-14,1.701048047277884e-14,1.7175376596180138e-14
1787945742900796536,1.899445500540173e-16,1.719961642615525e-14,1.7010431896243725e-14,1.7175376596180138e-14
1787945743001165138,1.9000758190959865e-16,1.719961642615525e-14,1.7010368867204397e-14,1.7175376596180138e-14
1787945743100763437,1.900638993905313e-16,1.719961642615525e-14,1.7010312552239734e-14,1.7175376596180138e-14
1787945743200754007,1.901072320036722e-16,1.719961642615525e-14,1.7010269221562712e-14,1.7175376596180138e-14
1787945743300698630,1.901545301472627e-16,1.719961642615525e-14,1.7010221925532432e-14,1.7175376596180138e-14
1787945743400681166,1.9019899896601782e-16,1.719961642615525e-14,1.7010177458700583e-14,1.7175376596180138e-14
1787945743500709568,1.9024246572816206e-16,1.719961642615525e-14,1.701013399388058e-14,1.7175376596180138e-14
1787945743600951674,1.9029154891916037e-16,1.719961642615525e-14,1.7010084912882687e-14,1.7175376596180138e-14
1787945743700772864,1.9034678710337377e-16,1.719961642615525e-14,1.7010029677166603e-14,1.7175376596180138e-14
1787945743800749277,1.9038846782506163e-16,1.719961642615525e-14,1.7009987998307288e-14,1.7175376596180138e-14
1787945743901279689,1.9043075103580098e-16,1.719961642615525e-14,1.7009945716985853e-14,1.7175376596180138e-14
1787945744002578395,1.9048491689426563e-16,1.719961642615525e-14,1.7009891553547644e-14,1.7175376596180138e-14
1787945744101076574,1.905267316916388e-16,1.719961642615525e-14,1.7009849740618666e-14,1.7175376596180138e-14
1787945744201244353,1.9058108950086215e-16,1.719961642615525e-14,1.7009795385238305e-14,1.7175376596180138e-14
1787945744301220910,1.90632385125036e-16,1.719961642615525e-14,1.7009744091906177e-14,1.7175376596180138e-14
1787945744400540554,1.9067203765669019e-16,1.719961642615525e-14,1.7009704441146333e-14,1.7175376596180138e-14
1787945744500684237,1.907249023764428e-16,1.719961642615525e-14,1.7009651578788768e-14,1.7175376596180138e-14
1787945744600940864,1.9077264400120012e-16,1.719961642615525e-14,1.700960383929729e-14,1.7175376596180138e-14
1787945744700697815,1.9081674385525934e-16,1.719961642615525e-14,1.7009559741413795e-14,1.7175376596180138e-14
1787945744800531873,1.908680118902309e-16,1.719961642615525e-14,1.70095084756697e-14,1.7175376596180138e-14
1787945744900719830,1.9091656109205906e-16,1.719961642615525e-14,1.7009459928637277e-14,1.7175376596180138e-14
1787945745000563535,1.9095601754191655e-16,1.719961642615525e-14,1.7009420473950524e-14,1.7175376596180138e-14
1787945745100689588,1.910150822070864e-16,1.719961642615525e-14,1.7009361411924667e-14,1.7175376596180138e-14
1787945745200778961,1.9106113978544523e-16,1.719961642615525e-14,1.700931535640441e-14,1.7175376596180138e-14
1787945745301271237,1.9110735856606815e-16,1.719961642615525e-14,1.70092691396891e-14,1.7175376596180138e-14
1787945745400564905,1.911599557276818e-16,1.719961642615525e-14,1.7009216544877843e-14,1.7175376596180138e-14
1787945745500681300,1.912079101530008e-16,1.719961642615525e-14,1.700916859259542e-14,1.7175376596180138e-14
1787945745600671014,1.9126121788293345e-16,1.719961642615525e-14,1.7009115287247618e-14,1.7175376596180138e-14
1787945745700914099,1.9130973326206672e-16,1.719961642615525e-14,1.700906677403648e-14,1.7175376596180138e-14
1787945745800848890,1.913681317850413e-16,1.719961642615525e-14,1.7009008378123155e-14,1.7175376596180138e-14
1787945745900559226,1.9140216178286607e-16,1.719961642615525e-14,1.7008974349646037e-14,1.7175376596180138e-14
1787945746000847135,1.914423927026285e-16,1.719961642615525e-14,1.7008934120524092e-14,1.7175376596180138e-14
1787945746100784384,1.9148400143909368e-16,1.719961642615525e-14,1.700889251364702e-14,1.7175376596180138e-14
1787945746200576418,1.915413373327752e-16,1.719961642615525e-14,1.700883518031556e-14,1.7175376596180138e-14
1787945746300517884,1.915922418013234e-16,1.719961642615525e-14,1.700878427812184e-14,1.7175376596180138e-14
1787945746400586972,1.9164509879455552e-16,1.719961642615525e-14,1.7008731423490706e-14,1.7175376596180138e-14
1787945746500555240,1.916930501432215e-16,1.719961642615525e-14,1.7008683474284922e-14,1.7175376596180138e-14
1787945746600559996,1.9174336961503802e-16,1.719961642615525e-14,1.700863315706183e-14,1.7175376596180138e-14
1787945746700798675,1.917998576154138e-16,1.719961642615525e-14,1.7008576671585863e-14,1.7175376596180138e-14
1787945746800681802,1.918515409230223e-16,1.719961642615525e-14,1.7008524990587957e-14,1.7175376596180138e-14
1787945746900586839,1.9191290394768535e-16,1.719961642615525e-14,1.7008463630305597e-14,1.7175376596180138e-14
1787945747000840617,1.9195661761610263e-16,1.719961642615525e-14,1.700841991859075e-14,1.7175376596180138e-14
1787945747100516835,1.920063628917259e-16,1.719961642615525e-14,1.7008370175538258e-14,1.7175376596180138e-14
1787945747200566570,1.9205021614507597e-16,1.719961642615525e-14,1.7008326324244737e-14,1.7175376596180138e-14
1787945747300591287,1.9209506174108182e-16,1.719961642615525e-14,1.700828148065292e-14,1.7175376596180138e-14
1787945747400697779,1.9215114956135075e-16,1.719961642615525e-14,1.7008225395339273e-14,1.7175376596180138e-14
1787945747500607829,1.9220253870491372e-16,1.719961642615525e-14,1.7008174008492364e-14,1.7175376596180138e-14
1787945747600813809,1.9226229307300073e-16,1.719961642615525e-14,1.70081142567948e-14,1.7175376596180138e-14
1787945747700519333,1.9231422102921003e-16,1.719961642615525e-14,1.700806233115935e-14,1.7175376596180138e-14
1787945747800628740,1.9235655268441641e-16,1.719961642615525e-14,1.7008020001396042e-14,1.7175376596180138e-14
1787945747900561253,1.9240675141336326e-16,1.719961642615525e-14,1.70079698049106e-14,1.7175376596180138e-14
1787945748000620676,1.9246029045510926e-16,1.719961642615525e-14,1.700791626826166e-14,1.7175376596180138e-14
1787945748100545658,1.9251051643018037e-16,1.719961642615525e-14,1.7007866044531338e-14,1.7175376596180138e-14
1787945748200558966,1.9255087317618996e-16,1.719961642615525e-14,1.7007825689589e-14,1.7175376596180138e-14
1787945748300761423,1.9260680102510118e-16,1.719961642615525e-14,1.70077697642397e-14,1.7175376596180138e-14
1787945748400515772,1.926558630764672e-16,1.719961642615525e-14,1.7007720704381102e-14,1.7175376596180138e-14
1787945748500544700,1.9270595940228716e-16,1.719961642615525e-14,1.700767061029429e-14,1.7175376596180138e-14
1787945748600465063,1.9276182249225345e-16,1.719961642615525e-14,1.7007614749701085e-14,1.7175376596180138e-14
1787945748700512988,1.9281260323351735e-16,1.719961642615525e-14,1.7007563971229446e-14,1.7175376596180138e-14
1787945748800631796,1.9286782429572304e-16,1.719961642615525e-14,1.700750875263534e-14,1.7175376596180138e-14
1787945748900524056,1.9291979776807005e-16,1.719961642615525e-14,1.700745678148595e-14,1.7175376596180138e-14
1787945749000625110,1.9297193107618326e-16,1.719961642615525e-14,1.700740465050796e-14,1.7175376596180138e-14
1787945749100418156,1.9302030349127273e-16,1.719961642615525e-14,1.7007356280254907e-14,1.7175376596180138e-14
1787945749200464330,1.9306677083905762e-16,1.719961642615525e-14,1.7007309814984025e-14,1.7175376596180138e-14
1787945749300499884,1.9311079876107235e-16,1.719961642615525e-14,1.7007265789029887e-14,1.7175376596180138e-14
1787945749400450137,1.931561751191263e-16,1.719961642615525e-14,1.7007220414699997e-14,1.7175376596180138e-14
1787945749500436427,1.9319371281110849e-16,1.719961642615525e-14,1.700718287868582e-14,1.7175376596180138e-14
1787945749600634108,1.9324013714394177e-16,1.719961642615525e-14,1.700713645642801e-14,1.7175376596180138e-14
1787945749700469604,1.9328991870250012e-16,1.719961642615525e-14,1.7007086677094542e-14,1.7175376596180138e-14
1787945749800604265,1.9333836621526128e-16,1.719961642615525e-14,1.7007038231747257e-14,1.7175376596180138e-14
1787945749900445051,1.9338902629036064e-16,1.719961642615525e-14,1.7006987573936545e-14,1.7175376596180138e-14
1787945750001400775,1.9343390473065422e-16,1.719961642615525e-14,1.700694269750222e-14,1.7175376596180138e-14
1787945750100850755,1.9347635007619734e-16,1.719961642615525e-14,1.7006900254053902e-14,1.7175376596180138e-14
1787945750200797444,1.9352663855409066e-16,1.719961642615525e-14,1.7006849967823822e-14,1.7175376596180138e-14
1787945750301029753,1.9356766631183726e-16,1.719961642615525e-14,1.7006808941899954e-14,1.7175376596180138e-14
1787945750401070169,1.9361103802464478e-16,1.719961642615525e-14,1.700676557212581e-14,1.7175376596180138e-14
1787945750500689389,1.9365302454705687e-16,1.719961642615525e-14,1.7006723587480157e-14,1.7175376596180138e-14
1787945750600650275,1.9369235064196827e-16,1.719961642615525e-14,1.7006684263143092e-14,1.7175376596180138e-14
1787945750701499110,1.9375201553508337e-16,1.719961642615525e-14,1.700662460091697e-14,1.7175376596180138e-14
1787945750800861514,1.938132904565056e-16,1.719961642615525e-14,1.7006563328734525e-14,1.7175376596180138e-14
1787945750901003132,1.9386045196497866e-16,1.719961642615525e-14,1.7006516169334175e-14,1.7175376596180138e-14
1787945751000805838,1.9391149614567488e-16,1.719961642615525e-14,1.7006465127435172e-14,1.7175376596180138e-14
1787945751100935938,1.9396080402204017e-16,1.719961642615525e-14,1.7006415821762902e-14,1.7175376596180138e-14
1787945751200779665,1.9401020074544968e-16,1.719961642615525e-14,1.7006366427247567e-14,1.7175376596180138e-14
1787945751300949108,1.9405428002524546e-16,1.719961642615525e-14,1.7006322349938165e-14,1.7175376596180138e-14
1787945751401102421,1.9411417799357084e-16,1.719961642615525e-14,1.7006262454647363e-14,1.7175376596180138e-14
1787945751501063751,1.9415733891596985e-16,1.719961642615525e-14,1.700621929565433e-14,1.7175376596180138e-14
1787945751600807349,1.9419827972604985e-16,1.719961642615525e-14,1.7006178356674382e-14,1.7175376596180138e-14
1787945751700936216,1.9424978478875537e-16,1.719961642615525e-14,1.7006126853914063e-14,1.7175376596180138e-14
1787945751800826692,1.9429131106596177e-16,1.719961642615525e-14,1.700608532949318e-14,1.7175376596180138e-14
1787945751901737237,1.943419532449254e-16,1.719961642615525e-14,1.7006034689578055e-14,1.7175376596180138e-14
1787945752000743400,1.9438513464714136e-16,1.719961642615525e-14,1.7005991510106173e-14,1.7175376596180138e-14
1787945752101050778,1.9442307813539805e-16,1.719961642615525e-14,1.7005953568314106e-14,1.7175376596180138e-14
1787945752200648313,1.944676701530589e-16,1.719961642615525e-14,1.7005908978289853e-14,1.7175376596180138e-14
1787945752300595309,1.9451041256203218e-16,1.719961642615525e-14,1.700586623779162e-14,1.7175376596180138e-14
1787945752401222922,1.9455547127844665e-16,1.719961642615525e-14,1.70058211810895e-14,1.7175376596180138e-14
1787945752501959732,1.9460294002655866e-16,1.719961642615525e-14,1.700577371446343e-14,1.7175376596180138e-14
1787945752602085807,1.9464620951279606e-16,1.719961642615525e-14,1.7005730446911523e-14,1.7175376596180138e-14
1787945752701327438,1.9469382650414758e-16,1.719961642615525e-14,1.7005682832048865e-14,1.7175376596180138e-14
1787945752801003863,1.947415838608324e-16,1.719961642615525e-14,1.700563507682716e-14,1.7175376596180138e-14
1787945752900724490,1.9478802680387942e-16,1.719961642615525e-14,1.7005588635960342e-14,1.7175376596180138e-14
1787945753000858480,1.9483581179913006e-16,1.719961642615525e-14,1.7005540853101332e-14,1.7175376596180138e-14
1787945753100650596,1.9488719894741553e-16,1.719961642615525e-14,1.7005489468250336e-14,1.7175376596180138e-14
1787945753200769110,1.9492688620501724e-16,1.719961642615525e-14,1.700544978276698e-14,1.7175376596180138e-14
1787945753300595921,1.9497127054794102e-16,1.719961642615525e-14,1.70054054004083e-14,1.7175376596180138e-14
1787945753400684989,1.9502568414103063e-16,1.719961642615525e-14,1.7005350989247834e-14,1.7175376596180138e-14
1787945753500679057,1.9508379416173492e-16,1.719961642615525e-14,1.7005292881825027e-14,1.7175376596180138e-14
1787945753600615396,1.9512842628002692e-16,1.719961642615525e-14,1.7005248251702094e-14,1.7175376596180138e-14
1787945753700664599,1.9516018304406422e-16,1.719961642615525e-14,1.7005216496357805e-14,1.7175376596180138e-14
1787945753800781259,1.952112579487368e-16,1.719961642615525e-14,1.7005165423736548e-14,1.7175376596180138e-14
1787945753900679716,1.9525634182445705e-16,1.719961642615525e-14,1.7005120341876416e-14,1.7175376596180138e-14
1787945754000749728,1.953066058769139e-16,1.719961642615525e-14,1.7005070080071148e-14,1.7175376596180138e-14
1787945754100659249,1.9535316714422928e-16,1.719961642615525e-14,1.700502352088549e-14,1.7175376596180138e-14
1787945754200774770,1.9540333860670267e-16,1.719961642615525e-14,1.7004973351666092e-14,1.7175376596180138e-14
1787945754300607556,1.95452552995492e-16,1.719961642615525e-14,1.7004924139477604e-14,1.7175376596180138e-14
1787945754400520725,1.9550287446566684e-16,1.719961642615525e-14,1.7004873820257238e-14,1.7175376596180138e-14
1787945754500528983,1.9554353214190702e-16,1.719961642615525e-14,1.7004833164398762e-14,1.7175376596180138e-14
1787945754600529957,1.9559127995460434e-16,1.719961642615525e-14,1.700478541872083e-14,1.7175376596180138e-14
1787945754700748804,1.956434490112072e-16,1.719961642615525e-14,1.7004733251996678e-14,1.7175376596180138e-14
1787945754800741212,1.9568599434009085e-16,1.719961642615525e-14,1.700469070856998e-14,1.7175376596180138e-14
1787945754900568117,1.9574008084337715e-16,1.719961642615525e-14,1.7004636624484903e-14,1.7175376596180138e-14
1787945755000787815,1.957882361388625e-16,1.719961642615525e-14,1.700458847134245e-14,1.7175376596180138e-14
1787945755100911475,1.9583294018071564e-16,1.719961642615525e-14,1.7004543769299338e-14,1.7175376596180138e-14
1787945755200565486,1.9588306846605822e-16,1.719961642615525e-14,1.7004493643255265e-14,1.7175376596180138e-14
1787945755300885146,1.9593099520340969e-16,1.719961642615525e-14,1.7004445718660768e-14,1.7175376596180138e-14
1787945755400666789,1.959792076752325e-16,1.719961642615525e-14,1.7004397508344584e-14,1.7175376596180138e-14
1787945755500881832,1.9602720388515395e-16,1.719961642615525e-14,1.7004349514280648e-14,1.7175376596180138e-14
1787945755600709131,1.9607296538089538e-16,1.719961642615525e-14,1.700430375483098e-14,1.7175376596180138e-14
1787945755700783247,1.961184630749279e-16,1.719961642615525e-14,1.700425825917124e-14,1.7175376596180138e-14
1787945755800668686,1.961643595147505e-16,1.719961642615525e-14,1.7004212364783547e-14,1.7175376596180138e-14
1787945755900616022,1.9620763568051256e-16,1.719961642615525e-14,1.700416909055277e-14,1.7175376596180138e-14
1787945756000748829,1.9624697226449247e-16,1.719961642615525e-14,1.7004129755727635e-14,1.7175376596180138e-14
1787945756100764367,1.962808757417635e-16,1.719961642615525e-14,1.7004095853766287e-14,1.7175376596180138e-14
1787945756200614402,1.9633151998349498e-16,1.719961642615525e-14,1.7004045211789013e-14,1.7175376596180138e-14
1787945756300749607,1.9639061467739667e-16,1.719961642615525e-14,1.7003986119737434e-14,1.7175376596180138e-14
1787945756400742943,1.964384881069362e-16,1.719961642615525e-14,1.700393824844849e-14,1.7175376596180138e-14
1787945756500556029,1.9648291078231953e-16,1.719961642615525e-14,1.7003893827759422e-14,1.7175376596180138e-14
1787945756600635919,1.9652471424806348e-16,1.719961642615525e-14,1.700385202616288e-14,1.7175376596180138e-14
1787945756700895278,1.9656906404984152e-16,1.719961642615525e-14,1.7003807678344174e-14,1.7175376596180138e-14
1787945756800556787,1.9661888681999007e-16,1.719961642615525e-14,1.7003757857801832e-14,1.7175376596180138e-14
1787945756900525537,1.9667197889761494e-16,1.719961642615525e-14,1.700370476809821e-14,1.7175376596180138e-14
1787945757000763676,1.9671696781141243e-16,1.719961642615525e-14,1.70036597811961e-14,1.7175376596180138e-14
1787945757100557428,1.9676936545442858e-16,1.719961642615525e-14,1.7003607385896064e-14,1.7175376596180138e-14
1787945757200421584,1.968104763231772e-16,1.719961642615525e-14,1.7003566276865614e-14,1.7175376596180138e-14
1787945757300542865,1.968448492315856e-16,1.719961642615525e-14,1.700353190549422e-14,1.7175376596180138e-14
1787945757400435965,1.968902782179931e-16,1.719961642615525e-14,1.7003486478539213e-14,1.7175376596180138e-14
1787945757500437100,1.969331898246874e-16,1.719961642615525e-14,1.7003443568851368e-14,1.7175376596180138e-14
1787945757600470685,1.9698562922054007e-16,1.719961642615525e-14,1.7003391131800424e-14,1.7175376596180138e-14
1787945757700684943,1.9703261428529398e-16,1.719961642615525e-14,1.7003344148836688e-14,1.7175376596180138e-14
1787945757800461572,1.9706969129136907e-16,1.719961642615525e-14,1.700330707348859e-14,1.7175376596180138e-14
1787945757900489097,1.9711459752326314e-16,1.719961642615525e-14,1.7003262169264773e-14,1.7175376596180138e-14
1787945758000505881,1.9717514288037773e-16,1.719961642615525e-14,1.7003201626615098e-14,1.7175376596180138e-14
1787945758100450411,1.9723152392542504e-16,1.719961642615525e-14,1.7003145248091288e-14,1.7175376596180138e-14
1787945758200431901,1.972714125280806e-16,1.719961642615525e-14,1.7003105361272372e-14,1.7175376596180138e-14
1787945758300803630,1.9730704197906307e-16,1.719961642615525e-14,1.7003069733414677e-14,1.7175376596180138e-14
1787945758400949421,1.9736054658326505e-16,1.719961642615525e-14,1.7003016231203118e-14,1.7175376596180138e-14
1787945758500868063,1.9741992031854657e-16,1.719961642615525e-14,1.700295686012296e-14,1.7175376596180138e-14
1787945758600810830,1.9747345187039724e-16,1.719961642615525e-14,1.7002903330964994e-14,1.7175376596180138e-14
1787945758700687893,1.9752099509803389e-16,1.719961642615525e-14,1.7002855789863456e-14,1.7175376596180138e-14
1787945758801083336,1.9757418618602078e-16,1.719961642615525e-14,1.7002802601154158e-14,1.7175376596180138e-14
1787945758900908681,1.976207729894649e-16,1.719961642615525e-14,1.700275601643407e-14,1.7175376596180138e-14
1787945759000662110,1.9766978043379477e-16,1.719961642615525e-14,1.7002707011181354e-14,1.7175376596180138e-14
1787945759100513718,1.9772146187880336e-16,1.719961642615525e-14,1.7002655332047564e-14,1.7175376596180138e-14
1787945759200625318,1.9776726096202177e-16,1.719961642615525e-14,1.700260953501251e-14,1.7175376596180138e-14
1787945759300903082,1.9781482373930544e-16,1.719961642615525e-14,1.7002561974362276e-14,1.7175376596180138e-14
1787945759400678867,1.9786622733415505e-16,1.719961642615525e-14,1.7002510573066256e-14,1.7175376596180138e-14
1787945759500631496,1.9791031560842176e-16,1.719961642615525e-14,1.7002466486763675e-14,1.7175376596180138e-14
1787945759600640131,1.9795109336724052e-16,1.719961642615525e-14,1.700242571082851e-14,1.7175376596180138e-14
1787945759700762080,1.979987472025484e-16,1.719961642615525e-14,1.7002378059124366e-14,1.7175376596180138e-14
1787945759800675415,1.9803949053494783e-16,1.719961642615525e-14,1.7002337317614096e-14,1.7175376596180138e-14
1787945759900701793,1.9808767754272538e-16,1.719961642615525e-14,1.7002289132761354e-14,1.7175376596180138e-14
1787945760000629255,1.9813413410966251e-16,1.719961642615525e-14,1.7002242678272073e-14,1.7175376596180138e-14
1787945760100616372,1.9818018628551167e-16,1.719961642615525e-14,1.7002196628155808e-14,1.7175376596180138e-14
1787945760200661820,1.982330192006936e-16,1.719961642615525e-14,1.7002143797603478e-14,1.7175376596180138e-14
1787945760302208096,1.9829080667842041e-16,1.719961642615525e-14,1.70020860127102e-14,1.7175376596180138e-14
1787945760400807950,1.9835103734239577e-16,1.719961642615525e-14,1.700202578473996e-14,1.7175376596180138e-14
1787945760500662257,1.983990844147191e-16,1.719961642615525e-14,1.7001977739816496e-14,1.7175376596180138e-14
1787945760601114935,1.984455868478945e-16,1.719961642615525e-14,1.7001931239463104e-14,1.7175376596180138e-14
1787945760701081704,1.9850481537486876e-16,1.719961642615525e-14,1.7001872013585094e-14,1.7175376596180138e-14
1787945760801347759,1.9856539234983565e-16,1.719961642615525e-14,1.7001811439319423e-14,1.7175376596180138e-14
1787945760900796178,1.9861348233275153e-16,1.719961642615525e-14,1.7001763351487337e-14,1.7175376596180138e-14
1787945761000554252,1.986615664328535e-16,1.719961642615525e-14,1.7001715269537812e-14,1.7175376596180138e-14
1787945761100420064,1.987122370650991e-16,1.719961642615525e-14,1.700166460117184e-14,1.7175376596180138e-14
1787945761200554563,1.987530020623505e-16,1.719961642615525e-14,1.700162383799784e-14,1.7175376596180138e-14
1787945761300468846,1.9880085727586577e-16,1.719961642615525e-14,1.70015759849247e-14,1.7175376596180138e-14
1787945761400770753,1.9884284446799533e-16,1.719961642615525e-14,1.7001533999610503e-14,1.7175376596180138e-14
1787945761500458928,1.988923765076023e-16,1.719961642615525e-14,1.7001484469786294e-14,1.7175376596180138e-14
1787945761600592797,1.9894070783672913e-16,1.719961642615525e-14,1.7001436140618874e-14,1.7175376596180138e-14
1787945761700695696,1.9898443973133066e-16,1.719961642615525e-14,1.700139241068027e-14,1.7175376596180138e-14
1787945761800698517,1.9903800944679045e-16,1.719961642615525e-14,1.7001338843360843e-14,1.7175376596180138e-14
1787945761900808861,1.99085833972314e-16,1.719961642615525e-14,1.7001291020974396e-14,1.7175376596180138e-14
1787945762001154880,1.9913325947236888e-16,1.719961642615525e-14,1.7001243597595577e-14,1.7175376596180138e-14
1787945762101452682,1.9917624435277079e-16,1.719961642615525e-14,1.7001200614637808e-14,1.7175376596180138e-14
1787945762200728080,1.992297204518475e-16,1.719961642615525e-14,1.7001147140930627e-14,1.7175376596180138e-14
1787945762300733158,1.9927559373620648e-16,1.719961642615525e-14,1.7001101269698115e-14,1.7175376596180138e-14
1787945762400683743,1.9931889842064264e-16,1.719961642615525e-14,1.7001057966950646e-14,1.7175376596180138e-14
1787945762500922804,1.9937619594747196e-16,1.719961642615525e-14,1.7001000671986684e-14,1.7175376596180138e-14
1787945762600431133,1.994299552065069e-16,1.719961642615525e-14,1.7000946915132268e-14,1.7175376596180138e-14
1787945762700727993,1.9948402488519752e-16,1.719961642615525e-14,1.7000892847872094e-14,1.7175376596180138e-14
1787945762800527402,1.995392426619784e-16,1.719961642615525e-14,1.70008376325652e-14,1.7175376596180138e-14
1787945762900683966,1.9958427578245876e-16,1.719961642615525e-14,1.700079260145906e-14,1.7175376596180138e-14
1787945763000731375,1.99647656279728e-16,1.719961642615525e-14,1.7000729223796833e-14,1.7175376596180138e-14
1787945763100926505,1.9970706698517375e-16,1.719961642615525e-14,1.7000669815748875e-14,1.7175376596180138e-14
1787945763200884678,1.9975233393390844e-16,1.719961642615525e-14,1.7000624550824984e-14,1.7175376596180138e-14
1787945763300622885,1.9979748597584157e-16,1.719961642615525e-14,1.700057940080276e-14,1.7175376596180138e-14
1787945763400537585,1.9985104204027824e-16,1.719961642615525e-14,1.7000525847133972e-14,1.7175376596180138e-14
1787945763500713019,1.9990085318545265e-16,1.719961642615525e-14,1.7000476038216944e-14,1.7175376596180138e-14
1787945763600806848,1.9994878552501839e-16,1.719961642615525e-14,1.7000428108021493e-14,1.7175376596180138e-14
1787945763700982242,1.9999548116712417e-16,1.719961642615525e-14,1.7000381414468193e-14,1.7175376596180138e-14
1787945763800746227,2.0005229591456761e-16,1.719961642615525e-14,1.7000324602262228e-14,1.7175376596180138e-14
1787945763900673051,2.0009741748460633e-16,1.719961642615525e-14,1.7000279482710605e-14,1.7175376596180138e-14
1787945764000600966,2.0014832924069992e-16,1.719961642615525e-14,1.7000228573231955e-14,1.7175376596180138e-14
1787945764101030093,2.0020298501594195e-16,1.719961642615525e-14,1.7000173919901655e-14,1.7175376596180138e-14
1787945764200460701,2.002463739103531e-16,1.719961642615525e-14,1.700013053294819e-14,1.7175376596180138e-14
1787945764300684359,2.0030762938353876e-16,1.719961642615525e-14,1.7000069280215208e-14,1.7175376596180138e-14
1787945764400606066,2.0035078644403833e-16,1.719961642615525e-14,1.7000026125085305e-14,1.7175376596180138e-14
1787945764500745706,2.0039810742404707e-16,1.719961642615525e-14,1.6999978806222173e-14,1.7175376596180138e-14
1787945764600563025,2.0044231985089817e-16,1.719961642615525e-14,1.6999934595773156e-14,1.7175376596180138e-14
1787945764700735527,2.0048660414013868e-16,1.719961642615525e-14,1.699989031346497e-14,1.7175376596180138e-14
1787945764800641564,2.0053996419958924e-16,1.719961642615525e-14,1.6999836955792596e-14,1.7175376596180138e-14
1787945764900728674,2.0058966334335387e-16,1.719961642615525e-14,1.6999787258872147e-14,1.7175376596180138e-14
1787945765000548268,2.0064211226128044e-16,1.719961642615525e-14,1.699973481230056e-14,1.7175376596180138e-14
1787945765100720151,2.0069550506594479e-16,1.719961642615525e-14,1.699968142188448e-14,1.7175376596180138e-14
1787945765200548245,2.0074708829055702e-16,1.719961642615525e-14,1.6999629840967513e-14,1.7175376596180138e-14
1787945765300617364,2.0080532729909217e-16,1.719961642615525e-14,1.6999571604564392e-14,1.7175376596180138e-14
1787945765400514127,2.0085331618765928e-16,1.719961642615525e-14,1.6999523617822697e-14,1.7175376596180138e-14
1787945765500668307,2.0090863844348834e-16,1.719961642615525e-14,1.6999468298041828e-14,1.7175376596180138e-14
1787945765600647396,2.0096445976539506e-16,1.719961642615525e-14,1.6999412479217228e-14,1.7175376596180138e-14
1787945765700657153,2.010199701191585e-16,1.719961642615525e-14,1.699935697134687e-14,1.7175376596180138e-14
1787945765800445712,2.0108331416314181e-16,1.719961642615525e-14,1.6999293630136775e-14,1.7175376596180138e-14
1787945765900646770,2.011357708559181e-16,1.719961642615525e-14,1.6999241175790825e-14,1.7175376596180138e-14
1787945766000955873,2.0117216418768663e-16,1.719961642615525e-14,1.6999204784087244e-14,1.7175376596180138e-14
1787945766100874912,2.0121786457353517e-16,1.719961642615525e-14,1.6999159085745975e-14,1.7175376596180138e-14
1787945766200872149,2.0126751715360518e-16,1.719961642615525e-14,1.6999109435387315e-14,1.7175376596180138e-14
1787945766300710285,2.013262699324207e-16,1.719961642615525e-14,1.699905068523706e-14,1.7175376596180138e-14
1787945766400764168,2.013704864598642e-16,1.719961642615525e-14,1.699900647068785e-14,1.7175376596180138e-14
1787945766500695310,2.014292496511582e-16,1.719961642615525e-14,1.6998947710125614e-14,1.7175376596180138e-14
1787945766600496927,2.0149104262755827e-16,1.719961642615525e-14,1.6998885919913843e-14,1.7175376596180138e-14
1787945766700817895,2.015432117935999e-16,1.719961642615525e-14,1.6998833753081875e-14,1.7175376596180138e-14
1787945766800535924,2.0159473312918528e-16,1.719961642615525e-14,1.6998782234051397e-14,1.7175376596180138e-14
1787945766900861000,2.0163449320740225e-16,1.719961642615525e-14,1.6998742475752084e-14,1.7175376596180138e-14
1787945767000603676,2.0168706056014323e-16,1.719961642615525e-14,1.6998689910751274e-14,1.7175376596180138e-14
1787945767101296831,2.01741600747144e-16,1.719961642615525e-14,1.6998635373004485e-14,1.7175376596180138e-14
1787945767200467659,2.0180418969287e-16,1.719961642615525e-14,1.6998572786859103e-14,1.7175376596180138e-14
1787945767300711966,2.0185343303296058e-16,1.719961642615525e-14,1.6998523545722265e-14,1.7175376596180138e-14
1787945767400501673,2.019012143420954e-16,1.719961642615525e-14,1.6998475766550982e-14,1.7175376596180138e-14
1787945767500546994,2.0195607741187063e-16,1.719961642615525e-14,1.6998420905935926e-14,1.7175376596180138e-14
1787945767600604909,2.0200967447274782e-16,1.719961642615525e-14,1.699836731127314e-14,1.7175376596180138e-14
1787945767700563676,2.0205542557752232e-16,1.719961642615525e-14,1.6998321562215417e-14,1.7175376596180138e-14
1787945767800944942,2.0210434818730904e-16,1.719961642615525e-14,1.6998272641794597e-14,1.7175376596180138e-14
1787945767900656752,2.0214793564008555e-16,1.719961642615525e-14,1.6998229056292086e-14,1.7175376596180138e-14
1787945768000610731,2.022085296899351e-16,1.719961642615525e-14,1.6998168464953458e-14,1.7175376596180138e-14
1787945768101717522,2.0226992989007107e-16,1.719961642615525e-14,1.699810706750063e-14,1.7175376596180138e-14
1787945768200583717,2.0232196649356156e-16,1.719961642615525e-14,1.6998055033225493e-14,1.7175376596180138e-14
1787945768300740061,2.0236632867031518e-16,1.719961642615525e-14,1.6998010673033723e-14,1.7175376596180138e-14
1787945768400975204,2.024135575099202e-16,1.719961642615525e-14,1.6997963446307376e-14,1.7175376596180138e-14
1787945768501041157,2.024623858069129e-16,1.719961642615525e-14,1.699791462019522e-14,1.7175376596180138e-14
1787945768601040685,2.025079129954182e-16,1.719961642615525e-14,1.6997869095043857e-14,1.7175376596180138e-14
1787945768700606222,2.0256762926542593e-16,1.719961642615525e-14,1.6997809381445906e-14,1.7175376596180138e-14
1787945768800636448,2.0262483508176104e-16,1.719961642615525e-14,1.6997752178189313e-14,1.7175376596180138e-14
1787945768900665691,2.0267436010631232e-16,1.719961642615525e-14,1.6997702655380832e-14,1.7175376596180138e-14
1787945769000498803,2.0272231122769683e-16,1.719961642615525e-14,1.6997654706405102e-14,1.7175376596180138e-14
1787945769100591350,2.0276937476694806e-16,1.719961642615525e-14,1.6997607644971804e-14,1.7175376596180138e-14
1787945769200485142,2.0283235422538248e-16,1.719961642615525e-14,1.6997544668331526e-14,1.7175376596180138e-14
1787945769300449646,2.0288092534776626e-16,1.719961642615525e-14,1.699749609938258e-14,1.7175376596180138e-14
1787945769400633416,2.0293146255824348e-16,1.719961642615525e-14,1.6997445564433533e-14,1.7175376596180138e-14
1787945769500465721,2.0298788780523314e-16,1.719961642615525e-14,1.699738914171147e-14,1.7175376596180138e-14
1787945769600501220,2.0303404363362522e-16,1.719961642615525e-14,1.6997342987948473e-14,1.7175376596180138e-14
1787945769700584739,2.0307819255090383e-16,1.719961642615525e-14,1.69972988410068e-14,1.7175376596180138e-14
1787945769800731309,2.0313119816519694e-16,1.719961642615525e-14,1.6997245837764445e-14,1.7175376596180138e-14
1787945769900736530,2.0317787639431167e-16,1.719961642615525e-14,1.6997199161624138e-14,1.7175376596180138e-14
1787945770000792117,2.032391663479626e-16,1.719961642615525e-14,1.6997137874413178e-14,1.7175376596180138e-14
1787945770100674210,2.0328557551053153e-16,1.719961642615525e-14,1.6997091467327404e-14,1.7175376596180138e-14
1787945770200601888,2.033418677798545e-16,1.719961642615525e-14,1.699703517757716e-14,1.7175376596180138e-14
1787945770300627282,2.033868696301189e-16,1.719961642615525e-14,1.699699017774074e-14,1.7175376596180138e-14
1787945770400516197,2.0345152913711404e-16,1.719961642615525e-14,1.699692552112729e-14,1.7175376596180138e-14
1787945770500763901,2.0350011476877563e-16,1.719961642615525e-14,1.6996876937669873e-14,1.7175376596180138e-14
1787945770600578836,2.0354723555163064e-16,1.719961642615525e-14,1.6996829818995726e-14,1.7175376596180138e-14
1787945770700566789,2.035996585338246e-16,1.719961642615525e-14,1.699677739835953e-14,1.7175376596180138e-14
1787945770800558739,2.0364777222359864e-16,1.719961642615525e-14,1.6996729286822917e-14,1.7175376596180138e-14
1787945770900515182,2.0371438235434742e-16,1.719961642615525e-14,1.69966626796731e-14,1.7175376596180138e-14
1787945771000462427,2.037648165030431e-16,1.719961642615525e-14,1.6996612247781445e-14,1.7175376596180138e-14
1787945771100594195,2.03815952422529e-16,1.719961642615525e-14,1.6996561114150414e-14,1.7175376596180138e-14
1787945771200615815,2.0385632945266606e-16,1.719961642615525e-14,1.699652073892726e-14,1.7175376596180138e-14
1787945771300512038,2.0389875093965127e-16,1.719961642615525e-14,1.699647831933876e-14,1.7175376596180138e-14
1787945771400460990,2.0394771769088512e-16,1.719961642615525e-14,1.6996429354778945e-14,1.7175376596180138e-14
1787945771500598508,2.039980475891169e-16,1.719961642615525e-14,1.6996379027133147e-14,1.7175376596180138e-14
1787945771600531000,2.040483169625053e-16,1.719961642615525e-14,1.69963287600095e-14,1.7175376596180138e-14
1787945771700507434,2.0409960739423513e-16,1.719961642615525e-14,1.699627747187322e-14,1.7175376596180138e-14
1787945771800485842,2.0415669916534005e-16,1.719961642615525e-14,1.6996220382657217e-14,1.7175376596180138e-14
1787945771900918458,2.0420549073212277e-16,1.719961642615525e-14,1.6996171593274076e-14,1.7175376596180138e-14
1787945772000821003,2.0425750917070376e-16,1.719961642615525e-14,1.699611957716357e-14,1.7175376596180138e-14
1787945772100572966,2.043121770869033e-16,1.719961642615525e-14,1.6996064911694038e-14,1.7175376596180138e-14
1787945772200530237,2.043660886540327e-16,1.719961642615525e-14,1.699601100253974e-14,1.7175376596180138e-14
1787945772300601144,2.0441521552664287e-16,1.719961642615525e-14,1.6995961877865833e-14,1.7175376596180138e-14
1787945772400517838,2.0447031815693986e-16,1.719961642615525e-14,1.6995906777701706e-14,1.7175376596180138e-14
1787945772500504816,2.0452361531085735e-16,1.719961642615525e-14,1.6995853482933167e-14,1.7175376596180138e-14
1787945772600546457,2.0458740643159685e-16,1.719961642615525e-14,1.6995789694667494e-14,1.7175376596180138e-14
1787945772700748601,2.0464820386810062e-16,1.719961642615525e-14,1.699572889995209e-14,1.7175376596180138e-14
1787945772800564986,2.0470035122530504e-16,1.719961642615525e-14,1.699567675492885e-14,1.7175376596180138e-14
1787945772900673363,2.0475598473706465e-16,1.719961642615525e-14,1.69956211239071e-14,1.7175376596180138e-14
1787945773000467105,2.0481516148432837e-16,1.719961642615525e-14,1.6995561949808454e-14,1.7175376596180138e-14
1787945773100553184,2.0487673052620876e-16,1.719961642615525e-14,1.6995500383522285e-14,1.7175376596180138e-14
1787945773200564962,2.0493456056979367e-16,1.719961642615525e-14,1.6995442556067077e-14,1.7175376596180138e-14
1787945773300584614,2.0499320476840167e-16,1.719961642615525e-14,1.6995383914493304e-14,1.7175376596180138e-14
1787945773400621580,2.0504785530490716e-16,1.719961642615525e-14,1.69953292664029e-14,1.7175376596180138e-14
1787945773500885544,2.0510657710051797e-16,1.719961642615525e-14,1.6995270547235634e-14,1.7175376596180138e-14
1787945773600567449,2.0516143613246683e-16,1.719961642615525e-14,1.699521569065915e-14,1.7175376596180138e-14
1787945773700513112,2.052156216159194e-16,1.719961642615525e-14,1.6995161507601032e-14,1.7175376596180138e-14
1787945773800444788,2.0527333476624796e-16,1.719961642615525e-14,1.699510379703395e-14,1.7175376596180138e-14
1787945773900429395,2.0532849720401966e-16,1.719961642615525e-14,1.6995048637065272e-14,1.7175376596180138e-14
1787945774000557082,2.0538399339606643e-16,1.719961642615525e-14,1.6994993143357274e-14,1.7175376596180138e-14
1787945774100577189,2.054351384488538e-16,1.719961642615525e-14,1.699494200059379e-14,1.7175376596180138e-14
1787945774200602035,2.0547993982990376e-16,1.719961642615525e-14,1.699489720121811e-14,1.7175376596180138e-14
1787945774300518857,2.055374169002305e-16,1.719961642615525e-14,1.699483972672054e-14,1.7175376596180138e-14
1787945774400513255,2.0558219295493932e-16,1.719961642615525e-14,1.699479495267009e-14,1.7175376596180138e-14
1787945774500600238,2.0563025022540974e-16,1.719961642615525e-14,1.699474689755076e-14,1.7175376596180138e-14
1787945774600695207,2.056751238754995e-16,1.719961642615525e-14,1.6994702025909317e-14,1.7175376596180138e-14
1787945774700543279,2.0572837012740024e-16,1.719961642615525e-14,1.6994648782040854e-14,1.7175376596180138e-14
1787945774800567925,2.0578288712073398e-16,1.719961642615525e-14,1.6994594267487853e-14,1.7175376596180138e-14
1787945774900585557,2.0584046923347736e-16,1.719961642615525e-14,1.6994536687952667e-14,1.7175376596180138e-14
1787945775000647713,2.0589874734784247e-16,1.719961642615525e-14,1.699447841244703e-14,1.7175376596180138e-14
1787945775100864355,2.059491893183584e-16,1.719961642615525e-14,1.699442797273448e-14,1.7175376596180138e-14
1787945775200942556,2.0599188689921815e-16,1.719961642615525e-14,1.6994385277064934e-14,1.7175376596180138e-14
1787945775300700811,2.0604119903277096e-16,1.719961642615525e-14,1.69943359671388e-14,1.7175376596180138e-14
1787945775400683882,2.060950918486399e-16,1.719961642615525e-14,1.6994282076735414e-14,1.7175376596180138e-14
1787945775500614132,2.0614373332225053e-16,1.719961642615525e-14,1.6994233437439225e-14,1.7175376596180138e-14
1787945775600537260,2.0619366682694825e-16,1.719961642615525e-14,1.6994183506169804e-14,1.7175376596180138e-14
1787945775700650456,2.0624043435909402e-16,1.719961642615525e-14,1.6994136740731216e-14,1.7175376596180138e-14
1787945775800531373,2.0629174048870062e-16,1.719961642615525e-14,1.6994085436898355e-14,1.7175376596180138e-14
1787945775900431768,2.0634465744543835e-16,1.719961642615525e-14,1.6994032522310484e-14,1.7175376596180138e-14
1787945776000566505,2.0639240731835787e-16,1.719961642615525e-14,1.699398477457514e-14,1.7175376596180138e-14
1787945776100637255,2.0645078343239325e-16,1.719961642615525e-14,1.6993926401074393e-14,1.7175376596180138e-14
1787945776201870171,2.0650442617503859e-16,1.719961642615525e-14,1.699387276073315e-14,1.7175376596180138e-14
1787945776300537979,2.065515545121139e-16,1.719961642615525e-14,1.6993825634505863e-14,1.7175376596180138e-14
1787945776400654285,2.0659085419095684e-16,1.719961642615525e-14,1.6993786336586355e-14,1.7175376596180138e-14
1787945776500676633,2.066415645517007e-16,1.719961642615525e-14,1.6993735628495778e-14,1.7175376596180138e-14
1787945776600909319,2.0670027291756955e-16,1.719961642615525e-14,1.6993676922758144e-14,1.7175376596180138e-14
1787945776702596603,2.0675180403186688e-16,1.719961642615525e-14,1.699362539395079e-14,1.7175376596180138e-14
1787945776800534532,2.0680272005544073e-16,1.719961642615525e-14,1.6993574480206636e-14,1.7175376596180138e-14
1787945776900528868,2.0685257187857939e-16,1.719961642615525e-14,1.6993524630615283e-14,1.7175376596180138e-14
1787945777000725515,2.068968453402863e-16,1.719961642615525e-14,1.6993480359135645e-14,1.7175376596180138e-14
1787945777100568138,2.0694383818115096e-16,1.719961642615525e-14,1.69934333683986e-14,1.7175376596180138e-14
1787945777200651455,2.069804160231081e-16,1.719961642615525e-14,1.6993396792194205e-14,1.7175376596180138e-14
1787945777300470933,2.0703227989522045e-16,1.719961642615525e-14,1.6993344930644005e-14,1.7175376596180138e-14
1787945777400647446,2.0708013150348941e-16,1.719961642615525e-14,1.699329708117804e-14,1.7175376596180138e-14
1787945777500464780,2.0711812882756358e-16,1.719961642615525e-14,1.69932590855551e-14,1.7175376596180138e-14
1787945777600571992,2.0716567052099284e-16,1.719961642615525e-14,1.699321154599012e-14,1.7175376596180138e-14
1787945777700496469,2.0721742350045417e-16,1.719961642615525e-14,1.699315979532766e-14,1.7175376596180138e-14
1787945777800604092,2.0727018797090934e-16,1.719961642615525e-14,1.6993107033219505e-14,1.7175376596180138e-14
1787945777900514622,2.0731517271613533e-16,1.719961642615525e-14,1.6993062050488287e-14,1.7175376596180138e-14
1787945778000696896,2.0735820006255328e-16,1.719961642615525e-14,1.6993019025068253e-14,1.7175376596180138e-14
1787945778100608231,2.0740534423053304e-16,1.719961642615525e-14,1.6992971883010984e-14,1.7175376596180138e-14
1787945778200661836,2.0745841892183354e-16,1.719961642615525e-14,1.6992918810695925e-14,1.7175376596180138e-14
1787945778300725158,2.0750758218652463e-16,1.719961642615525e-14,1.6992869649632367e-14,1.7175376596180138e-14
1787945778400637606,2.0755049304100865e-16,1.719961642615525e-14,1.6992826740699093e-14,1.7175376596180138e-14
1787945778500721317,2.0759600990950147e-16,1.719961642615525e-14,1.69927812258685e-14,1.7175376596180138e-14
1787945778600589922,2.076409108246563e-16,1.719961642615525e-14,1.6992736326963677e-14,1.7175376596180138e-14
1787945778700459478,2.076912435418036e-16,1.719961642615525e-14,1.699268599650007e-14,1.7175376596180138e-14
1787945778800572895,2.0774023480812123e-16,1.719961642615525e-14,1.699263700742725e-14,1.7175376596180138e-14
1787945778900504118,2.07783920600927e-16,1.719961642615525e-14,1.6992593323590405e-14,1.7175376596180138e-14
1787945779000497509,2.078414754364387e-16,1.719961642615525e-14,1.6992535771331832e-14,1.7175376596180138e-14
1787945779100901128,2.0788244720423415e-16,1.719961642615525e-14,1.6992494801398503e-14,1.7175376596180138e-14
1787945779200507551,2.0791919768718575e-16,1.719961642615525e-14,1.6992458052561024e-14,1.7175376596180138e-14
1787945779300452403,2.0796167424247857e-16,1.719961642615525e-14,1.699241557790759e-14,1.7175376596180138e-14
1787945779400590200,2.0802226486297256e-16,1.719961642615525e-14,1.6992354990000015e-14,1.7175376596180138e-14
1787945779500492852,2.0807513478838398e-16,1.719961642615525e-14,1.699230212244185e-14,1.7175376596180138e-14
1787945779600450729,2.0811505596127072e-16,1.719961642615525e-14,1.699226220305644e-14,1.7175376596180138e-14
1787945779700511621,2.0815556944130265e-16,1.719961642615525e-14,1.6992221691390416e-14,1.7175376596180138e-14
1787945779800528860,2.0820210411920263e-16,1.719961642615525e-14,1.6992175158796134e-14,1.7175376596180138e-14
1787945779900709608,2.082594191259206e-16,1.719961642615525e-14,1.6992117846355744e-14,1.7175376596180138e-14
1787945780000573628,2.083124328787421e-16,1.719961642615525e-14,1.6992064834976672e-14,1.7175376596180138e-14
1787945780100456166,2.083553085475455e-16,1.719961642615525e-14,1.699202196122769e-14,1.7175376596180138e-14
1787945780200502463,2.0839503158535052e-16,1.719961642615525e-14,1.6991982239968545e-14,1.7175376596180138e-14
1787945780300484860,2.084489308611294e-16,1.719961642615525e-14,1.6991928343106208e-14,1.7175376596180138e-14
1787945780400724813,2.0850106777745465e-16,1.719961642615525e-14,1.6991876208524426e-14,1.7175376596180138e-14
1787945780500499698,2.0854249819845984e-16,1.719961642615525e-14,1.699183477995857e-14,1.7175376596180138e-14
1787945780600431189,2.0859950043578537e-16,1.719961642615525e-14,1.699177778027367e-14,1.7175376596180138e-14
1787945780700506140,2.086423814134708e-16,1.719961642615525e-14,1.6991734901216107e-14,1.7175376596180138e-14
1787945780800580641,2.086922691669412e-16,1.719961642615525e-14,1.6991685015696516e-14,1.7175376596180138e-14
1787945780900609716,2.087393125816288e-16,1.719961642615525e-14,1.699163797438836e-14,1.7175376596180138e-14
1787945781000459262,2.088029237253172e-16,1.719961642615525e-14,1.6991574366093095e-14,1.7175376596180138e-14
1787945781100591886,2.0884848651352698e-16,1.719961642615525e-14,1.6991528805345143e-14,1.7175376596180138e-14
1787945781200449971,2.0888912778111205e-16,1.719961642615525e-14,1.6991488165897438e-14,1.7175376596180138e-14
1787945781300502835,2.0892674811532314e-16,1.719961642615525e-14,1.699145054724785e-14,1.7175376596180138e-14
1787945781400513959,2.0897093016662254e-16,1.719961642615525e-14,1.6991406367175004e-14,1.7175376596180138e-14
1787945781500687921,2.0901327465754855e-16,1.719961642615525e-14,1.699136402458026e-14,1.7175376596180138e-14
1787945781600602674,2.0905487609450203e-16,1.719961642615525e-14,1.6991322425006222e-14,1.7175376596180138e-14
1787945781700943612,2.0909622915835678e-16,1.719961642615525e-14,1.699128107379417e-14,1.7175376596180138e-14
1787945781800583805,2.09149178362525e-16,1.719961642615525e-14,1.6991228126961097e-14,1.7175376596180138e-14
1787945781900603436,2.0919035541227484e-16,1.719961642615525e-14,1.699118695175529e-14,1.7175376596180138e-14
1787945782000546432,2.0922732820856703e-16,1.719961642615525e-14,1.6991149980614677e-14,1.7175376596180138e-14
1787945782100512565,2.0927924386578038e-16,1.719961642615525e-14,1.699109806728231e-14,1.7175376596180138e-14
1787945782200584648,2.0932937021180946e-16,1.719961642615525e-14,1.6991047943181018e-14,1.7175376596180138e-14
1787945782300789202,2.093798300895686e-16,1.719961642615525e-14,1.699099748556294e-14,1.7175376596180138e-14
1787945782400536051,2.094154997023556e-16,1.719961642615525e-14,1.6990961817547513e-14,1.7175376596180138e-14
1787945782500898462,2.09461634915564e-16,1.719961642615525e-14,1.6990915684400343e-14,1.7175376596180138e-14
1787945782600485369,2.0950056335057093e-16,1.719961642615525e-14,1.6990876757708645e-14,1.7175376596180138e-14
1787945782700485266,2.0955011696570653e-16,1.719961642615525e-14,1.6990827206312656e-14,1.7175376596180138e-14
1787945782800518145,2.0959986743291889e-16,1.719961642615525e-14,1.6990777458073413e-14,1.7175376596180138e-14
1787945782901303256,2.0963435492868778e-16,1.719961642615525e-14,1.6990742972122104e-14,1.7175376596180138e-14
1787945783000497470,2.096929478512259e-16,1.719961642615525e-14,1.6990684381823558e-14,1.7175376596180138e-14
1787945783100512910,2.0974788062069562e-16,1.719961642615525e-14,1.699062945151418e-14,1.7175376596180138e-14
1787945783200461714,2.0979206899179533e-16,1.719961642615525e-14,1.699058526512201e-14,1.7175376596180138e-14
1787945783300785206,2.098362740365328e-16,1.719961642615525e-14,1.699054106205696e-14,1.7175376596180138e-14
1787945783400792300,2.09880920633817e-16,1.719961642615525e-14,1.6990496417459153e-14,1.7175376596180138e-14
1787945783500538421,2.0993125398828228e-16,1.719961642615525e-14,1.699044608635885e-14,1.7175376596180138e-14
1787945783600753548,2.0997278597162344e-16,1.719961642615525e-14,1.6990404556235516e-14,1.7175376596180138e-14
1787945783700507474,2.1002155175651277e-16,1.719961642615525e-14,1.6990355792634612e-14,1.7175376596180138e-14
1787945783800436160,2.1007208203736167e-16,1.719961642615525e-14,1.6990305264616784e-14,1.7175376596180138e-14
1787945783900524096,2.1011821328751807e-16,1.719961642615525e-14,1.699025913543265e-14,1.7175376596180138e-14
1787945784000650806,2.1016657880762836e-16,1.719961642615525e-14,1.6990210772078633e-14,1.7175376596180138e-14
1787945784100650731,2.1020987160562366e-16,1.719961642615525e-14,1.6990167481219554e-14,1.7175376596180138e-14
1787945784200766464,2.10254834995052e-16,1.719961642615525e-14,1.6990122519843877e-14,1.7175376596180138e-14
1787945784300667120,2.1029573242165917e-16,1.719961642615525e-14,1.6990081624248928e-14,1.7175376596180138e-14
1787945784401826946,2.103491422388896e-16,1.719961642615525e-14,1.699002821682376e-14,1.7175376596180138e-14
1787945784500589422,2.1041043338945686e-16,1.719961642615525e-14,1.6989966928418246e-14,1.7175376596180138e-14
1787945784600862572,2.1045828181770393e-16,1.719961642615525e-14,1.698991908213301e-14,1.7175376596180138e-14
1787945784701069527,2.1050319402675828e-16,1.719961642615525e-14,1.698987417193547e-14,1.7175376596180138e-14
1787945784801469838,2.1055407762272461e-16,1.719961642615525e-14,1.698982329061848e-14,1.7175376596180138e-14
1787945784901103239,2.10608284917801e-16,1.719961642615525e-14,1.6989769085751253e-14,1.7175376596180138e-14
1787945785000538697,2.1066459374203824e-16,1.719961642615525e-14,1.6989712779449006e-14,1.7175376596180138e-14
1787945785100585293,2.1071858692166665e-16,1.719961642615525e-14,1.698965878868767e-14,1.7175376596180138e-14
1787945785200521110,2.107664445311102e-16,1.719961642615525e-14,1.6989610933221725e-14,1.7175376596180138e-14
1787945785300968613,2.1082769914033078e-16,1.719961642615525e-14,1.6989549681356062e-14,1.7175376596180138e-14
1787945785400524562,2.1087633715945087e-16,1.719961642615525e-14,1.6989501045515422e-14,1.7175376596180138e-14
1787945785500670495,2.1091467892028002e-16,1.719961642615525e-14,1.698946270547192e-14,1.7175376596180138e-14
1787945785600742149,2.1095722188547532e-16,1.719961642615525e-14,1.6989420164412227e-14,1.7175376596180138e-14
1787945785700879836,2.1101057516263072e-16,1.719961642615525e-14,1.6989366813524786e-14,1.7175376596180138e-14
1787945785800836963,2.1104743566374556e-16,1.719961642615525e-14,1.6989329954674674e-14,1.7175376596180138e-14
1787945785900716383,2.1109778961588457e-16,1.719961642615525e-14,1.698927960297793e-14,1.7175376596180138e-14
1787945786000450639,2.1114769761060102e-16,1.719961642615525e-14,1.698922969721865e-14,1.7175376596180138e-14
1787945786100720240,2.1120772257803602e-16,1.719961642615525e-14,1.6989169674939817e-14,1.7175376596180138e-14
1787945786200764785,2.1125914309012657e-16,1.719961642615525e-14,1.6989118256730938e-14,1.7175376596180138e-14
1787945786300706236,2.1131033527298992e-16,1.719961642615525e-14,1.698906706684107e-14,1.7175376596180138e-14
1787945786400812007,2.1136615197406113e-16,1.719961642615525e-14,1.6989011252640158e-14,1.7175376596180138e-14
1787945786500786180,2.1141370007612778e-16,1.719961642615525e-14,1.6988963706667887e-14,1.7175376596180138e-14
1787945786600822330,2.1145464399566893e-16,1.719961642615525e-14,1.698892276458234e-14,1.7175376596180138e-14
1787945786700685202,2.1150047327101872e-16,1.719961642615525e-14,1.698887693735982e-14,1.7175376596180138e-14
1787945786800841238,2.115628214910726e-16,1.719961642615525e-14,1.6988814591932544e-14,1.7175376596180138e-14
1787945786900655970,2.1161340033002048e-16,1.719961642615525e-14,1.6988764015359204e-14,1.7175376596180138e-14
1787945787000580509,2.11659922713564e-16,1.719961642615525e-14,1.6988717495059575e-14,1.7175376596180138e-14
1787945787101542982,2.1171448694866238e-16,1.719961642615525e-14,1.6988662933268634e-14,1.7175376596180138e-14
1787945787200693773,2.1176662858792128e-16,1.719961642615525e-14,1.6988610793965024e-14,1.7175376596180138e-14
1787945787300799467,2.1181754741267345e-16,1.719961642615525e-14,1.6988559877421163e-14,1.7175376596180138e-14
1787945787401467865,2.1186198452907412e-16,1.719961642615525e-14,1.6988515442295318e-14,1.7175376596180138e-14
1787945787500617073,2.1192298901987529e-16,1.719961642615525e-14,1.6988454440537226e-14,1.7175376596180138e-14
1787945787600619803,2.1196618204142615e-16,1.719961642615525e-14,1.6988411249450523e-14,1.7175376596180138e-14
1787945787700721069,2.1202558336081515e-16,1.719961642615525e-14,1.698835185079206e-14,1.7175376596180138e-14
1787945787800465361,2.1207543096915114e-16,1.719961642615525e-14,1.69883020054167e-14,1.7175376596180138e-14
1787945787900635959,2.1211636217071844e-16,1.719961642615525e-14,1.6988261076048693e-14,1.7175376596180138e-14
1787945788000515286,2.1216035716187638e-16,1.719961642615525e-14,1.6988217083028356e-14,1.7175376596180138e-14
1787945788100657253,2.1219873925532118e-16,1.719961642615525e-14,1.69881787026543e-14,1.7175376596180138e-14
1787945788200777589,2.1224276966969326e-16,1.719961642615525e-14,1.6988134674212355e-14,1.7175376596180138e-14
1787945788300533216,2.122950287556292e-16,1.719961642615525e-14,1.6988082417467476e-14,1.7175376596180138e-14
1787945788400690281,2.1234718445652432e-16,1.719961642615525e-14,1.6988030264103023e-14,1.7175376596180138e-14
1787945788500550005,2.1240749158455654e-16,1.719961642615525e-14,1.6987969959676613e-14,1.7175376596180138e-14
1787945788600626688,2.124503292561734e-16,1.719961642615525e-14,1.698792712392404e-14,1.7175376596180138e-14
1787945788700845751,2.1250090693043482e-16,1.719961642615525e-14,1.698787654851557e-14,1.7175376596180138e-14
1787945788800761821,2.1254713914897414e-16,1.719961642615525e-14,1.698783031836816e-14,1.7175376596180138e-14
1787945788900635300,2.1259769256871357e-16,1.719961642615525e-14,1.6987779767213153e-14,1.7175376596180138e-14
1787945789000543015,2.1265082458655683e-16,1.719961642615525e-14,1.6987726637575573e-14,1.7175376596180138e-14
1787945789100634360,2.1270012661123298e-16,1.719961642615525e-14,1.6987677337759594e-14,1.7175376596180138e-14
1787945789200550253,2.1274061566346527e-16,1.719961642615525e-14,1.698763685052125e-14,1.7175376596180138e-14
1787945789300617573,2.1278801863984244e-16,1.719961642615525e-14,1.6987589449668516e-14,1.7175376596180138e-14
1787945789400665355,2.128433911747939e-16,1.719961642615525e-14,1.6987534079614254e-14,1.7175376596180138e-14
1787945789500587500,2.128970401855723e-16,1.719961642615525e-14,1.698748043300697e-14,1.7175376596180138e-14
1787945789600456826,2.1294881841028563e-16,1.719961642615525e-14,1.6987428657101953e-14,1.7175376596180138e-14
1787945789700717400,2.1299151276611445e-16,1.719961642615525e-14,1.6987385964658867e-14,1.7175376596180138e-14
1787945789800694499,2.1303298911928237e-16,1.719961642615525e-14,1.6987344490163886e-14,1.7175376596180138e-14
1787945789900603159,2.1308532694738512e-16,1.719961642615525e-14,1.6987292154680588e-14,1.7175376596180138e-14
1787945790000483395,2.1313495292652084e-16,1.719961642615525e-14,1.6987242530924774e-14,1.7175376596180138e-14
1787945790100468022,2.131878474442811e-16,1.719961642615525e-14,1.6987189638776786e-14,1.7175376596180138e-14
1787945790200559351,2.1323586413858467e-16,1.719961642615525e-14,1.698714162423373e-14,1.7175376596180138e-14
1787945790300699912,2.132824109135258e-16,1.719961642615525e-14,1.6987095079544197e-14,1.7175376596180138e-14
1787945790400809024,2.1332880105588532e-16,1.719961642615525e-14,1.698704869148024e-14,1.7175376596180138e-14
1787945790500820472,2.1338091645305577e-16,1.719961642615525e-14,1.698699657841799e-14,1.7175376596180138e-14
1787945790600632252,2.1343048316516817e-16,1.719961642615525e-14,1.698694701392662e-14,1.7175376596180138e-14
1787945790700516580,2.1347179806099939e-16,1.719961642615525e-14,1.6986905700881837e-14,1.7175376596180138e-14
1787945790800800392,2.1350043253147662e-16,1.719961642615525e-14,1.6986877067694287e-14,1.7175376596180138e-14
1787945790900707853,2.1354869468967492e-16,1.719961642615525e-14,1.6986828807698416e-14,1.7175376596180138e-14
1787945791000497842,2.136132091228499e-16,1.719961642615525e-14,1.6986764296155746e-14,1.7175376596180138e-14
1787945791100599043,2.136520467941389e-16,1.719961642615525e-14,1.6986725460224555e-14,1.7175376596180138e-14
1787945791200644088,2.1370913660979486e-16,1.719961642615525e-14,1.6986668372966783e-14,1.7175376596180138e-14
1787945791300757852,2.1375484347426653e-16,1.719961642615525e-14,1.6986622668150206e-14,1.7175376596180138e-14
1787945791400603069,2.1380913638522498e-16,1.719961642615525e-14,1.698656837767185e-14,1.7175376596180138e-14
1787945791500583552,2.1385803910713407e-16,1.719961642615525e-14,1.6986519477141043e-14,1.7175376596180138e-14
1787945791600759745,2.1390580244919723e-16,1.719961642615525e-14,1.698647171593905e-14,1.7175376596180138e-14
1787945791700787427,2.1395738806794401e-16,1.719961642615525e-14,1.6986420132631644e-14,1.7175376596180138e-14
1787945791800696194,2.1400794847103566e-16,1.719961642615525e-14,1.698636957449397e-14,1.7175376596180138e-14
1787945791900791042,2.1405574497198015e-16,1.719961642615525e-14,1.698632178013462e-14,1.7175376596180138e-14
1787945792000533285,2.1409774030898358e-16,1.719961642615525e-14,1.6986279786679285e-14,1.7175376596180138e-14
1787945792100683432,2.141417705107639e-16,1.719961642615525e-14,1.6986235758450366e-14,1.7175376596180138e-14
1787945792200496663,2.1419579736296015e-16,1.719961642615525e-14,1.698618173401896e-14,1.7175376596180138e-14
1787945792300453635,2.1424765201694335e-16,1.719961642615525e-14,1.6986129881688448e-14,1.7175376596180138e-14
1787945792400541985,2.1429448372144024e-16,1.719961642615525e-14,1.6986083052082374e-14,1.7175376596180138e-14
1787945792500509717,2.1434425290562135e-16,1.719961642615525e-14,1.698603328512825e-14,1.7175376596180138e-14
1787945792600667408,2.1439704734002737e-16,1.719961642615525e-14,1.6985980493059472e-14,1.7175376596180138e-14
1787945792701251284,2.1444617177338699e-16,1.719961642615525e-14,1.69859313708273e-14,1.7175376596180138e-14
1787945792801563237,2.1448746965903654e-16,1.719961642615525e-14,1.6985890074792158e-14,1.7175376596180138e-14
1787945792900855894,2.1453947061544426e-16,1.719961642615525e-14,1.6985838076165862e-14,1.7175376596180138e-14
1787945793001730269,2.14583605986171e-16,1.719961642615525e-14,1.6985793942772807e-14,1.7175376596180138e-14
1787945793100709508,2.1462692741254738e-16,1.719961642615525e-14,1.6985750623287644e-14,1.7175376596180138e-14
1787945793200917938,2.1467342349935426e-16,1.719961642615525e-14,1.698570412928431e-14,1.7175376596180138e-14
1787945793300928115,2.1472130680954104e-16,1.719961642615525e-14,1.6985656248119775e-14,1.7175376596180138e-14
1787945793401692836,2.1477847805198322e-16,1.719961642615525e-14,1.698559907943919e-14,1.7175376596180138e-14
1787945793501139328,2.148269942000641e-16,1.719961642615525e-14,1.6985550565465145e-14,1.7175376596180138e-14
1787945793601047291,2.148754363920948e-16,1.719961642615525e-14,1.6985502125443845e-14,1.7175376596180138e-14
1787945793700930958,2.149184341221855e-16,1.719961642615525e-14,1.6985459129640526e-14,1.7175376596180138e-14
1787945793800694869,2.1495893318086217e-16,1.719961642615525e-14,1.6985418632396662e-14,1.7175376596180138e-14
1787945793900781720,2.150181314278383e-16,1.719961642615525e-14,1.6985359436802448e-14,1.7175376596180138e-14
1787945794000695544,2.1506726351242646e-16,1.719961642615525e-14,1.6985310306919554e-14,1.7175376596180138e-14
1787945794100588302,2.15118369284287e-16,1.719961642615525e-14,1.698525920343785e-14,1.7175376596180138e-14
1787945794200790775,2.151593304873705e-16,1.719961642615525e-14,1.698521824407033e-14,1.7175376596180138e-14
1787945794300422190,2.1519945945421561e-16,1.719961642615525e-14,1.6985178116901767e-14,1.7175376596180138e-14
1787945794400985144,2.1525756964309484e-16,1.719961642615525e-14,1.6985120009316965e-14,1.7175376596180138e-14
1787945794500630324,2.1531007316357678e-16,1.719961642615525e-14,1.6985067508149328e-14,1.7175376596180138e-14
1787945794600984334,2.1535786008547054e-16,1.719961642615525e-14,1.6985019723368924e-14,1.7175376596180138e-14
1787945794700669149,2.1540173633631353e-16,1.719961642615525e-14,1.698497584908433e-14,1.7175376596180138e-14
1787945794800887452,2.154546982793413e-16,1.719961642615525e-14,1.698492288951473e-14,1.7175376596180138e-14
1787945794900967674,2.1550015710913157e-16,1.719961642615525e-14,1.6984877432722136e-14,1.7175376596180138e-14
1787945795000845344,2.1554107262525018e-16,1.719961642615525e-14,1.6984836519039616e-14,1.7175376596180138e-14
1787945795100707318,2.1559034374204286e-16,1.719961642615525e-14,1.6984787250130886e-14,1.7175376596180138e-14
1787945795200729704,2.1563171029846784e-16,1.719961642615525e-14,1.6984745885428298e-14,1.7175376596180138e-14
1787945795300835999,2.156785061999136e-16,1.719961642615525e-14,1.6984699091624008e-14,1.7175376596180138e-14
1787945795400978894,2.1572904871397428e-16,1.719961642615525e-14,1.6984648551375024e-14,1.7175376596180138e-14
1787945795500698338,2.1578455543939616e-16,1.719961642615525e-14,1.698459304713717e-14,1.7175376596180138e-14
1787945795600786419,2.1583344165438082e-16,1.719961642615525e-14,1.698454416311306e-14,1.7175376596180138e-14
1787945795700753711,2.1587290956819106e-16,1.719961642615525e-14,1.6984504696968045e-14,1.7175376596180138e-14
1787945795800796587,2.159241177343115e-16,1.719961642615525e-14,1.6984453491096885e-14,1.7175376596180138e-14
1787945795900633683,2.159800084310609e-16,1.719961642615525e-14,1.6984397602904965e-14,1.7175376596180138e-14
1787945796000546052,2.1602895160325766e-16,1.719961642615525e-14,1.698434866192625e-14,1.7175376596180138e-14
1787945796100569304,2.1608350615673422e-16,1.719961642615525e-14,1.6984294109817753e-14,1.7175376596180138e-14
1787945796200609278,2.1612637958877858e-16,1.719961642615525e-14,1.6984251238307182e-14,1.7175376596180138e-14
1787945796300656275,2.16179060181818e-16,1.719961642615525e-14,1.6984198560075165e-14,1.7175376596180138e-14
1787945796400882069,2.1623478048606278e-16,1.719961642615525e-14,1.6984142842268186e-14,1.7175376596180138e-14
1787945796500606878,2.162807143939447e-16,1.719961642615525e-14,1.698409691041898e-14,1.7175376596180138e-14
1787945796600676578,2.1634047309028306e-16,1.719961642615525e-14,1.6984037154400936e-14,1.7175376596180138e-14
1787945796700814105,2.1639257375995437e-16,1.719961642615525e-14,1.6983985056066354e-14,1.7175376596180138e-14
1787945796800927788,2.1643765106881048e-16,1.719961642615525e-14,1.6983939980777818e-14,1.7175376596180138e-14
1787945796901087538,2.164803399229046e-16,1.719961642615525e-14,1.6983897293837008e-14,1.7175376596180138e-14
1787945797000588193,2.1652640339480172e-16,1.719961642615525e-14,1.698385123242965e-14,1.7175376596180138e-14
1787945797100600298,2.1658207842431945e-16,1.719961642615525e-14,1.6983795559895475e-14,1.7175376596180138e-14
1787945797200832919,2.1661785043277037e-16,1.719961642615525e-14,1.698375978949032e-14,1.7175376596180138e-14
1787945797300654995,2.166755311597913e-16,1.719961642615525e-14,1.698370211134857e-14,1.7175376596180138e-14
1787945797400603930,2.1672632186336967e-16,1.719961642615525e-14,1.6983651322921458e-14,1.7175376596180138e-14
1787945797500615484,2.1677180508187397e-16,1.719961642615525e-14,1.6983605841741544e-14,1.7175376596180138e-14
1787945797600602421,2.1682212560482863e-16,1.719961642615525e-14,1.6983555523474012e-14,1.7175376596180138e-14
1787945797700462459,2.168849759527805e-16,1.719961642615525e-14,1.6983492675943093e-14,1.7175376596180138e-14
1787945797800622122,2.1694035034306342e-16,1.719961642615525e-14,1.698343730403478e-14,1.7175376596180138e-14
1787945797900517817,2.1699120512429522e-16,1.719961642615525e-14,1.698338645153296e-14,1.7175376596180138e-14
1787945798000527317,2.1704135188152105e-16,1.719961642615525e-14,1.6983336307023424e-14,1.7175376596180138e-14
1787945798100499029,2.170905653169683e-16,1.719961642615525e-14,1.6983287095793843e-14,1.7175376596180138e-14
1787945798200494726,2.171462729741325e-16,1.719961642615525e-14,1.698323139063365e-14,1.7175376596180138e-14
1787945798300578230,2.171951777058845e-16,1.719961642615525e-14,1.6983182488093955e-14,1.7175376596180138e-14
1787945798400754839,2.1723681731926964e-16,1.719961642615525e-14,1.698314085034699e-14,1.7175376596180138e-14
1787945798500570987,2.172851558133152e-16,1.719961642615525e-14,1.6983092514019648e-14,1.7175376596180138e-14
1787945798600570281,2.1732977387935373e-16,1.719961642615525e-14,1.6983047897953557e-14,1.7175376596180138e-14
1787945798700462734,2.1738227843970435e-16,1.719961642615525e-14,1.6982995395746668e-14,1.7175376596180138e-14
1787945798800469212,2.174307420054077e-16,1.719961642615525e-14,1.6982946934353312e-14,1.7175376596180138e-14
1787945798900443729,2.1748575565641785e-16,1.719961642615525e-14,1.6982891923168262e-14,1.7175376596180138e-14
1787945799000538494,2.1754705530429734e-16,1.719961642615525e-14,1.698283062626813e-14,1.7175376596180138e-14
1787945799100674199,2.1758767861979479e-16,1.719961642615525e-14,1.6982790004773577e-14,1.7175376596180138e-14
1787945799200658449,2.1763129453715986e-16,1.719961642615525e-14,1.698274639081131e-14,1.7175376596180138e-14
1787945799300974435,2.1767757719438396e-16,1.719961642615525e-14,1.698270011022873e-14,1.7175376596180138e-14
1787945799400590329,2.1772596600393271e-16,1.719961642615525e-14,1.698265172358825e-14,1.7175376596180138e-14
1787945799500744840,2.177730748323097e-16,1.719961642615525e-14,1.6982604616871578e-14,1.7175376596180138e-14
1787945799600735782,2.1781967399390048e-16,1.719961642615525e-14,1.6982558019798857e-14,1.7175376596180138e-14
1787945799700644439,2.178655512126277e-16,1.719961642615525e-14,1.6982512144636646e-14,1.7175376596180138e-14
1787945799800882318,2.179101955880023e-16,1.719961642615525e-14,1.6982467502262536e-14,1.7175376596180138e-14
1787945799900659577,2.179662306887508e-16,1.719961642615525e-14,1.6982411469673677e-14,1.7175376596180138e-14
1787945800000768852,2.1801308041969e-16,1.719961642615525e-14,1.6982364622042886e-14,1.7175376596180138e-14
1787945800100650752,2.1805162342184034e-16,1.719961642615525e-14,1.6982326080768522e-14,1.7175376596180138e-14
1787945800200548162,2.1810661299755102e-16,1.719961642615525e-14,1.6982271093657876e-14,1.7175376596180138e-14
1787945800300741340,2.1815336525078582e-16,1.719961642615525e-14,1.6982224343500454e-14,1.7175376596180138e-14
1787945800400423252,2.1820692274080074e-16,1.719961642615525e-14,1.698217078841133e-14,1.7175376596180138e-14
1787945800500673979,2.1825214230221128e-16,1.719961642615525e-14,1.6982125570877054e-14,1.7175376596180138e-14
1787945800600469967,2.1829667165902145e-16,1.719961642615525e-14,1.698208104351644e-14,1.7175376596180138e-14
1787945800700778983,2.1834828624310388e-16,1.719961642615525e-14,1.6982029431246195e-14,1.7175376596180138e-14
1787945800801210020,2.184048912517287e-16,1.719961642615525e-14,1.6981972828775136e-14,1.7175376596180138e-14
1787945800900654915,2.1844694693634174e-16,1.719961642615525e-14,1.6981930774975868e-14,1.7175376596180138e-14
1787945801000756320,2.1849536544068486e-16,1.719961642615525e-14,1.6981882358642117e-14,1.7175376596180138e-14
1787945801100703026,2.1854860615305967e-16,1.719961642615525e-14,1.6981829120316535e-14,1.7175376596180138e-14
1787945801202781207,2.1859153758480584e-16,1.719961642615525e-14,1.6981786190809418e-14,1.7175376596180138e-14
1787945801301169921,2.1864403276406113e-16,1.719961642615525e-14,1.698173369798356e-14,1.7175376596180138e-14
1787945801401757097,2.1870553720426647e-16,1.719961642615525e-14,1.6981672196300658e-14,1.7175376596180138e-14
1787945801500961682,2.1874849996717903e-16,1.719961642615525e-14,1.6981629235463817e-14,1.7175376596180138e-14
1787945801600968772,2.187856317526022e-16,1.719961642615525e-14,1.6981592105343063e-14,1.7175376596180138e-14
1787945801701003635,2.1883633257089206e-16,1.719961642615525e-14,1.698154140679778e-14,1.7175376596180138e-14
1787945801800887723,2.1889397082681785e-16,1.719961642615525e-14,1.6981483771125888e-14,1.7175376596180138e-14
1787945801901085213,2.1894432845898662e-16,1.719961642615525e-14,1.6981433415751364e-14,1.7175376596180138e-14
1787945802000698710,2.189940113532454e-16,1.719961642615525e-14,1.6981383735084517e-14,1.7175376596180138e-14
1787945802101111130,2.1903677833091532e-16,1.719961642615525e-14,1.6981340970024206e-14,1.7175376596180138e-14
1787945802200628459,2.1909087877408204e-16,1.719961642615525e-14,1.6981286872006525e-14,1.7175376596180138e-14
1787945802300750851,2.1915034248179399e-16,1.719961642615525e-14,1.698122741096477e-14,1.7175376596180138e-14
1787945802400650161,2.1919655587369577e-16,1.719961642615525e-14,1.698118119964478e-14,1.7175376596180138e-14
1787945802501281725,2.192479148778564e-16,1.719961642615525e-14,1.698112984294324e-14,1.7175376596180138e-14
1787945802600667576,2.1930108213160564e-16,1.719961642615525e-14,1.6981076678073197e-14,1.7175376596180138e-14
1787945802700802852,2.1934736755445565e-16,1.719961642615525e-14,1.6981030394725526e-14,1.7175376596180138e-14
1787945802800736768,2.193947832961717e-16,1.719961642615525e-14,1.6980982981109675e-14,1.7175376596180138e-14
1787945802900591985,2.1944836660396846e-16,1.719961642615525e-14,1.6980929400204284e-14,1.7175376596180138e-14
1787945803000584251,2.194952879213299e-16,1.719961642615525e-14,1.6980882480990648e-14,1.7175376596180138e-14
1787945803100772040,2.1953077959145744e-16,1.719961642615525e-14,1.69808469909118e-14,1.7175376596180138e-14
1787945803200526862,2.1956926688873162e-16,1.719961642615525e-14,1.6980808505340128e-14,1.7175376596180138e-14
1787945803300636694,2.1961096692864339e-16,1.719961642615525e-14,1.698076680716987e-14,1.7175376596180138e-14
1787945803400497205,2.1966755943831432e-16,1.719961642615525e-14,1.6980710217197583e-14,1.7175376596180138e-14
1787945803500664245,2.1971735842464727e-16,1.719961642615525e-14,1.6980660420444055e-14,1.7175376596180138e-14
1787945803600911556,2.1976316439111033e-16,1.719961642615525e-14,1.6980614616531373e-14,1.7175376596180138e-14
1787945803700544367,2.1981209265925236e-16,1.719961642615525e-14,1.698056569045702e-14,1.7175376596180138e-14
1787945803800685428,2.198538694010233e-16,1.719961642615525e-14,1.6980523915588397e-14,1.7175376596180138e-14
1787945803900601284,2.1990883862840808e-16,1.719961642615525e-14,1.6980468948825683e-14,1.7175376596180138e-14
1787945804000533891,2.199620599032719e-16,1.719961642615525e-14,1.6980415729937137e-14,1.7175376596180138e-14
1787945804100624701,2.2001935099742399e-16,1.719961642615525e-14,1.6980358441411795e-14,1.7175376596180138e-14
1787945804200608428,2.200733959847595e-16,1.719961642615525e-14,1.6980304398847742e-14,1.7175376596180138e-14
1787945804300439909,2.2012374638865727e-16,1.719961642615525e-14,1.6980254050701478e-14,1.7175376596180138e-14
1787945804400588357,2.201656444271812e-16,1.719961642615525e-14,1.6980212154541607e-14,1.7175376596180138e-14
1787945804500547799,2.2022135053280783e-16,1.719961642615525e-14,1.6980156450933787e-14,1.7175376596180138e-14
1787945804600775698,2.202701170127973e-16,1.719961642615525e-14,1.6980107686640448e-14,1.7175376596180138e-14
1787945804700649778,2.203175657599052e-16,1.719961642615525e-14,1.6980060240020917e-14,1.7175376596180138e-14
1787945804800785713,2.2036401153786919e-16,1.719961642615525e-14,1.6980013796325576e-14,1.7175376596180138e-14
1787945804900532303,2.2040907483894856e-16,1.719961642615525e-14,1.6979968735045133e-14,1.7175376596180138e-14
1787945805000736627,2.2045702232855092e-16,1.719961642615525e-14,1.6979920789705506e-14,1.7175376596180138e-14
1787945805100794389,2.2051026108308242e-16,1.719961642615525e-14,1.697986755333823e-14,1.7175376596180138e-14
1787945805200626334,2.205618050868662e-16,1.719961642615525e-14,1.6979816011645716e-14,1.7175376596180138e-14
1787945805300658897,2.2061030320979682e-16,1.719961642615525e-14,1.697976751569749e-14,1.7175376596180138e-14
1787945805400697893,2.2065148674687876e-16,1.719961642615525e-14,1.6979726334007134e-14,1.7175376596180138e-14
1787945805500471348,2.2069535113239274e-16,1.719961642615525e-14,1.6979682471588566e-14,1.7175376596180138e-14
1787945805601232106,2.2074548948541204e-16,1.719961642615525e-14,1.6979632335483838e-14,1.7175376596180138e-14
1787945805700626665,2.2079344429829115e-16,1.719961642615525e-14,1.6979584382821348e-14,1.7175376596180138e-14
1787945805800625796,2.20851935360564e-16,1.719961642615525e-14,1.697952589438195e-14,1.7175376596180138e-14
1787945805900584229,2.209036310010101e-16,1.719961642615525e-14,1.6979474201059674e-14,1.7175376596180138e-14
1787945806001096128,2.209519412900138e-16,1.719961642615525e-14,1.6979425892937038e-14,1.7175376596180138e-14
1787945806100665220,2.2099697275664692e-16,1.719961642615525e-14,1.6979380863489758e-14,1.7175376596180138e-14
1787945806200458095,2.2105064479676103e-16,1.719961642615525e-14,1.6979327193856476e-14,1.7175376596180138e-14
1787945806300504199,2.211070349120173e-16,1.719961642615525e-14,1.6979270806269957e-14,1.7175376596180138e-14
1787945806400491190,2.2116759674956716e-16,1.719961642615525e-14,1.6979210247148242e-14,1.7175376596180138e-14
1787945806500518017,2.21211279679156e-16,1.719961642615525e-14,1.697916656617758e-14,1.7175376596180138e-14
1787945806600552067,2.2124463618652266e-16,1.719961642615525e-14,1.697913321116607e-14,1.7175376596180138e-14
1787945806700557103,2.212959401526129e-16,1.719961642615525e-14,1.6979081909500686e-14,1.7175376596180138e-14
1787945806800674741,2.2135013452496528e-16,1.719961642615525e-14,1.6979027717558676e-14,1.7175376596180138e-14
1787945806900614693,2.2140313141462315e-16,1.719961642615525e-14,1.6978974723045677e-14,1.7175376596180138e-14
1787945807000487469,2.2144865069261739e-16,1.719961642615525e-14,1.6978929205809018e-14,1.7175376596180138e-14
1787945807100548163,2.2149673640429586e-16,1.719961642615525e-14,1.6978881122253776e-14,1.7175376596180138e-14
1787945807200492308,2.2154300887203535e-16,1.719961642615525e-14,1.6978834851861173e-14,1.7175376596180138e-14
1787945807300649234,2.2159774263995616e-16,1.719961642615525e-14,1.6978780120547857e-14,1.7175376596180138e-14
1787945807400524629,2.2164513373432464e-16,1.719961642615525e-14,1.697873273157881e-14,1.7175376596180138e-14
1787945807500454095,2.2169081076174752e-16,1.719961642615525e-14,1.6978687056599855e-14,1.7175376596180138e-14
1787945807600457893,2.2174239894889776e-16,1.719961642615525e-14,1.6978635470726284e-14,1.7175376596180138e-14
1787945807700576877,2.2179029923350714e-16,1.719961642615525e-14,1.6978587572589872e-14,1.7175376596180138e-14
1787945807800522484,2.2184459282677472e-16,1.719961642615525e-14,1.697853328143154e-14,1.7175376596180138e-14
1787945807900819575,2.2190461420219516e-16,1.719961642615525e-14,1.6978473262747947e-14,1.7175376596180138e-14
1787945808000518096,2.2195940001127062e-16,1.719961642615525e-14,1.6978418479395914e-14,1.7175376596180138e-14
1787945808100617247,2.2201552337372683e-16,1.719961642615525e-14,1.6978362358550505e-14,1.7175376596180138e-14
1787945808200494228,2.22060429011878e-16,1.719961642615525e-14,1.6978317454926312e-14,1.7175376596180138e-14
1787945808300603468,2.2210987044209905e-16,1.719961642615525e-14,1.697826801571349e-14,1.7175376596180138e-14
1787945808400650070,2.2216791811903483e-16,1.719961642615525e-14,1.6978209970639946e-14,1.7175376596180138e-14
1787945808500659551,2.2222542183628586e-16,1.719961642615525e-14,1.6978152469501715e-14,1.7175376596180138e-14
1787945808600796464,2.222727218170492e-16,1.719961642615525e-14,1.6978105171642348e-14,1.7175376596180138e-14
1787945808700759678,2.2233181447977845e-16,1.719961642615525e-14,1.6978046081629928e-14,1.7175376596180138e-14
1787945808800928400,2.223665425732807e-16,1.719961642615525e-14,1.6978011355093994e-14,1.7175376596180138e-14
1787945808902228969,2.2242299929065226e-16,1.719961642615525e-14,1.697795490090874e-14,1.7175376596180138e-14
1787945809000622841,2.224881391511167e-16,1.719961642615525e-14,1.697788976396986e-14,1.7175376596180138e-14
1787945809100719882,2.225420318707096e-16,1.719961642615525e-14,1.697783587366742e-14,1.7175376596180138e-14
1787945809201173606,2.226004290756361e-16,1.719961642615525e-14,1.69777774790817e-14,1.7175376596180138e-14
1787945809300661817,2.2264003521770885e-16,1.719961642615525e-14,1.6977737874716034e-14,1.7175376596180138e-14
1787945809400549222,2.2268009648969315e-16,1.719961642615525e-14,1.6977697815240876e-14,1.7175376596180138e-14
1787945809500776990,2.2273423727090996e-16,1.719961642615525e-14,1.6977643676888e-14,1.7175376596180138e-14
1787945809600649267,2.2278485778332487e-16,1.719961642615525e-14,1.6977593058646042e-14,1.7175376596180138e-14
1787945809700813194,2.2284158161013167e-16,1.719961642615525e-14,1.6977536337363456e-14,1.7175376596180138e-14
1787945809800614246,2.2288650031984513e-16,1.719961642615525e-14,1.6977491420668485e-14,1.7175376596180138e-14
1787945809900570912,2.2293386132699504e-16,1.719961642615525e-14,1.6977444061785634e-14,1.7175376596180138e-14
1787945810000545471,2.229742635430016e-16,1.719961642615525e-14,1.697740366138181e-14,1.7175376596180138e-14
1787945810100804281,2.2302301233307587e-16,1.719961642615525e-14,1.6977354914778303e-14,1.7175376596180138e-14
1787945810200781930,2.2307935113305175e-16,1.719961642615525e-14,1.6977298578505356e-14,1.7175376596180138e-14
1787945810300626168,2.2312596540121463e-16,1.719961642615525e-14,1.6977251966328043e-14,1.7175376596180138e-14
1787945810400765743,2.2317048615124847e-16,1.719961642615525e-14,1.697720744757497e-14,1.7175376596180138e-14
1787945810500990028,2.2322266048995315e-16,1.719961642615525e-14,1.6977155275576537e-14,1.7175376596180138e-14
1787945810600657882,2.2327462616153806e-16,1.719961642615525e-14,1.6977103312235878e-14,1.7175376596180138e-14
1787945810700608711,2.233207524136667e-16,1.719961642615525e-14,1.697705718805276e-14,1.7175376596180138e-14
1787945810800640823,2.233874497569078e-16,1.719961642615525e-14,1.6976990493701274e-14,1.7175376596180138e-14
1787945810900681812,2.2344617380128834e-16,1.719961642615525e-14,1.697693177229102e-14,1.7175376596180138e-14
1787945811000739593,2.2350197810109044e-16,1.719961642615525e-14,1.6976875970494388e-14,1.7175376596180138e-14
1787945811100488324,2.2355649082033815e-16,1.719961642615525e-14,1.6976821460220397e-14,1.7175376596180138e-14
1787945811200777505,2.236034897806352e-16,1.719961642615525e-14,1.6976774463368326e-14,1.7175376596180138e-14
1787945811301071866,2.236638718234225e-16,1.719961642615525e-14,1.6976714084034104e-14,1.7175376596180138e-14
1787945811400902712,2.2372565930123685e-16,1.719961642615525e-14,1.6976652299327923e-14,1.7175376596180138e-14
1787945811500524865,2.237796208656112e-16,1.719961642615525e-14,1.6976598340184143e-14,1.7175376596180138e-14
1787945811600570927,2.238301350175447e-16,1.719961642615525e-14,1.6976547828298177e-14,1.7175376596180138e-14
1787945811700857804,2.238889530542491e-16,1.719961642615525e-14,1.697648901289995e-14,1.7175376596180138e-14
1787945811800657451,2.239391032865396e-16,1.719961642615525e-14,1.697643886491733e-14,1.7175376596180138e-14
1787945811900673427,2.2398306932242097e-16,1.719961642615525e-14,1.6976394900853718e-14,1.7175376596180138e-14
1787945812000598601,2.24021248149508e-16,1.719961642615525e-14,1.69763567237393e-14,1.7175376596180138e-14
1787945812100921320,2.2407152029573536e-16,1.719961642615525e-14,1.6976306453848245e-14,1.7175376596180138e-14
1787945812200898786,2.24137552588054e-16,1.719961642615525e-14,1.697624042451811e-14,1.7175376596180138e-14
1787945812300456942,2.2418445719983227e-16,1.719961642615525e-14,1.697619352201047e-14,1.7175376596180138e-14
1787945812400455518,2.242377230912005e-16,1.719961642615525e-14,1.6976140258508622e-14,1.7175376596180138e-14
1787945812500505071,2.2429453528643353e-16,1.719961642615525e-14,1.6976083448862012e-14,1.7175376596180138e-14
1787945812600601152,2.2434848544253703e-16,1.719961642615525e-14,1.6976029501126152e-14,1.7175376596180138e-14
1787945812700654292,2.243946376600269e-16,1.719961642615525e-14,1.6975983350979102e-14,1.7175376596180138e-14
1787945812800866873,2.2444054485002507e-16,1.719961642615525e-14,1.697593744584856e-14,1.7175376596180138e-14
1787945812900699807,2.244789334697951e-16,1.719961642615525e-14,1.6975899058950958e-14,1.7175376596180138e-14
1787945813000628311,2.2453266254717737e-16,1.719961642615525e-14,1.697584533228396e-14,1.7175376596180138e-14
1787945813101140481,2.2458262666577177e-16,1.719961642615525e-14,1.697579537040686e-14,1.7175376596180138e-14
1787945813200803729,2.2463522787468527e-16,1.719961642615525e-14,1.6975742771557756e-14,1.7175376596180138e-14
1787945813301211412,2.246903031293984e-16,1.719961642615525e-14,1.697568769877386e-14,1.7175376596180138e-14
1787945813400703907,2.247431080776734e-16,1.719961642615525e-14,1.6975634896194564e-14,1.7175376596180138e-14
1787945813500833855,2.247879580753628e-16,1.719961642615525e-14,1.6975590048208987e-14,1.7175376596180138e-14
1787945813600550554,2.2484312171116784e-16,1.719961642615525e-14,1.6975534887048008e-14,1.7175376596180138e-14
1787945813700534116,2.249019752155439e-16,1.719961642615525e-14,1.697547603618402e-14,1.7175376596180138e-14
1787945813800646452,2.2495159427933735e-16,1.719961642615525e-14,1.6975426419346335e-14,1.7175376596180138e-14
1787945813900615697,2.2501066134448425e-16,1.719961642615525e-14,1.697536735493119e-14,1.7175376596180138e-14
1787945814000759502,2.2506962025880307e-16,1.719961642615525e-14,1.6975308398662038e-14,1.7175376596180138e-14
1787945814100582224,2.251344514913825e-16,1.719961642615525e-14,1.6975243570338106e-14,1.7175376596180138e-14
1787945814200890974,2.2518666496220383e-16,1.719961642615525e-14,1.6975191359209853e-14,1.7175376596180138e-14
1787945814300645017,2.252358154849672e-16,1.719961642615525e-14,1.6975142210892252e-14,1.7175376596180138e-14
1787945814400736116,2.252963424825504e-16,1.719961642615525e-14,1.697508168661026e-14,1.7175376596180138e-14
1787945814500816966,2.253552396779745e-16,1.719961642615525e-14,1.6975022792057323e-14,1.7175376596180138e-14
1787945814600704952,2.2541789360020533e-16,1.719961642615525e-14,1.697496014094615e-14,1.7175376596180138e-14
1787945814700810919,2.2546767413739423e-16,1.719961642615525e-14,1.6974910362642446e-14,1.7175376596180138e-14
1787945814800733090,2.255219180513707e-16,1.719961642615525e-14,1.6974856121162234e-14,1.7175376596180138e-14
1787945814900805213,2.2557242495393185e-16,1.719961642615525e-14,1.697480561652578e-14,1.7175376596180138e-14
1787945815001342064,2.2563167629845743e-16,1.719961642615525e-14,1.6974746367839715e-14,1.7175376596180138e-14
1787945815100487141,2.2568390536523973e-16,1.719961642615525e-14,1.697469414111634e-14,1.7175376596180138e-14
1787945815200591780,2.2573479866899064e-16,1.719961642615525e-14,1.6974643250096075e-14,1.7175376596180138e-14
1787945815300698021,2.257932103068649e-16,1.719961642615525e-14,1.6974584841079036e-14,1.7175376596180138e-14
1787945815400625886,2.258428491868344e-16,1.719961642615525e-14,1.69745352044263e-14,1.7175376596180138e-14
1787945815500561085,2.2589263930379286e-16,1.719961642615525e-14,1.6974485416543372e-14,1.7175376596180138e-14
1787945815600618264,2.259386563009262e-16,1.719961642615525e-14,1.6974439401610985e-14,1.7175376596180138e-14
1787945815700589882,2.259743794950902e-16,1.719961642615525e-14,1.69744036800197e-14,1.7175376596180138e-14
1787945815800743553,2.26034312347248e-16,1.719961642615525e-14,1.697434374985671e-14,1.7175376596180138e-14
1787945815903130089,2.2608051864713586e-16,1.719961642615525e-14,1.6974297545630096e-14,1.7175376596180138e-14
1787945816000740931,2.261354748194088e-16,1.719961642615525e-14,1.697424259192372e-14,1.7175376596180138e-14
1787945816100947726,2.261892973440942e-16,1.719961642615525e-14,1.6974188771814078e-14,1.7175376596180138e-14
1787945816200925199,2.262303282925547e-16,1.719961642615525e-14,1.6974147742706708e-14,1.7175376596180138e-14
1787945816300932588,2.2630079705545253e-16,1.719961642615525e-14,1.6974077277105818e-14,1.7175376596180138e-14
1787945816400457847,2.2636313458646996e-16,1.719961642615525e-14,1.6974014942371974e-14,1.7175376596180138e-14
1787945816501582324,2.2640751687829193e-16,1.719961642615525e-14,1.6973970562071663e-14,1.7175376596180138e-14
1787945816600984090,2.2646035573641094e-16,1.719961642615525e-14,1.6973917725584524e-14,1.7175376596180138e-14
1787945816700841035,2.2652571000230726e-16,1.719961642615525e-14,1.6973852374251223e-14,1.7175376596180138e-14
1787945816800621687,2.2656498765696973e-16,1.719961642615525e-14,1.6973813098359047e-14,1.7175376596180138e-14
1787945816900734304,2.266246353724668e-16,1.719961642615525e-14,1.697375345332011e-14,1.7175376596180138e-14
1787945817000421730,2.2667039643085294e-16,1.719961642615525e-14,1.6973707694315166e-14,1.7175376596180138e-14
1787945817100741362,2.267157041269929e-16,1.719961642615525e-14,1.697366238865213e-14,1.7175376596180138e-14
1787945817200562484,2.267634602032029e-16,1.719961642615525e-14,1.6973614634718906e-14,1.7175376596180138e-14
1787945817300488543,2.268096178434583e-16,1.719961642615525e-14,1.697356847914992e-14,1.7175376596180138e-14
1787945817400743964,2.268574745218235e-16,1.719961642615525e-14,1.697352062461908e-14,1.7175376596180138e-14
1787945817500532424,2.2690180285908137e-16,1.719961642615525e-14,1.6973476298271026e-14,1.7175376596180138e-14
1787945817600677557,2.269592846331322e-16,1.719961642615525e-14,1.6973418819076445e-14,1.7175376596180138e-14
1787945817700780180,2.2699405359514007e-16,1.719961642615525e-14,1.6973384051674686e-14,1.7175376596180138e-14
1787945817800465195,2.2704084923600575e-16,1.719961642615525e-14,1.6973337258133777e-14,1.7175376596180138e-14
1787945817900462909,2.270788739657184e-16,1.719961642615525e-14,1.6973299235110437e-14,1.7175376596180138e-14
1787945818000634512,2.2712612670329527e-16,1.719961642615525e-14,1.697325198449335e-14,1.7175376596180138e-14
1787945818100435600,2.27179645531504e-16,1.719961642615525e-14,1.6973198468066836e-14,1.7175376596180138e-14
1787945818200619440,2.272177944889093e-16,1.719961642615525e-14,1.6973160320821404e-14,1.7175376596180138e-14
1787945818300663957,2.272566179118958e-16,1.719961642615525e-14,1.6973121499140664e-14,1.7175376596180138e-14
1787945818401506611,2.273008897051261e-16,1.719961642615525e-14,1.6973077229334194e-14,1.7175376596180138e-14
1787945818500714439,2.2735387715932423e-16,1.719961642615525e-14,1.6973024244257896e-14,1.7175376596180138e-14
1787945818600919759,2.274073757973041e-16,1.719961642615525e-14,1.6972970748020772e-14,1.7175376596180138e-14
1787945818700535357,2.2746287540178094e-16,1.719961642615525e-14,1.6972915250906963e-14,1.7175376596180138e-14
1787945818800664043,2.2751610442462473e-16,1.719961642615525e-14,1.6972862024272908e-14,1.7175376596180138e-14
1787945818900617468,2.275554609439505e-16,1.719961642615525e-14,1.6972822669519815e-14,1.7175376596180138e-14
1787945819000867343,2.275981915064274e-16,1.719961642615525e-14,1.6972779940875e-14,1.7175376596180138e-14
1787945819100414004,2.2764817737574996e-16,1.719961642615525e-14,1.6972729957248955e-14,1.7175376596180138e-14
1787945819200810530,2.277016676674542e-16,1.719961642615525e-14,1.6972676469357815e-14,1.7175376596180138e-14
1787945819300461659,2.2774682980859935e-16,1.719961642615525e-14,1.6972631309243492e-14,1.7175376596180138e-14
1787945819400618943,2.277894272908548e-16,1.719961642615525e-14,1.697258871367297e-14,1.7175376596180138e-14
1787945819500425074,2.2783379997329124e-16,1.719961642615525e-14,1.6972544342981947e-14,1.7175376596180138e-14
1787945819600861234,2.2788374795401675e-16,1.719961642615525e-14,1.697249439724286e-14,1.7175376596180138e-14
1787945819700425869,2.27926893215125e-16,1.719961642615525e-14,1.69724512539181e-14,1.7175376596180138e-14
1787945819800747433,2.2797187639000293e-16,1.719961642615525e-14,1.6972406272762064e-14,1.7175376596180138e-14
1787945819900820158,2.280120491814998e-16,1.719961642615525e-14,1.697236610177353e-14,1.7175376596180138e-14
1787945820000554534,2.280529366284284e-16,1.719961642615525e-14,1.697232521616165e-14,1.7175376596180138e-14
1787945820100688287,2.280984857710332e-16,1.719961642615525e-14,1.6972279669063317e-14,1.7175376596180138e-14
1787945820200713456,2.281555760117516e-16,1.719961642615525e-14,1.6972222581384858e-14,1.7175376596180138e-14
1787945820300832622,2.2820790913538133e-16,1.719961642615525e-14,1.6972170250610002e-14,1.7175376596180138e-14
1787945820401185950,2.2826220053879386e-16,1.719961642615525e-14,1.6972115961643267e-14,1.7175376596180138e-14
1787945820500547867,2.283156905139701e-16,1.719961642615525e-14,1.6972062474068817e-14,1.7175376596180138e-14
1787945820600722798,2.2835908606819216e-16,1.719961642615525e-14,1.6972019080462274e-14,1.7175376596180138e-14
1787945820701291542,2.2840591566802886e-16,1.719961642615525e-14,1.6971972252964254e-14,1.7175376596180138e-14
1787945820800875007,2.284624717240063e-16,1.719961642615525e-14,1.6971915699446657e-14,1.7175376596180138e-14
1787945820900611782,2.2850924026200977e-16,1.719961642615525e-14,1.6971868933007755e-14,1.7175376596180138e-14
1787945821000594881,2.285504318346421e-16,1.719961642615525e-14,1.6971827743283925e-14,1.7175376596180138e-14
1787945821100757333,2.285955608624158e-16,1.719961642615525e-14,1.697178261628169e-14,1.7175376596180138e-14
1787945821200775141,2.286346640466673e-16,1.719961642615525e-14,1.697174351485253e-14,1.7175376596180138e-14
1787945821300602160,2.2868818184775946e-16,1.719961642615525e-14,1.6971689999453513e-14,1.7175376596180138e-14
1787945821401128839,2.2873342329505997e-16,1.719961642615525e-14,1.697164476003683e-14,1.7175376596180138e-14
1787945821500690547,2.2878056090285006e-16,1.719961642615525e-14,1.6971597624544775e-14,1.7175376596180138e-14
1787945821600649475,2.2881600598861214e-16,1.719961642615525e-14,1.6971562181049944e-14,1.7175376596180138e-14
1787945821700533932,2.2887403369346295e-16,1.719961642615525e-14,1.697150415594965e-14,1.7175376596180138e-14
1787945821800780773,2.289202855723185e-16,1.719961642615525e-14,1.697145790614681e-14,1.7175376596180138e-14
1787945821900502824,2.2897615649125124e-16,1.719961642615525e-14,1.6971402037735656e-14,1.7175376596180138e-14
1787945822000503941,2.2902465081401893e-16,1.719961642615525e-14,1.6971353545589583e-14,1.7175376596180138e-14
1787945822100444077,2.290746986721516e-16,1.719961642615525e-14,1.6971303499977888e-14,1.7175376596180138e-14
1787945822200514078,2.2912841085801307e-16,1.719961642615525e-14,1.6971249790202955e-14,1.7175376596180138e-14
1787945822300484912,2.2917823624429804e-16,1.719961642615525e-14,1.6971199967053146e-14,1.7175376596180138e-14
1787945822400635345,2.2923129750239157e-16,1.719961642615525e-14,1.6971146908176794e-14,1.7175376596180138e-14
1787945822500653048,2.292847726502941e-16,1.719961642615525e-14,1.6971093435429224e-14,1.7175376596180138e-14
1787945822600977109,2.2933728295682343e-16,1.719961642615525e-14,1.6971040927479734e-14,1.7175376596180138e-14
1787945822700646965,2.29388856112351e-16,1.719961642615525e-14,1.6970989356639192e-14,1.7175376596180138e-14
1787945822800600176,2.2943336601139457e-16,1.719961642615525e-14,1.6970944848738095e-14,1.7175376596180138e-14
1787945822900582491,2.29468942029093e-16,1.719961642615525e-14,1.697090927431733e-14,1.7175376596180138e-14
1787945823000588632,2.2950527884260967e-16,1.719961642615525e-14,1.6970872939134907e-14,1.7175376596180138e-14
1787945823100641616,2.295600330646031e-16,1.719961642615525e-14,1.6970818187370738e-14,1.7175376596180138e-14
1787945823200465426,2.2959975881980085e-16,1.719961642615525e-14,1.6970778463398774e-14,1.7175376596180138e-14
1787945823300504794,2.296491799052364e-16,1.719961642615525e-14,1.6970729044531792e-14,1.7175376596180138e-14
1787945823400692732,2.29695979182868e-16,1.719961642615525e-14,1.6970682247354938e-14,1.7175376596180138e-14
1787945823500430681,2.29737225831186e-16,1.719961642615525e-14,1.697064100255815e-14,1.7175376596180138e-14
1787945823600456242,2.297959099829492e-16,1.719961642615525e-14,1.6970582321040695e-14,1.7175376596180138e-14
1787945823700522560,2.298373253777621e-16,1.719961642615525e-14,1.697054090750501e-14,1.7175376596180138e-14
1787945823800512615,2.298820341949419e-16,1.719961642615525e-14,1.6970496200694814e-14,1.7175376596180138e-14
1787945823900508710,2.299313769470386e-16,1.719961642615525e-14,1.6970446860157732e-14,1.7175376596180138e-14
1787945824000586420,2.2997326803753556e-16,1.719961642615525e-14,1.6970404970947747e-14,1.7175376596180138e-14
1787945824100902725,2.300251015146528e-16,1.719961642615525e-14,1.6970353139797476e-14,1.7175376596180138e-14
1787945824200677467,2.300743899774918e-16,1.719961642615525e-14,1.697030385354725e-14,1.7175376596180138e-14
1787945824300893883,2.3012283798646706e-16,1.719961642615525e-14,1.697025540771317e-14,1.7175376596180138e-14
1787945824401996530,2.3017100631857274e-16,1.719961642615525e-14,1.6970207241543416e-14,1.7175376596180138e-14
1787945824501511713,2.3021818197529534e-16,1.719961642615525e-14,1.6970160068004495e-14,1.7175376596180138e-14
1787945824600927147,2.3026787716652013e-16,1.719961642615525e-14,1.697011037504419e-14,1.7175376596180138e-14
1787945824701659827,2.303152707933036e-16,1.719961642615525e-14,1.6970062983545018e-14,1.7175376596180138e-14
1787945824800747262,2.3037366576993615e-16,1.719961642615525e-14,1.6970004591189893e-14,1.7175376596180138e-14
1787945824900714077,2.304153228121811e-16,1.719961642615525e-14,1.696996293601775e-14,1.7175376596180138e-14
1787945825000738901,2.3046430836845294e-16,1.719961642615525e-14,1.6969913952660598e-14,1.7175376596180138e-14
1787945825100467680,2.305166708753802e-16,1.719961642615525e-14,1.69698615925044e-14,1.7175376596180138e-14
1787945825200536802,2.3055907627212574e-16,1.719961642615525e-14,1.6969819189011386e-14,1.7175376596180138e-14
1787945825300561510,2.306133298996084e-16,1.719961642615525e-14,1.6969764937819564e-14,1.7175376596180138e-14
1787945825400533729,2.3066194332203357e-16,1.719961642615525e-14,1.6969716326579598e-14,1.7175376596180138e-14
1787945825500516558,2.3071855327792354e-16,1.719961642615525e-14,1.696965971916518e-14,1.7175376596180138e-14
1787945825600573677,2.3077224402751914e-16,1.719961642615525e-14,1.696960603082602e-14,1.7175376596180138e-14
1787945825700562367,2.308232666157969e-16,1.719961642615525e-14,1.69695550105284e-14,1.7175376596180138e-14
1787945825800622622,2.3087379039907157e-16,1.719961642615525e-14,1.6969504489013408e-14,1.7175376596180138e-14
1787945825900767968,2.309247224636472e-16,1.719961642615525e-14,1.6969453559235455e-14,1.7175376596180138e-14
1787945826000647963,2.309833507975004e-16,1.719961642615525e-14,1.696939493353377e-14,1.7175376596180138e-14
1787945826100659951,2.3102963182276547e-16,1.719961642615525e-14,1.6969348654586344e-14,1.7175376596180138e-14
1787945826200537956,2.310747161884271e-16,1.719961642615525e-14,1.6969303572244808e-14,1.7175376596180138e-14
1787945826300701731,2.3112357611996855e-16,1.719961642615525e-14,1.6969254714506913e-14,1.7175376596180138e-14
1787945826400774373,2.311679748799632e-16,1.719961642615525e-14,1.6969210317740285e-14,1.7175376596180138e-14
1787945826500497416,2.312216681475892e-16,1.719961642615525e-14,1.6969156626883332e-14,1.7175376596180138e-14
1787945826600643076,2.3127252074511457e-16,1.719961642615525e-14,1.6969105776568956e-14,1.7175376596180138e-14
1787945826700760323,2.31320737377701e-16,1.719961642615525e-14,1.6969057562101183e-14,1.7175376596180138e-14
1787945826800758976,2.3137143568112596e-16,1.719961642615525e-14,1.6969006866074006e-14,1.7175376596180138e-14
1787945826900566278,2.3141365624632887e-16,1.719961642615525e-14,1.696896464740443e-14,1.7175376596180138e-14
1787945827000579598,2.314712103530483e-16,1.719961642615525e-14,1.6968907095881803e-14,1.7175376596180138e-14
1787945827100619203,2.315297752192815e-16,1.719961642615525e-14,1.696884853364506e-14,1.7175376596180138e-14
1787945827200699434,2.315720469613743e-16,1.719961642615525e-14,1.6968806263800927e-14,1.7175376596180138e-14
1787945827301419812,2.3162484678829006e-16,1.719961642615525e-14,1.6968753466344682e-14,1.7175376596180138e-14
1787945827400467806,2.3166547976741935e-16,1.719961642615525e-14,1.6968712835189956e-14,1.7175376596180138e-14
1787945827500837092,2.317038542870791e-16,1.719961642615525e-14,1.6968674462393304e-14,1.7175376596180138e-14
1787945827600895882,2.3175776436249237e-16,1.719961642615525e-14,1.696862055473845e-14,1.7175376596180138e-14
1787945827700833304,2.3181038575998267e-16,1.719961642615525e-14,1.6968567935703673e-14,1.7175376596180138e-14
1787945827800879430,2.318616159644246e-16,1.719961642615525e-14,1.696851670779949e-14,1.7175376596180138e-14
1787945827900991792,2.31896347936268e-16,1.719961642615525e-14,1.6968481977387142e-14,1.7175376596180138e-14
1787945828000624278,2.3193873084388155e-16,1.719961642615525e-14,1.696843959638256e-14,1.7175376596180138e-14
1787945828100727556,2.319918234427022e-16,1.719961642615525e-14,1.696838650616766e-14,1.7175376596180138e-14
1787945828200570995,2.3203842943753883e-16,1.719961642615525e-14,1.6968339902265503e-14,1.7175376596180138e-14
1787945828300651570,2.3208659815159163e-16,1.719961642615525e-14,1.696829173571431e-14,1.7175376596180138e-14
1787945828400575370,2.3212229460575626e-16,1.719961642615525e-14,1.6968256040862986e-14,1.7175376596180138e-14
1787945828500585884,2.3217227377676824e-16,1.719961642615525e-14,1.6968206063936145e-14,1.7175376596180138e-14
1787945828600616635,2.322187389679337e-16,1.719961642615525e-14,1.696815960083138e-14,1.7175376596180138e-14
1787945828700559090,2.322792407674286e-16,1.719961642615525e-14,1.696809910174858e-14,1.7175376596180138e-14
1787945828801328696,2.3232906226768366e-16,1.719961642615525e-14,1.6968049282485458e-14,1.7175376596180138e-14
1787945828900689674,2.323655401740726e-16,1.719961642615525e-14,1.6968012806217045e-14,1.7175376596180138e-14
1787945829001189591,2.324116698584991e-16,1.719961642615525e-14,1.6967966678604003e-14,1.7175376596180138e-14
1787945829100500268,2.324497766116868e-16,1.719961642615525e-14,1.6967928573561948e-14,1.7175376596180138e-14
1787945829200612307,2.3249893354342275e-16,1.719961642615525e-14,1.696787941883755e-14,1.7175376596180138e-14
1787945829301302557,2.3254355788797124e-16,1.719961642615525e-14,1.6967834796496818e-14,1.7175376596180138e-14
1787945829400513496,2.3260266381482936e-16,1.719961642615525e-14,1.696777569322408e-14,1.7175376596180138e-14
1787945829500514145,2.326558059793659e-16,1.719961642615525e-14,1.6967722553445878e-14,1.7175376596180138e-14
1787945829600602279,2.327028822892211e-16,1.719961642615525e-14,1.696767547924998e-14,1.7175376596180138e-14
1787945829700469757,2.3275224989978994e-16,1.719961642615525e-14,1.696762611385628e-14,1.7175376596180138e-14
1787945829800600932,2.3279580185257315e-16,1.719961642615525e-14,1.6967582563859214e-14,1.7175376596180138e-14
1787945829900504308,2.3284525268965754e-16,1.719961642615525e-14,1.6967533115242757e-14,1.7175376596180138e-14
1787945830000700636,2.328900203179524e-16,1.719961642615525e-14,1.69674883496248e-14,1.7175376596180138e-14
1787945830100604907,2.3293521638066625e-16,1.719961642615525e-14,1.696744315559167e-14,1.7175376596180138e-14
1787945830200631600,2.3297006676034464e-16,1.719961642615525e-14,1.6967408306777e-14,1.7175376596180138e-14
1787945830300518177,2.330177105042523e-16,1.719961642615525e-14,1.696736066517261e-14,1.7175376596180138e-14
1787945830400617006,2.330738003086838e-16,1.719961642615525e-14,1.6967304577887e-14,1.7175376596180138e-14
1787945830500627788,2.331344353508601e-16,1.719961642615525e-14,1.6967243945567774e-14,1.7175376596180138e-14
1787945830600446919,2.3317362815869066e-16,1.719961642615525e-14,1.6967204754519996e-14,1.7175376596180138e-14
1787945830700850752,2.3321960505866615e-16,1.719961642615525e-14,1.696715877968474e-14,1.7175376596180138e-14
1787945830800529989,2.3327981045836536e-16,1.719961642615525e-14,1.6967098576988742e-14,1.7175376596180138e-14
1787945830900461582,2.333273069283181e-16,1.719961642615525e-14,1.6967051082651775e-14,1.7175376596180138e-14
1787945831000647464,2.3338559952982257e-16,1.719961642615525e-14,1.696699279266811e-14,1.7175376596180138e-14
1787945831100619838,2.334355247537489e-16,1.719961642615525e-14,1.696694286968627e-14,1.7175376596180138e-14
1787945831200511470,2.33483764408703e-16,1.719961642615525e-14,1.6966894632197714e-14,1.7175376596180138e-14
1787945831300552654,2.3353257251013667e-16,1.719961642615525e-14,1.6966845826288224e-14,1.7175376596180138e-14
1787945831402176232,2.3358193922273287e-16,1.719961642615525e-14,1.6966796461792666e-14,1.7175376596180138e-14
1787945831500813628,2.3361766003619404e-16,1.719961642615525e-14,1.6966760742583424e-14,1.7175376596180138e-14
1787945831601010255,2.336687208350322e-16,1.719961642615525e-14,1.6966709684077728e-14,1.7175376596180138e-14
1787945831701104509,2.3371994187313374e-16,1.719961642615525e-14,1.6966658465339984e-14,1.7175376596180138e-14
1787945831801216646,2.337621642580026e-16,1.719961642615525e-14,1.6966616244851346e-14,1.7175376596180138e-14
1787945831901028056,2.3380376667037637e-16,1.719961642615525e-14,1.6966574644307374e-14,1.7175376596180138e-14
1787945832000691708,2.3384798566385733e-16,1.719961642615525e-14,1.6966530427299812e-14,1.7175376596180138e-14
1787945832100815973,2.3389072294505837e-16,1.719961642615525e-14,1.6966487691938e-14,1.7175376596180138e-14
1787945832200732756,2.339470424375144e-16,1.719961642615525e-14,1.6966431374974938e-14,1.7175376596180138e-14
1787945832300550883,2.3398449186507533e-16,1.719961642615525e-14,1.69663939272293e-14,1.7175376596180138e-14
1787945832400635182,2.3401906063422403e-16,1.719961642615525e-14,1.6966359360012702e-14,1.7175376596180138e-14
1787945832500672934,2.3406546533369827e-16,1.719961642615525e-14,1.6966312957397365e-14,1.7175376596180138e-14
1787945832600551745,2.34115496300557e-16,1.719961642615525e-14,1.696626292867752e-14,1.7175376596180138e-14
1787945832701308793,2.3416677905209666e-16,1.719961642615525e-14,1.696621164822923e-14,1.7175376596180138e-14
1787945832800513032,2.3421875505754604e-16,1.719961642615525e-14,1.6966159674558178e-14,1.7175376596180138e-14
1787945832900902998,2.3426106268331243e-16,1.719961642615525e-14,1.6966117368832583e-14,1.7175376596180138e-14
1787945833001151547,2.343018423964404e-16,1.719961642615525e-14,1.6966076590951013e-14,1.7175376596180138e-14
1787945833100746297,2.343581723068285e-16,1.719961642615525e-14,1.6966020263570614e-14,1.7175376596180138e-14
1787945833200550202,2.344162116573692e-16,1.719961642615525e-14,1.6965962226826853e-14,1.7175376596180138e-14
1787945833300720317,2.344632630040608e-16,1.719961642615525e-14,1.6965915177593437e-14,1.7175376596180138e-14
1787945833400614993,2.345053099586709e-16,1.719961642615525e-14,1.696587313252735e-14,1.7175376596180138e-14
1787945833500507504,2.3454667095445123e-16,1.719961642615525e-14,1.6965831773389288e-14,1.7175376596180138e-14
1787945833600911801,2.3459954536590267e-16,1.719961642615525e-14,1.6965778901352693e-14,1.7175376596180138e-14
1787945833700900855,2.346539321673814e-16,1.719961642615525e-14,1.6965724516994013e-14,1.7175376596180138e-14
1787945833801436029,2.3470004831146506e-16,1.719961642615525e-14,1.696567840292126e-14,1.7175376596180138e-14
1787945833900557075,2.347411242845181e-16,1.719961642615525e-14,1.6965637328793166e-14,1.7175376596180138e-14
1787945834000623575,2.3478585825259714e-16,1.719961642615525e-14,1.6965592596834362e-14,1.7175376596180138e-14
1787945834100467469,2.348301181934593e-16,1.719961642615525e-14,1.696554833888149e-14,1.7175376596180138e-14
1787945834200596501,2.348814027005251e-16,1.719961642615525e-14,1.6965497056677945e-14,1.7175376596180138e-14
1787945834300544411,2.3492604633094677e-16,1.719961642615525e-14,1.6965452415052773e-14,1.7175376596180138e-14
1787945834400657653,2.3497196503551407e-16,1.719961642615525e-14,1.6965406498410735e-14,1.7175376596180138e-14
1787945834500651380,2.3500864949664373e-16,1.719961642615525e-14,1.6965369815597367e-14,1.7175376596180138e-14
1787945834600745115,2.350591854490974e-16,1.719961642615525e-14,1.696531928191486e-14,1.7175376596180138e-14
1787945834700667738,2.3510575511680995e-16,1.719961642615525e-14,1.6965272714338953e-14,1.7175376596180138e-14
1787945834800529816,2.351550257853461e-16,1.719961642615525e-14,1.6965223445883553e-14,1.7175376596180138e-14
1787945834900545494,2.352122229580064e-16,1.719961642615525e-14,1.696516625128009e-14,1.7175376596180138e-14
1787945835000568626,2.352504345767209e-16,1.719961642615525e-14,1.6965128041377783e-14,1.7175376596180138e-14
1787945835100951451,2.353050874249538e-16,1.719961642615525e-14,1.6965073390984487e-14,1.7175376596180138e-14
1787945835200902411,2.3535371250168115e-16,1.719961642615525e-14,1.696502476809195e-14,1.7175376596180138e-14
1787945835300665487,2.35397433662265e-16,1.719961642615525e-14,1.696498104889529e-14,1.7175376596180138e-14
1787945835400644510,2.354552887128722e-16,1.719961642615525e-14,1.6964923196443504e-14,1.7175376596180138e-14
1787945835500646677,2.35509200133508e-16,1.719961642615525e-14,1.696486928744456e-14,1.7175376596180138e-14
1787945835600678820,2.35556025625848e-16,1.719961642615525e-14,1.6964822464055626e-14,1.7175376596180138e-14
1787945835700691988,2.3559601661808526e-16,1.719961642615525e-14,1.6964782474859796e-14,1.7175376596180138e-14
1787945835800591651,2.356379971277866e-16,1.719961642615525e-14,1.6964740496235883e-14,1.7175376596180138e-14
1787945835900753198,2.3568393657100964e-16,1.719961642615525e-14,1.6964694558856295e-14,1.7175376596180138e-14
1787945836000463655,2.3572897504999053e-16,1.719961642615525e-14,1.696464952240049e-14,1.7175376596180138e-14
1787945836100664621,2.357889292691772e-16,1.719961642615525e-14,1.6964589570874522e-14,1.7175376596180138e-14
1787945836200749808,2.358313664397074e-16,1.719961642615525e-14,1.6964547135610336e-14,1.7175376596180138e-14
1787945836300665817,2.3587576267593045e-16,1.719961642615525e-14,1.6964502741368473e-14,1.7175376596180138e-14
1787945836400600611,2.359254156164859e-16,1.719961642615525e-14,1.696445309065843e-14,1.7175376596180138e-14
1787945836500534823,2.3597698727586735e-16,1.719961642615525e-14,1.6964401521315764e-14,1.7175376596180138e-14
1787945836600574365,2.3602539346561096e-16,1.719961642615525e-14,1.6964353117300553e-14,1.7175376596180138e-14
1787945836700761966,2.360688114949716e-16,1.719961642615525e-14,1.6964309701221653e-14,1.7175376596180138e-14
1787945836800624954,2.361106951314305e-16,1.719961642615525e-14,1.6964267819466733e-14,1.7175376596180138e-14
1787945836900566260,2.361584647052816e-16,1.719961642615525e-14,1.696422005203885e-14,1.7175376596180138e-14
1787945837000676916,2.362022969574822e-16,1.719961642615525e-14,1.6964176221755746e-14,1.7175376596180138e-14
1787945837100536152,2.362437528467949e-16,1.719961642615525e-14,1.696413476772879e-14,1.7175376596180138e-14
1787945837201001961,2.3629402312370637e-16,1.719961642615525e-14,1.696408449971022e-14,1.7175376596180138e-14
1787945837300666700,2.363446395105736e-16,1.719961642615525e-14,1.6964033885597256e-14,1.7175376596180138e-14
1787945837400674396,2.363904377334568e-16,1.719961642615525e-14,1.6963988089431835e-14,1.7175376596180138e-14
1787945837500534453,2.3643588154448755e-16,1.719961642615525e-14,1.6963942647662355e-14,1.7175376596180138e-14
1787945837600873934,2.3648792219475466e-16,1.719961642615525e-14,1.6963890609350016e-14,1.7175376596180138e-14
1787945837700865279,2.3653980161650584e-16,1.719961642615525e-14,1.6963838732258966e-14,1.7175376596180138e-14
1787945837800804505,2.365895739435055e-16,1.719961642615525e-14,1.6963788962168014e-14,1.7175376596180138e-14
1787945837900579993,2.366379778037596e-16,1.719961642615525e-14,1.696374056048234e-14,1.7175376596180138e-14
1787945838000857558,2.3667735168218747e-16,1.719961642615525e-14,1.6963701188372828e-14,1.7175376596180138e-14
1787945838100709924,2.3672575435522624e-16,1.719961642615525e-14,1.696365278787434e-14,1.7175376596180138e-14
1787945838200836188,2.367757362627226e-16,1.719961642615525e-14,1.696360280821236e-14,1.7175376596180138e-14
1787945838301399656,2.368235474914827e-16,1.719961642615525e-14,1.6963554999131605e-14,1.7175376596180138e-14
1787945838400589313,2.3686892397921896e-16,1.719961642615525e-14,1.6963509624682502e-14,1.7175376596180138e-14
1787945838500663638,2.369170224036916e-16,1.719961642615525e-14,1.696346152841896e-14,1.7175376596180138e-14
1787945838600529751,2.3696914922504636e-16,1.719961642615525e-14,1.6963409403939536e-14,1.7175376596180138e-14
1787945838700685671,2.3701519825989875e-16,1.719961642615525e-14,1.6963363356973568e-14,1.7175376596180138e-14
1787945838800719339,2.370745782869043e-16,1.719961642615525e-14,1.6963303979614395e-14,1.7175376596180138e-14
1787945838900689328,2.3712170068135044e-16,1.719961642615525e-14,1.696325685933708e-14,1.7175376596180138e-14
1787945839001058840,2.3717844381337065e-16,1.719961642615525e-14,1.6963200118754454e-14,1.7175376596180138e-14
1787945839100892947,2.3722455334350254e-16,1.719961642615525e-14,1.6963154011295975e-14,1.7175376596180138e-14
1787945839201295225,2.372641313395985e-16,1.719961642615525e-14,1.696311443507808e-14,1.7175376596180138e-14
1787945839301184877,2.373080281632319e-16,1.719961642615525e-14,1.6963070540226706e-14,1.7175376596180138e-14
1787945839401394762,2.3736010505064685e-16,1.719961642615525e-14,1.696301846567909e-14,1.7175376596180138e-14
1787945839503100418,2.3740643227864686e-16,1.719961642615525e-14,1.6962972140532566e-14,1.7175376596180138e-14
1787945839601292057,2.374591850225633e-16,1.719961642615525e-14,1.6962919390158836e-14,1.7175376596180138e-14
1787945839701161621,2.3750303003596487e-16,1.719961642615525e-14,1.696287554711541e-14,1.7175376596180138e-14
1787945839800812893,2.375417164493115e-16,1.719961642615525e-14,1.696283686244027e-14,1.7175376596180138e-14
1787945839900761355,2.3758641662119375e-16,1.719961642615525e-14,1.6962792164276803e-14,1.7175376596180138e-14
1787945840000822620,2.3764389935533364e-16,1.719961642615525e-14,1.6962734684125428e-14,1.7175376596180138e-14
1787945840101593167,2.376857743772784e-16,1.719961642615525e-14,1.6962692810984985e-14,1.7175376596180138e-14
1787945840200623863,2.377335011049832e-16,1.719961642615525e-14,1.6962645086401718e-14,1.7175376596180138e-14
1787945840300665435,2.377877555195079e-16,1.719961642615525e-14,1.6962590834424948e-14,1.7175376596180138e-14
1787945840400635242,2.378279210251341e-16,1.719961642615525e-14,1.6962550670724046e-14,1.7175376596180138e-14
1787945840500724945,2.378735905886698e-16,1.719961642615525e-14,1.6962505003212552e-14,1.7175376596180138e-14
1787945840600644557,2.3792979182564165e-16,1.719961642615525e-14,1.696244880450085e-14,1.7175376596180138e-14
1787945840700876799,2.379776655262203e-16,1.719961642615525e-14,1.6962400932951377e-14,1.7175376596180138e-14
1787945840800603978,2.380242042518467e-16,1.719961642615525e-14,1.6962354396316884e-14,1.7175376596180138e-14
1787945840900581840,2.3807630800225023e-16,1.719961642615525e-14,1.696230229490768e-14,1.7175376596180138e-14
1787945841000792651,2.381247824323508e-16,1.719961642615525e-14,1.6962253822655715e-14,1.7175376596180138e-14
1787945841100788411,2.381732006660026e-16,1.719961642615525e-14,1.6962205406597684e-14,1.7175376596180138e-14
1787945841200820580,2.382199817256248e-16,1.719961642615525e-14,1.696215862764013e-14,1.7175376596180138e-14
1787945841300695302,2.3826966345473694e-16,1.719961642615525e-14,1.6962108948143443e-14,1.7175376596180138e-14
1787945841401386012,2.3831741252757046e-16,1.719961642615525e-14,1.69620612012162e-14,1.7175376596180138e-14
1787945841500771492,2.383566697212116e-16,1.719961642615525e-14,1.696202194578658e-14,1.7175376596180138e-14
1787945841600486232,2.3840545025474e-16,1.719961642615525e-14,1.696197316744501e-14,1.7175376596180138e-14
1787945841700690625,2.384509899500885e-16,1.719961642615525e-14,1.696192762979601e-14,1.7175376596180138e-14
1787945841800892043,2.384902230217682e-16,1.719961642615525e-14,1.6961888398487295e-14,1.7175376596180138e-14
1787945841900840233,2.3852708718320124e-16,1.719961642615525e-14,1.6961851535982384e-14,1.7175376596180138e-14
1787945842001065677,2.385651069436194e-16,1.719961642615525e-14,1.6961813517930423e-14,1.7175376596180138e-14
1787945842100967193,2.386209805928445e-16,1.719961642615525e-14,1.6961757646791954e-14,1.7175376596180138e-14
1787945842200739446,2.3867855057440264e-16,1.719961642615525e-14,1.6961700079397397e-14,1.7175376596180138e-14
1787945842300732335,2.38718405636846e-16,1.719961642615525e-14,1.6961660226125914e-14,1.7175376596180138e-14
1787945842400767113,2.387713713362189e-16,1.719961642615525e-14,1.6961607262806665e-14,1.7175376596180138e-14
1787945842500984655,2.388218308499717e-16,1.719961642615525e-14,1.696155680556043e-14,1.7175376596180138e-14
1787945842600696284,2.3886096990329785e-16,1.719961642615525e-14,1.6961517668265924e-14,1.7175376596180138e-14
1787945842700698240,2.3891643635300423e-16,1.719961642615525e-14,1.6961462204308758e-14,1.7175376596180138e-14
1787945842800756742,2.3896618640930165e-16,1.719961642615525e-14,1.6961412456488136e-14,1.7175376596180138e-14
1787945842900708614,2.3902498798796044e-16,1.719961642615525e-14,1.6961353657551928e-14,1.7175376596180138e-14
1787945843000767407,2.390706734601405e-16,1.719961642615525e-14,1.6961307974132796e-14,1.7175376596180138e-14
1787945843100709535,2.3911184467725104e-16,1.719961642615525e-14,1.6961266804765878e-14,1.7175376596180138e-14
1787945843200965985,2.3916314766213843e-16,1.719961642615525e-14,1.69612155040865e-14,1.7175376596180138e-14
1787945843300765614,2.392097340561195e-16,1.719961642615525e-14,1.6961168919786088e-14,1.7175376596180138e-14
1787945843400698484,2.3924458965282683e-16,1.719961642615525e-14,1.696113406575578e-14,1.7175376596180138e-14
1787945843500649738,2.3928730191162936e-16,1.719961642615525e-14,1.696109135541646e-14,1.7175376596180138e-14
1787945843601096487,2.3933285277778244e-16,1.719961642615525e-14,1.696104580659737e-14,1.7175376596180138e-14
1787945843700652437,2.393784674155753e-16,1.719961642615525e-14,1.6961000194009514e-14,1.7175376596180138e-14
1787945843800855416,2.394238755855996e-16,1.719961642615525e-14,1.6960954787880158e-14,1.7175376596180138e-14
1787945843900675824,2.3946911449838064e-16,1.719961642615525e-14,1.6960909551000452e-14,1.7175376596180138e-14
1787945844000816506,2.3950538875651166e-16,1.719961642615525e-14,1.6960873278372525e-14,1.7175376596180138e-14
1787945844100547850,2.395374266225478e-16,1.719961642615525e-14,1.6960841241946307e-14,1.7175376596180138e-14
1787945844200903902,2.3958188838260977e-16,1.719961642615525e-14,1.6960796782184422e-14,1.7175376596180138e-14
1787945844300642299,2.3962658391371046e-16,1.719961642615525e-14,1.6960752088662013e-14,1.7175376596180138e-14
1787945844400571527,2.396685525633035e-16,1.719961642615525e-14,1.696071012189857e-14,1.7175376596180138e-14
1787945844500682106,2.397184074219295e-16,1.719961642615525e-14,1.6960660269280528e-14,1.7175376596180138e-14
1787945844600663943,2.3976573926783993e-16,1.719961642615525e-14,1.6960612939561824e-14,1.7175376596180138e-14
1787945844700868640,2.3980266125677043e-16,1.719961642615525e-14,1.6960576019232266e-14,1.7175376596180138e-14
1787945844800651842,2.3984800940282905e-16,1.719961642615525e-14,1.696053067312428e-14,1.7175376596180138e-14
1787945844900820200,2.3990437862576576e-16,1.719961642615525e-14,1.6960474306434752e-14,1.7175376596180138e-14
1787945845000626746,2.399588480483994e-16,1.719961642615525e-14,1.696041983946016e-14,1.7175376596180138e-14
1787945845100640918,2.4000907442833074e-16,1.719961642615525e-14,1.6960369615337587e-14,1.7175376596180138e-14
1787945845200609694,2.4004407547845923e-16,1.719961642615525e-14,1.696033461586054e-14,1.7175376596180138e-14
1787945845300829093,2.400768488138137e-16,1.719961642615525e-14,1.6960301843998156e-14,1.7175376596180138e-14
1787945845400834449,2.4012319617389525e-16,1.719961642615525e-14,1.696025549872112e-14,1.7175376596180138e-14
1787945845500841537,2.4017793409823645e-16,1.719961642615525e-14,1.6960200763256954e-14,1.7175376596180138e-14
1787945845601127031,2.402205644083759e-16,1.719961642615525e-14,1.6960158134862825e-14,1.7175376596180138e-14
1787945845701363261,2.4026970586946416e-16,1.719961642615525e-14,1.6960108995610403e-14,1.7175376596180138e-14
1787945845801265111,2.4031416000529335e-16,1.719961642615525e-14,1.6960064543472577e-14,1.7175376596180138e-14
1787945845900718406,2.4036426773577016e-16,1.719961642615525e-14,1.6960014437994222e-14,1.7175376596180138e-14
1787945846001140036,2.404141579608306e-16,1.719961642615525e-14,1.6959964550011517e-14,1.7175376596180138e-14
1787945846100691509,2.404699930072488e-16,1.719961642615525e-14,1.695990871747467e-14,1.7175376596180138e-14
1787945846200909650,2.405190290014696e-16,1.719961642615525e-14,1.6959859683684436e-14,1.7175376596180138e-14
1787945846300995311,2.405591615397547e-16,1.719961642615525e-14,1.6959819552949974e-14,1.7175376596180138e-14
1787945846400947410,2.4062022278477875e-16,1.719961642615525e-14,1.695975849444946e-14,1.7175376596180138e-14
1787945846501702594,2.4066184369552695e-16,1.719961642615525e-14,1.6959716875409456e-14,1.7175376596180138e-14
1787945846600829587,2.4071890868163716e-16,1.719961642615525e-14,1.6959659812988272e-14,1.7175376596180138e-14
1787945846700749155,2.407744715461934e-16,1.719961642615525e-14,1.6959604252621137e-14,1.7175376596180138e-14
1787945846801140643,2.40819308003211e-16,1.719961642615525e-14,1.6959559418179427e-14,1.7175376596180138e-14
1787945846901009795,2.408605528361908e-16,1.719961642615525e-14,1.695951817520033e-14,1.7175376596180138e-14
1787945847000897994,2.409032513973416e-16,1.719961642615525e-14,1.6959475478558414e-14,1.7175376596180138e-14
1787945847100873692,2.4094152414466874e-16,1.719961642615525e-14,1.6959437207531395e-14,1.7175376596180138e-14
1787945847200906287,2.409929906802335e-16,1.719961642615525e-14,1.695938574330919e-14,1.7175376596180138e-14
1787945847300971664,2.4105068475406016e-16,1.719961642615525e-14,1.6959328051828665e-14,1.7175376596180138e-14
1787945847402419658,2.410981171168652e-16,1.719961642615525e-14,1.6959280621597918e-14,1.7175376596180138e-14
1787945847501259414,2.4114993586011097e-16,1.719961642615525e-14,1.6959228805183915e-14,1.7175376596180138e-14
1787945847601373012,2.4119670970086597e-16,1.719961642615525e-14,1.6959182033445642e-14,1.7175376596180138e-14
1787945847700749200,2.4124870861766056e-16,1.719961642615525e-14,1.695913003686621e-14,1.7175376596180138e-14
1787945847801137656,2.412967093324815e-16,1.719961642615525e-14,1.6959082038309047e-14,1.7175376596180138e-14
1787945847901012173,2.4134295109069393e-16,1.719961642615525e-14,1.6959035798629434e-14,1.7175376596180138e-14
1787945848000694187,2.413905806632264e-16,1.719961642615525e-14,1.69589881711979e-14,1.7175376596180138e-14
1787945848101217903,2.414282047414024e-16,1.719961642615525e-14,1.695895054881097e-14,1.7175376596180138e-14
1787945848201057579,2.414775561848077e-16,1.719961642615525e-14,1.695890119958599e-14,1.7175376596180138e-14
1787945848300642985,2.415374077962138e-16,1.719961642615525e-14,1.6958841350665016e-14,1.7175376596180138e-14
1787945848400664103,2.4158804511417613e-16,1.719961642615525e-14,1.6958790715623306e-14,1.7175376596180138e-14
1787945848500527885,2.4163531609202195e-16,1.719961642615525e-14,1.69587434467704e-14,1.7175376596180138e-14
1787945848600564071,2.4168190745519104e-16,1.719961642615525e-14,1.695869685750163e-14,1.7175376596180138e-14
1787945848700560993,2.417301452997424e-16,1.719961642615525e-14,1.6958648621825504e-14,1.7175376596180138e-14
1787945848800578013,2.417720213190161e-16,1.719961642615525e-14,1.6958606747688686e-14,1.7175376596180138e-14
1787945848900688700,2.4181577054558767e-16,1.719961642615525e-14,1.6958563000428782e-14,1.7175376596180138e-14
1787945849000750064,2.4186485980168975e-16,1.719961642615525e-14,1.6958513913379416e-14,1.7175376596180138e-14
1787945849100589704,2.4190238793779834e-16,1.719961642615525e-14,1.695847638693034e-14,1.7175376596180138e-14
1787945849200977167,2.419509133083188e-16,1.719961642615525e-14,1.6958427863741223e-14,1.7175376596180138e-14
1787945849300774007,2.4198349002675935e-16,1.719961642615525e-14,1.6958395288487247e-14,1.7175376596180138e-14
1787945849400834423,2.4203527337402756e-16,1.719961642615525e-14,1.6958343507467868e-14,1.7175376596180138e-14
1787945849500850345,2.4207899405932317e-16,1.719961642615525e-14,1.695829978874802e-14,1.7175376596180138e-14
1787945849600852442,2.421324297559803e-16,1.719961642615525e-14,1.6958246355453562e-14,1.7175376596180138e-14
1787945849700895656,2.4218083356596725e-16,1.719961642615525e-14,1.6958197953819575e-14,1.7175376596180138e-14
1787945849800816459,2.422299650313365e-16,1.719961642615525e-14,1.6958148824562935e-14,1.7175376596180138e-14
1787945849900959181,2.422752037821496e-16,1.719961642615525e-14,1.695810358784586e-14,1.7175376596180138e-14
1787945850001998543,2.4232321629366826e-16,1.719961642615525e-14,1.695805557749279e-14,1.7175376596180138e-14
1787945850100684792,2.423766688437802e-16,1.719961642615525e-14,1.6958002127345703e-14,1.7175376596180138e-14
1787945850200671334,2.4242842455951004e-16,1.719961642615525e-14,1.6957950373956727e-14,1.7175376596180138e-14
1787945850300763915,2.424724367143992e-16,1.719961642615525e-14,1.6957906363780483e-14,1.7175376596180138e-14
1787945850400763441,2.4251169391083854e-16,1.719961642615525e-14,1.695786710834893e-14,1.7175376596180138e-14
1787945850500691933,2.425646365223342e-16,1.719961642615525e-14,1.6957814168117584e-14,1.7175376596180138e-14
1787945850600661603,2.426121068887625e-16,1.719961642615525e-14,1.6957766699885305e-14,1.7175376596180138e-14
1787945850700711935,2.4265617253727287e-16,1.719961642615525e-14,1.6957722636217886e-14,1.7175376596180138e-14
1787945850800748561,2.4270290663336505e-16,1.719961642615525e-14,1.6957675904222864e-14,1.7175376596180138e-14
1787945850900692271,2.4273927884182923e-16,1.719961642615525e-14,1.695763953364963e-14,1.7175376596180138e-14
1787945851000741451,2.42797016360976e-16,1.719961642615525e-14,1.6957581798726268e-14,1.7175376596180138e-14
1787945851100650300,2.428462964227865e-16,1.719961642615525e-14,1.6957532520880028e-14,1.7175376596180138e-14
1787945851200717838,2.4289374493524803e-16,1.719961642615525e-14,1.6957485074500803e-14,1.7175376596180138e-14
1787945851300719342,2.429388781987665e-16,1.719961642615525e-14,1.695743994326644e-14,1.7175376596180138e-14
1787945851400748679,2.429949264475325e-16,1.719961642615525e-14,1.6957383897537576e-14,1.7175376596180138e-14
1787945851501021915,2.430375436091145e-16,1.719961642615525e-14,1.695734128229205e-14,1.7175376596180138e-14
1787945851600591415,2.4308167420040585e-16,1.719961642615525e-14,1.695729715368487e-14,1.7175376596180138e-14
1787945851701180326,2.431285015375774e-16,1.719961642615525e-14,1.6957250328453065e-14,1.7175376596180138e-14
1787945851800931518,2.431823660413363e-16,1.719961642615525e-14,1.695719646637108e-14,1.7175376596180138e-14
1787945851900916371,2.432278468288701e-16,1.719961642615525e-14,1.6957150987628398e-14,1.7175376596180138e-14
1787945852000888680,2.4327611401469413e-16,1.719961642615525e-14,1.6957102722612713e-14,1.7175376596180138e-14
1787945852100594220,2.4331989780763435e-16,1.719961642615525e-14,1.6957058940788347e-14,1.7175376596180138e-14
1787945852200683083,2.433672194910504e-16,1.719961642615525e-14,1.6957011621232585e-14,1.7175376596180138e-14
1787945852300732662,2.434113213814507e-16,1.719961642615525e-14,1.695696752132508e-14,1.7175376596180138e-14
1787945852400693484,2.434519142451246e-16,1.719961642615525e-14,1.6956926930286543e-14,1.7175376596180138e-14
1787945852500700232,2.4349526662866613e-16,1.719961642615525e-14,1.695688357985222e-14,1.7175376596180138e-14
1787945852600668608,2.4353124653367666e-16,1.719961642615525e-14,1.695684760156495e-14,1.7175376596180138e-14
1787945852700788119,2.435875701163847e-16,1.719961642615525e-14,1.6956791280514698e-14,1.7175376596180138e-14
1787945852800630508,2.4363478585444227e-16,1.719961642615525e-14,1.69567440668996e-14,1.7175376596180138e-14
1787945852900692741,2.4368155858376094e-16,1.719961642615525e-14,1.695669729627333e-14,1.7175376596180138e-14
1787945853001021366,2.4372663684691663e-16,1.719961642615525e-14,1.6956652220037046e-14,1.7175376596180138e-14
1787945853100796542,2.437754594352058e-16,1.719961642615525e-14,1.6956603399643997e-14,1.7175376596180138e-14
1787945853200817762,2.438226411602858e-16,1.719961642615525e-14,1.6956556220040392e-14,1.7175376596180138e-14
1787945853300605612,2.438734370566333e-16,1.719961642615525e-14,1.695650542642804e-14,1.7175376596180138e-14
1787945853400894346,2.4391668204894894e-16,1.719961642615525e-14,1.695646218338021e-14,1.7175376596180138e-14
1787945853500669161,2.439551251475744e-16,1.719961642615525e-14,1.6956423742010164e-14,1.7175376596180138e-14
1787945853600883856,2.440018739673236e-16,1.719961642615525e-14,1.6956376995292466e-14,1.7175376596180138e-14
1787945853701159045,2.440564227401771e-16,1.719961642615525e-14,1.6956322448972407e-14,1.7175376596180138e-14
1787945853800878366,2.4411054295542137e-16,1.719961642615525e-14,1.69562683311907e-14,1.7175376596180138e-14
1787945853900842768,2.4415946732387537e-16,1.719961642615525e-14,1.6956219409022164e-14,1.7175376596180138e-14
1787945854000918230,2.44219093424601e-16,1.719961642615525e-14,1.6956159785602586e-14,1.7175376596180138e-14
1787945854100942961,2.4427289671691207e-16,1.719961642615525e-14,1.6956105984729608e-14,1.7175376596180138e-14
1787945854201160706,2.4432308321745394e-16,1.719961642615525e-14,1.695605580048578e-14,1.7175376596180138e-14
1787945854301060451,2.443703480490378e-16,1.719961642615525e-14,1.6956008537779543e-14,1.7175376596180138e-14
1787945854400760150,2.4441625329167657e-16,1.719961642615525e-14,1.695596263460113e-14,1.7175376596180138e-14
1787945854500866254,2.4446626248731225e-16,1.719961642615525e-14,1.6955912627654272e-14,1.7175376596180138e-14
1787945854600816214,2.445258716879291e-16,1.719961642615525e-14,1.6955853021134136e-14,1.7175376596180138e-14
1787945854701329596,2.4457553874397403e-16,1.719961642615525e-14,1.6955803356311516e-14,1.7175376596180138e-14
1787945854800856248,2.446256095460024e-16,1.719961642615525e-14,1.6955753287761074e-14,1.7175376596180138e-14
1787945854900870409,2.446907144242234e-16,1.719961642615525e-14,1.6955688185810523e-14,1.7175376596180138e-14
1787945855002023537,2.4473708297571e-16,1.719961642615525e-14,1.6955641819344173e-14,1.7175376596180138e-14
1787945855100749514,2.4479611873093275e-16,1.719961642615525e-14,1.6955582786243728e-14,1.7175376596180138e-14
1787945855201304159,2.4484954874401817e-16,1.719961642615525e-14,1.6955529358633357e-14,1.7175376596180138e-14
1787945855301165386,2.4489675469866523e-16,1.719961642615525e-14,1.6955482154801543e-14,1.7175376596180138e-14
1787945855401772319,2.4494566748712397e-16,1.719961642615525e-14,1.6955433244212684e-14,1.7175376596180138e-14
1787945855501943801,2.4498538002479627e-16,1.719961642615525e-14,1.695539353346089e-14,1.7175376596180138e-14
1787945855600990432,2.4502258439617827e-16,1.719961642615525e-14,1.6955356330762597e-14,1.7175376596180138e-14
1787945855700844316,2.4507456529065587e-16,1.719961642615525e-14,1.6955304352205727e-14,1.7175376596180138e-14
1787945855800738966,2.4512091903188136e-16,1.719961642615525e-14,1.6955258000549066e-14,1.7175376596180138e-14
1787945855900949672,2.4517471487041514e-16,1.719961642615525e-14,1.6955204207129788e-14,1.7175376596180138e-14
1787945856000786894,2.452283090690227e-16,1.719961642615525e-14,1.6955150615341385e-14,1.7175376596180138e-14
1787945856100817114,2.452768215989347e-16,1.719961642615525e-14,1.695510210499316e-14,1.7175376596180138e-14
1787945856201081566,2.453273087095761e-16,1.719961642615525e-14,1.6955051620153016e-14,1.7175376596180138e-14
1787945856301289200,2.453696599307823e-16,1.719961642615525e-14,1.6955009270836437e-14,1.7175376596180138e-14
1787945856401068768,2.454229098537214e-16,1.719961642615525e-14,1.6954956023308272e-14,1.7175376596180138e-14
1787945856500932975,2.454784268514573e-16,1.719961642615525e-14,1.6954900508807283e-14,1.7175376596180138e-14
1787945856600596163,2.4552289925626013e-16,1.719961642615525e-14,1.6954856038402534e-14,1.7175376596180138e-14
1787945856700555209,2.455756972881122e-16,1.719961642615525e-14,1.695480324274518e-14,1.7175376596180138e-14
1787945856801152669,2.4562600972689866e-16,1.719961642615525e-14,1.6954752932569116e-14,1.7175376596180138e-14
1787945856901682460,2.456804212259677e-16,1.719961642615525e-14,1.6954698523517133e-14,1.7175376596180138e-14
1787945857000442947,2.457320896016888e-16,1.719961642615525e-14,1.695464685746515e-14,1.7175376596180138e-14
1787945857100724926,2.4577526085468157e-16,1.719961642615525e-14,1.695460368815375e-14,1.7175376596180138e-14
1787945857201140327,2.458314407198781e-16,1.719961642615525e-14,1.6954547510815218e-14,1.7175376596180138e-14
1787945857300837393,2.458804677406068e-16,1.719961642615525e-14,1.695449848599947e-14,1.7175376596180138e-14
1787945857400603270,2.4593253408055774e-16,1.719961642615525e-14,1.6954446422001208e-14,1.7175376596180138e-14
1787945857500854170,2.4598140092026265e-16,1.719961642615525e-14,1.6954397557359304e-14,1.7175376596180138e-14
1787945857601177146,2.4601473718531497e-16,1.719961642615525e-14,1.695436422259357e-14,1.7175376596180138e-14
1787945857701163669,2.460679036436874e-16,1.719961642615525e-14,1.69543110585264e-14,1.7175376596180138e-14
1787945857801453282,2.461222994233443e-16,1.719961642615525e-14,1.695425666519325e-14,1.7175376596180138e-14
1787945857902149492,2.4617888816556997e-16,1.719961642615525e-14,1.6954200078996185e-14,1.7175376596180138e-14
1787945858001146048,2.46228631781304e-16,1.719961642615525e-14,1.6954150337617754e-14,1.7175376596180138e-14
1787945858100760223,2.462703489814312e-16,1.719961642615525e-14,1.6954108622293933e-14,1.7175376596180138e-14
1787945858201116056,2.4632015469300965e-16,1.719961642615525e-14,1.6954058818822475e-14,1.7175376596180138e-14
1787945858300956166,2.463757199087727e-16,1.719961642615525e-14,1.6954003256105894e-14,1.7175376596180138e-14
1787945858401341755,2.464262602868297e-16,1.719961642615525e-14,1.6953952718001028e-14,1.7175376596180138e-14
1787945858500852806,2.4648325982952964e-16,1.719961642615525e-14,1.6953895721022053e-14,1.7175376596180138e-14
1787945858600728273,2.4652723544049435e-16,1.719961642615525e-14,1.6953851747389033e-14,1.7175376596180138e-14
1787945858700638426,2.4658215565538057e-16,1.719961642615525e-14,1.6953796829644378e-14,1.7175376596180138e-14
1787945858800836281,2.466277705289227e-16,1.719961642615525e-14,1.6953751216822534e-14,1.7175376596180138e-14
1787945858900783233,2.466801305588387e-16,1.719961642615525e-14,1.6953698859147724e-14,1.7175376596180138e-14
1787945859001021293,2.467255948973519e-16,1.719961642615525e-14,1.6953653396854163e-14,1.7175376596180138e-14
1787945859100791196,2.467730830724409e-16,1.719961642615525e-14,1.6953605910815072e-14,1.7175376596180138e-14
1787945859200770073,2.4682733291856797e-16,1.719961642615525e-14,1.6953551663409095e-14,1.7175376596180138e-14
1787945859300722730,2.4685770719251607e-16,1.719961642615525e-14,1.6953521290501383e-14,1.7175376596180138e-14
1787945859400786577,2.469137632451706e-16,1.719961642615525e-14,1.6953465236970144e-14,1.7175376596180138e-14
1787945859500769772,2.469701808441097e-16,1.719961642615525e-14,1.69534088219089e-14,1.7175376596180138e-14
1787945859600847956,2.4702986443018444e-16,1.719961642615525e-14,1.6953349141007447e-14,1.7175376596180138e-14
1787945859700664296,2.470881490870848e-16,1.719961642615525e-14,1.695329085897226e-14,1.7175376596180138e-14
1787945859800763650,2.4713654872665967e-16,1.719961642615525e-14,1.6953242461509772e-14,1.7175376596180138e-14
1787945859900826845,2.471755962544679e-16,1.719961642615525e-14,1.6953203415738388e-14,1.7175376596180138e-14
1787945860000788299,2.472277350567981e-16,1.719961642615525e-14,1.6953151279281364e-14,1.7175376596180138e-14
1787945860101331073,2.4728929045323525e-16,1.719961642615525e-14,1.6953089726653826e-14,1.7175376596180138e-14
1787945860200749758,2.473494652787333e-16,1.719961642615525e-14,1.695302955453515e-14,1.7175376596180138e-14
1787945860300662615,2.473872235389803e-16,1.719961642615525e-14,1.6952991797973373e-14,1.7175376596180138e-14
1787945860400726276,2.474473157250597e-16,1.719961642615525e-14,1.6952931708490427e-14,1.7175376596180138e-14
1787945860500801449,2.474927889878013e-16,1.719961642615525e-14,1.6952886237273227e-14,1.7175376596180138e-14
1787945860601216993,2.47552295330813e-16,1.719961642615525e-14,1.695282673360703e-14,1.7175376596180138e-14
1787945860700868767,2.4760446864355767e-16,1.719961642615525e-14,1.6952774562641247e-14,1.7175376596180138e-14
1787945860800783608,2.476587374894838e-16,1.719961642615525e-14,1.695272029623656e-14,1.7175376596180138e-14
1787945860900888687,2.4770338246444224e-16,1.719961642615525e-14,1.6952675653269935e-14,1.7175376596180138e-14
1787945861000766838,2.4774622371585723e-16,1.719961642615525e-14,1.6952632813945722e-14,1.7175376596180138e-14
1787945861100963053,2.478005779161884e-16,1.719961642615525e-14,1.695257846219051e-14,1.7175376596180138e-14
1787945861200874722,2.478597294646882e-16,1.719961642615525e-14,1.6952519313302963e-14,1.7175376596180138e-14
1787945861301456134,2.4791322128313904e-16,1.719961642615525e-14,1.6952465823890874e-14,1.7175376596180138e-14
1787945861401249259,2.479621125217467e-16,1.719961642615525e-14,1.695241693485168e-14,1.7175376596180138e-14
1787945861500722983,2.480200176715457e-16,1.719961642615525e-14,1.695235903230681e-14,1.7175376596180138e-14
1787945861600695546,2.4807208027585754e-16,1.719961642615525e-14,1.695230697204461e-14,1.7175376596180138e-14
1787945861702144663,2.4812389517840332e-16,1.719961642615525e-14,1.6952255159473045e-14,1.7175376596180138e-14
1787945861800974623,2.481657012070452e-16,1.719961642615525e-14,1.6952213355325127e-14,1.7175376596180138e-14
1787945861901250038,2.482268959387284e-16,1.719961642615525e-14,1.6952152163346427e-14,1.7175376596180138e-14
1787945862001648083,2.4829094508677743e-16,1.719961642615525e-14,1.6952088117079794e-14,1.7175376596180138e-14
1787945862101373766,2.4833336765908166e-16,1.719961642615525e-14,1.695204569641599e-14,1.7175376596180138e-14
1787945862201177075,2.4837232840008133e-16,1.719961642615525e-14,1.6952006737427756e-14,1.7175376596180138e-14
1787945862300889914,2.484213098593174e-16,1.719961642615525e-14,1.6951957758172112e-14,1.7175376596180138e-14
1787945862400898149,2.484689207356105e-16,1.719961642615525e-14,1.6951910149437768e-14,1.7175376596180138e-14
1787945862500934889,2.4851746601524777e-16,1.719961642615525e-14,1.6951861606342122e-14,1.7175376596180138e-14
1787945862600710616,2.48562117406357e-16,1.719961642615525e-14,1.6951816956959838e-14,1.7175376596180138e-14
1787945862700641266,2.4861441900910497e-16,1.719961642615525e-14,1.6951764657710102e-14,1.7175376596180138e-14
1787945862800771912,2.486611210695456e-16,1.719961642615525e-14,1.6951717957750768e-14,1.7175376596180138e-14
1787945862900658679,2.4871736856687324e-16,1.719961642615525e-14,1.6951661712784006e-14,1.7175376596180138e-14
1787945863000941030,2.487655476845314e-16,1.719961642615525e-14,1.6951613535833934e-14,1.7175376596180138e-14
1787945863100676035,2.4881878398684093e-16,1.719961642615525e-14,1.6951560301926745e-14,1.7175376596180138e-14
1787945863200676120,2.488673603069743e-16,1.719961642615525e-14,1.6951511727792092e-14,1.7175376596180138e-14
1787945863300801150,2.489171460388403e-16,1.719961642615525e-14,1.6951461944300133e-14,1.7175376596180138e-14
1787945863400783331,2.489559574811314e-16,1.719961642615525e-14,1.6951423134604014e-14,1.7175376596180138e-14
1787945863500619236,2.4900391853116277e-16,1.719961642615525e-14,1.6951375175711817e-14,1.7175376596180138e-14
1787945863600676038,2.4906283955978493e-16,1.719961642615525e-14,1.695131625733415e-14,1.7175376596180138e-14
1787945863700629153,2.4911098969683285e-16,1.719961642615525e-14,1.6951268109363468e-14,1.7175376596180138e-14
1787945863800628817,2.491581837501335e-16,1.719961642615525e-14,1.6951220917433536e-14,1.7175376596180138e-14
1787945863900819030,2.4919800945647015e-16,1.719961642615525e-14,1.6951181093519052e-14,1.7175376596180138e-14
1787945864000674542,2.492490921532684e-16,1.719961642615525e-14,1.6951130013120604e-14,1.7175376596180138e-14
1787945864100667718,2.493026065005689e-16,1.719961642615525e-14,1.695107650118107e-14,1.7175376596180138e-14
1787945864200640766,2.4935802470708927e-16,1.719961642615525e-14,1.6951021085467998e-14,1.7175376596180138e-14
1787945864300572957,2.4941059899989293e-16,1.719961642615525e-14,1.6950968513540695e-14,1.7175376596180138e-14
1787945864401048983,2.494556871875744e-16,1.719961642615525e-14,1.69509234273817e-14,1.7175376596180138e-14
1787945864500822716,2.4950540092308024e-16,1.719961642615525e-14,1.695087371588302e-14,1.7175376596180138e-14
1787945864600651111,2.4956465044646077e-16,1.719961642615525e-14,1.6950814469025533e-14,1.7175376596180138e-14
1787945864700657382,2.496159992582975e-16,1.719961642615525e-14,1.6950763122524116e-14,1.7175376596180138e-14
1787945864800864692,2.4966850763718103e-16,1.719961642615525e-14,1.695071061650784e-14,1.7175376596180138e-14
1787945864900599661,2.497246748352518e-16,1.719961642615525e-14,1.6950654451837024e-14,1.7175376596180138e-14
1787945865000571557,2.497691697267051e-16,1.719961642615525e-14,1.695060995894764e-14,1.7175376596180138e-14
1787945865100583403,2.498375196614386e-16,1.719961642615525e-14,1.6950541612088363e-14,1.7175376596180138e-14
1787945865200736335,2.498846583907172e-16,1.719961642615525e-14,1.6950494475480142e-14,1.7175376596180138e-14
1787945865300658030,2.4993433560059295e-16,1.719961642615525e-14,1.695044480050556e-14,1.7175376596180138e-14
1787945865400617087,2.4999354000875073e-16,1.719961642615525e-14,1.69503855987614e-14,1.7175376596180138e-14
1787945865500637018,2.5003805847479736e-16,1.719961642615525e-14,1.6950341082298543e-14,1.7175376596180138e-14
1787945865600628034,2.5008584028953488e-16,1.719961642615525e-14,1.6950293302633853e-14,1.7175376596180138e-14
1787945865700634881,2.5013298108266805e-16,1.719961642615525e-14,1.695024616396193e-14,1.7175376596180138e-14
1787945865800762324,2.501794225461666e-16,1.719961642615525e-14,1.695019972458819e-14,1.7175376596180138e-14
1787945865900684200,2.5022937956697674e-16,1.719961642615525e-14,1.695014976981534e-14,1.7175376596180138e-14
1787945866000721534,2.5028276669215426e-16,1.719961642615525e-14,1.6950096385092483e-14,1.7175376596180138e-14
1787945866100998534,2.50330446365825e-16,1.719961642615525e-14,1.695004870756432e-14,1.7175376596180138e-14
1787945866200941485,2.50371338459233e-16,1.719961642615525e-14,1.6950007817311005e-14,1.7175376596180138e-14
1787945866300790488,2.504221906906442e-16,1.719961642615525e-14,1.694995696736789e-14,1.7175376596180138e-14
1787945866401020750,2.5048414810561944e-16,1.719961642615525e-14,1.694989501274095e-14,1.7175376596180138e-14
1787945866500953051,2.5053665321624215e-16,1.719961642615525e-14,1.6949842509993034e-14,1.7175376596180138e-14
1787945866600852479,2.5058088390690745e-16,1.719961642615525e-14,1.6949798281292736e-14,1.7175376596180138e-14
1787945866700820837,2.5062914145113996e-16,1.719961642615525e-14,1.6949750025920096e-14,1.7175376596180138e-14
1787945866800813712,2.5068268108468244e-16,1.719961642615525e-14,1.694969648869585e-14,1.7175376596180138e-14
1787945866900886768,2.5073417363309054e-16,1.719961642615525e-14,1.6949644998464637e-14,1.7175376596180138e-14
1787945867000823837,2.507860169707693e-16,1.719961642615525e-14,1.694959315745995e-14,1.7175376596180138e-14
1787945867100794454,2.5082890368559816e-16,1.719961642615525e-14,1.6949550272675072e-14,1.7175376596180138e-14
1787945867201133596,2.508718727434499e-16,1.719961642615525e-14,1.6949507305550883e-14,1.7175376596180138e-14
1787945867300915407,2.509314606235783e-16,1.719961642615525e-14,1.6949447720352307e-14,1.7175376596180138e-14
1787945867400919968,2.5098784331163863e-16,1.719961642615525e-14,1.6949391340201572e-14,1.7175376596180138e-14
1787945867500571233,2.510402339640415e-16,1.719961642615525e-14,1.6949338951906867e-14,1.7175376596180138e-14
1787945867600792132,2.5108722028263714e-16,1.719961642615525e-14,1.6949291967702767e-14,1.7175376596180138e-14
1787945867700764152,2.511316869636721e-16,1.719961642615525e-14,1.6949247503022855e-14,1.7175376596180138e-14
1787945867800684154,2.5119062528422726e-16,1.719961642615525e-14,1.6949188567354696e-14,1.7175376596180138e-14
1787945867900660421,2.512403342621623e-16,1.719961642615525e-14,1.694913886061383e-14,1.7175376596180138e-14
1787945868000672206,2.5129455380831867e-16,1.719961642615525e-14,1.6949084643507743e-14,1.7175376596180138e-14
1787945868100577214,2.513379768486224e-16,1.719961642615525e-14,1.6949041222421644e-14,1.7175376596180138e-14
1787945868200741030,2.51381555602813e-16,1.719961642615525e-14,1.694899764562867e-14,1.7175376596180138e-14
1787945868300676305,2.5141532414668256e-16,1.719961642615525e-14,1.694896387860453e-14,1.7175376596180138e-14
1787945868400813821,2.514641589195915e-16,1.719961642615525e-14,1.6948915046029402e-14,1.7175376596180138e-14
1787945868500545643,2.5151374616862035e-16,1.719961642615525e-14,1.6948865461012032e-14,1.7175376596180138e-14
1787945868600625671,2.515678345913282e-16,1.719961642615525e-14,1.6948811375023574e-14,1.7175376596180138e-14
1787945868700699507,2.516190409468018e-16,1.719961642615525e-14,1.6948760170972657e-14,1.7175376596180138e-14
1787945868800712508,2.5166588141141214e-16,1.719961642615525e-14,1.6948713332616124e-14,1.7175376596180138e-14
1787945868901392086,2.5171324951937373e-16,1.719961642615525e-14,1.6948665966640003e-14,1.7175376596180138e-14
1787945869000821508,2.5175836015120144e-16,1.719961642615525e-14,1.6948620858038424e-14,1.7175376596180138e-14
1787945869101659569,2.5181683290861466e-16,1.719961642615525e-14,1.6948562387912653e-14,1.7175376596180138e-14
1787945869201009255,2.518726448112323e-16,1.719961642615525e-14,1.6948506578521937e-14,1.7175376596180138e-14
1787945869302618158,2.519201593583355e-16,1.719961642615525e-14,1.6948459066113318e-14,1.7175376596180138e-14
1787945869401303873,2.5195726629588287e-16,1.719961642615525e-14,1.6948421960845845e-14,1.7175376596180138e-14
1787945869501288756,2.520002674442717e-16,1.719961642615525e-14,1.6948378961632823e-14,1.7175376596180138e-14
1787945869601528540,2.5204611409570176e-16,1.719961642615525e-14,1.694833311704484e-14,1.7175376596180138e-14
1787945869701135250,2.5210192676252864e-16,1.719961642615525e-14,1.694827730689002e-14,1.7175376596180138e-14
1787945869801056463,2.521509411305739e-16,1.719961642615525e-14,1.6948228294728017e-14,1.7175376596180138e-14
1787945869900831281,2.5219173869686647e-16,1.719961642615525e-14,1.6948187498997955e-14,1.7175376596180138e-14
1787945870001164861,2.522358817586704e-16,1.719961642615525e-14,1.6948143357922963e-14,1.7175376596180138e-14
1787945870100756958,2.5228272628625223e-16,1.719961642615525e-14,1.69480965155038e-14,1.7175376596180138e-14
1787945870200985515,2.523347087981102e-16,1.719961642615525e-14,1.6948044535331627e-14,1.7175376596180138e-14
1787945870300776798,2.523907281972243e-16,1.719961642615525e-14,1.694798851845391e-14,1.7175376596180138e-14
1787945870400707975,2.524436340118229e-16,1.719961642615525e-14,1.6947935615020583e-14,1.7175376596180138e-14
1787945870500876809,2.524864687062153e-16,1.719961642615525e-14,1.6947892782254174e-14,1.7175376596180138e-14
1787945870600835908,2.5253361055653513e-16,1.719961642615525e-14,1.6947845642525718e-14,1.7175376596180138e-14
1787945870701021333,2.525813713192642e-16,1.719961642615525e-14,1.6947797883912717e-14,1.7175376596180138e-14
1787945870800840369,2.526331685332954e-16,1.719961642615525e-14,1.694774608903011e-14,1.7175376596180138e-14
1787945870900885450,2.526822003129998e-16,1.719961642615525e-14,1.6947697059457375e-14,1.7175376596180138e-14
1787945871001160083,2.527313403537469e-16,1.719961642615525e-14,1.6947647921628477e-14,1.7175376596180138e-14
1787945871100728451,2.5278251197084357e-16,1.719961642615525e-14,1.694759675231469e-14,1.7175376596180138e-14
1787945871200761033,2.528282031153927e-16,1.719961642615525e-14,1.6947551063226778e-14,1.7175376596180138e-14
1787945871300939780,2.52867413043485e-16,1.719961642615525e-14,1.69475118550636e-14,1.7175376596180138e-14
1787945871400685903,2.52912317931615e-16,1.719961642615525e-14,1.6947466952196734e-14,1.7175376596180138e-14
1787945871500877935,2.5296386270665924e-16,1.719961642615525e-14,1.6947415409741843e-14,1.7175376596180138e-14
1787945871600724367,2.530103887172536e-16,1.719961642615525e-14,1.694736888582551e-14,1.7175376596180138e-14
1787945871700842670,2.5305412330507193e-16,1.719961642615525e-14,1.6947325153206313e-14,1.7175376596180138e-14
1787945871800567703,2.530940590281989e-16,1.719961642615525e-14,1.6947285219280817e-14,1.7175376596180138e-14
1787945871900530905,2.531431020432064e-16,1.719961642615525e-14,1.69472361784734e-14,1.7175376596180138e-14
1787945872000562254,2.53194677192707e-16,1.719961642615525e-14,1.6947184605645485e-14,1.7175376596180138e-14
1787945872100715078,2.53229553445608e-16,1.719961642615525e-14,1.69471497309625e-14,1.7175376596180138e-14
1787945872200849637,2.5327828705531986e-16,1.719961642615525e-14,1.6947100999546485e-14,1.7175376596180138e-14
1787945872300879308,2.5333283594685717e-16,1.719961642615525e-14,1.6947046453110434e-14,1.7175376596180138e-14
1787945872400683925,2.533838799550215e-16,1.719961642615525e-14,1.6946995411399997e-14,1.7175376596180138e-14
1787945872500677138,2.5343958029340736e-16,1.719961642615525e-14,1.6946939713568955e-14,1.7175376596180138e-14
1787945872600619845,2.5348589175274476e-16,1.719961642615525e-14,1.694689340419434e-14,1.7175376596180138e-14
1787945872700747441,2.5352464810419333e-16,1.719961642615525e-14,1.6946854649587523e-14,1.7175376596180138e-14
1787945872800569351,2.5357001455397814e-16,1.719961642615525e-14,1.6946809285179938e-14,1.7175376596180138e-14
1787945872900525172,2.53618940262582e-16,1.719961642615525e-14,1.694676036167377e-14,1.7175376596180138e-14
1787945873000893682,2.536652944178465e-16,1.719961642615525e-14,1.694671400960519e-14,1.7175376596180138e-14
1787945873101356945,2.537142001901654e-16,1.719961642615525e-14,1.6946665106034433e-14,1.7175376596180138e-14
1787945873200874416,2.5376823292068094e-16,1.719961642615525e-14,1.694661107573629e-14,1.7175376596180138e-14
1787945873300916455,2.538057749435005e-16,1.719961642615525e-14,1.6946573535403498e-14,1.7175376596180138e-14
1787945873400793583,2.5386011484658063e-16,1.719961642615525e-14,1.6946519197946647e-14,1.7175376596180138e-14
1787945873501061698,2.5391206361240944e-16,1.719961642615525e-14,1.694646725151942e-14,1.7175376596180138e-14
1787945873601295479,2.539638599762593e-16,1.719961642615525e-14,1.6946415457487322e-14,1.7175376596180138e-14
1787945873700998810,2.5401339102794506e-16,1.719961642615525e-14,1.6946365928665423e-14,1.7175376596180138e-14
1787945873800884124,2.5406555352543207e-16,1.719961642615525e-14,1.6946313768516202e-14,1.7175376596180138e-14
1787945873900856512,2.5411684295798577e-16,1.719961642615525e-14,1.6946262481392627e-14,1.7175376596180138e-14
1787945874000875938,2.541590727047653e-16,1.719961642615525e-14,1.6946220253546978e-14,1.7175376596180138e-14
1787945874100930556,2.542112151467664e-16,1.719961642615525e-14,1.694616811345238e-14,1.7175376596180138e-14
1787945874200798211,2.542702009313297e-16,1.719961642615525e-14,1.6946109130323314e-14,1.7175376596180138e-14
1787945874300872966,2.543190336908063e-16,1.719961642615525e-14,1.694606029976227e-14,1.7175376596180138e-14
1787945874401224152,2.543631901578966e-16,1.719961642615525e-14,1.69460161452831e-14,1.7175376596180138e-14
1787945874500678529,2.5440669362058365e-16,1.719961642615525e-14,1.6945972643778943e-14,1.7175376596180138e-14
1787945874600758564,2.544592911549875e-16,1.719961642615525e-14,1.69459200486125e-14,1.7175376596180138e-14
1787945874700708464,2.545101730707029e-16,1.719961642615525e-14,1.6945869168987516e-14,1.7175376596180138e-14
1787945874800999217,2.54564678516101e-16,1.719961642615525e-14,1.6945814665996005e-14,1.7175376596180138e-14
1787945874900660423,2.5461282541612097e-16,1.719961642615525e-14,1.694576652126361e-14,1.7175376596180138e-14
1787945875000607428,2.5465878074033536e-16,1.719961642615525e-14,1.694572056800837e-14,1.7175376596180138e-14
1787945875100632995,2.5470814081883973e-16,1.719961642615525e-14,1.694567121015214e-14,1.7175376596180138e-14
1787945875201149577,2.547473819851163e-16,1.719961642615525e-14,1.694563197075258e-14,1.7175376596180138e-14
1787945875301021185,2.548036475256551e-16,1.719961642615525e-14,1.6945575707745236e-14,1.7175376596180138e-14
1787945875400857986,2.5484565163954596e-16,1.719961642615525e-14,1.6945533705522474e-14,1.7175376596180138e-14
1787945875500783525,2.549003994909734e-16,1.719961642615525e-14,1.6945478960135942e-14,1.7175376596180138e-14
1787945875600791459,2.5494372366683e-16,1.719961642615525e-14,1.6945435637910668e-14,1.7175376596180138e-14
1787945875701403141,2.5499394696219083e-16,1.719961642615525e-14,1.694538541687652e-14,1.7175376596180138e-14
1787945875800617670,2.55043251966104e-16,1.719961642615525e-14,1.6945336114092486e-14,1.7175376596180138e-14
1787945875900639871,2.550912503198993e-16,1.719961642615525e-14,1.6945288117899758e-14,1.7175376596180138e-14
1787945876000933143,2.5514177809430085e-16,1.719961642615525e-14,1.6945237592400315e-14,1.7175376596180138e-14
1787945876100514087,2.551996812900116e-16,1.719961642615525e-14,1.6945179691811655e-14,1.7175376596180138e-14
1787945876200539890,2.5523817873690315e-16,1.719961642615525e-14,1.6945141196098092e-14,1.7175376596180138e-14
1787945876300527160,2.552911549012936e-16,1.719961642615525e-14,1.6945088222318942e-14,1.7175376596180138e-14
1787945876400774559,2.553451677566696e-16,1.719961642615525e-14,1.6945034211895496e-14,1.7175376596180138e-14
1787945876500929836,2.553793155627051e-16,1.719961642615525e-14,1.6945000065626977e-14,1.7175376596180138e-14
1787945876600757445,2.5542903678334217e-16,1.719961642615525e-14,1.694495034664506e-14,1.7175376596180138e-14
1787945876701557706,2.5547233063368276e-16,1.719961642615525e-14,1.694490705474406e-14,1.7175376596180138e-14
1787945876800703581,2.5551723275288215e-16,1.719961642615525e-14,1.6944862154646623e-14,1.7175376596180138e-14
1787945876900851834,2.555660393990591e-16,1.719961642615525e-14,1.6944813350198027e-14,1.7175376596180138e-14
1787945877001032709,2.5562022031694347e-16,1.719961642615525e-14,1.694475917171972e-14,1.7175376596180138e-14
1787945877100704388,2.5566685333637434e-16,1.719961642615525e-14,1.6944712540800027e-14,1.7175376596180138e-14
1787945877200691763,2.557108421308481e-16,1.719961642615525e-14,1.6944668553986233e-14,1.7175376596180138e-14
1787945877301118796,2.557451634900066e-16,1.719961642615525e-14,1.6944634234172473e-14,1.7175376596180138e-14
1787945877400824400,2.5579418355556975e-16,1.719961642615525e-14,1.6944585216314157e-14,1.7175376596180138e-14
1787945877502161147,2.5584242249888193e-16,1.719961642615525e-14,1.6944536979542933e-14,1.7175376596180138e-14
1787945877601426090,2.5588885969532753e-16,1.719961642615525e-14,1.694449054443746e-14,1.7175376596180138e-14
1787945877701280995,2.5594141524488847e-16,1.719961642615525e-14,1.6944437991254383e-14,1.7175376596180138e-14
1787945877800950962,2.5598762770488466e-16,1.719961642615525e-14,1.6944391780875266e-14,1.7175376596180138e-14
1787945877900883814,2.5604203515722204e-16,1.719961642615525e-14,1.6944337375872828e-14,1.7175376596180138e-14
1787945878000858915,2.56089886607619e-16,1.719961642615525e-14,1.6944289526577133e-14,1.7175376596180138e-14
1787945878100749282,2.561310217943068e-16,1.719961642615525e-14,1.694424839324273e-14,1.7175376596180138e-14
1787945878200707497,2.561811889612192e-16,1.719961642615525e-14,1.6944198228334823e-14,1.7175376596180138e-14
1787945878300844127,2.562292286268642e-16,1.719961642615525e-14,1.6944150190832394e-14,1.7175376596180138e-14
1787945878400747789,2.562743899762011e-16,1.719961642615525e-14,1.6944105031516673e-14,1.7175376596180138e-14
1787945878500848211,2.5632259020781196e-16,1.719961642615525e-14,1.694405683345553e-14,1.7175376596180138e-14
1787945878600729470,2.5637094410891336e-16,1.719961642615525e-14,1.6944008481731833e-14,1.7175376596180138e-14
1787945878700689188,2.564225834668579e-16,1.719961642615525e-14,1.6943956844699247e-14,1.7175376596180138e-14
1787945878800771686,2.564779761411451e-16,1.719961642615525e-14,1.694390145451935e-14,1.7175376596180138e-14
1787945878900769866,2.565250315946968e-16,1.719961642615525e-14,1.694385440118477e-14,1.7175376596180138e-14
1787945879000746785,2.5656942603641635e-16,1.719961642615525e-14,1.6943810008742204e-14,1.7175376596180138e-14
1787945879100861189,2.5661178212134925e-16,1.719961642615525e-14,1.6943767654564643e-14,1.7175376596180138e-14
1787945879200855746,2.5666815403593094e-16,1.719961642615525e-14,1.6943711285188606e-14,1.7175376596180138e-14
1787945879300856996,2.5671428948873146e-16,1.719961642615525e-14,1.6943665151813395e-14,1.7175376596180138e-14
1787945879401037434,2.5675951547406443e-16,1.719961642615525e-14,1.69436199278647e-14,1.7175376596180138e-14
1787945879500738499,2.5679625602500103e-16,1.719961642615525e-14,1.6943583188968295e-14,1.7175376596180138e-14
1787945879601002323,2.568523853293049e-16,1.719961642615525e-14,1.6943527062191668e-14,1.7175376596180138e-14
1787945879700752330,2.5689616331815456e-16,1.719961642615525e-14,1.6943483286174284e-14,1.7175376596180138e-14
1787945879800741758,2.569438574129284e-16,1.719961642615525e-14,1.6943435594227345e-14,1.7175376596180138e-14
1787945879900984172,2.5699951447445803e-16,1.719961642615525e-14,1.6943379939672265e-14,1.7175376596180138e-14
1787945880000796687,2.570419663359942e-16,1.719961642615525e-14,1.6943337489722512e-14,1.7175376596180138e-14
1787945880100885888,2.5708609961980885e-16,1.719961642615525e-14,1.6943293358426212e-14,1.7175376596180138e-14
1787945880200669022,2.5712169999914016e-16,1.719961642615525e-14,1.694325775965013e-14,1.7175376596180138e-14
1787945880300687699,2.5716763244472e-16,1.719961642615525e-14,1.6943211829273102e-14,1.7175376596180138e-14
1787945880400726024,2.5722533510890096e-16,1.719961642615525e-14,1.6943154129207567e-14,1.7175376596180138e-14
1787945880500667536,2.572761254481369e-16,1.719961642615525e-14,1.694310334115569e-14,1.7175376596180138e-14
1787945880600649124,2.5732906516853067e-16,1.719961642615525e-14,1.6943050403819467e-14,1.7175376596180138e-14
1787945880701541467,2.573696816046503e-16,1.719961642615525e-14,1.694300978921254e-14,1.7175376596180138e-14
1787945880801659181,2.5740720481816834e-16,1.719961642615525e-14,1.6942972267688923e-14,1.7175376596180138e-14
1787945880901914565,2.5745925717425663e-16,1.719961642615525e-14,1.694292021767708e-14,1.7175376596180138e-14
1787945881000769530,2.5751085970488054e-16,1.719961642615525e-14,1.6942868617470454e-14,1.7175376596180138e-14
1787945881100665351,2.575661684263696e-16,1.719961642615525e-14,1.6942813311239898e-14,1.7175376596180138e-14
1787945881200953631,2.5760316637292317e-16,1.719961642615525e-14,1.6942776314959624e-14,1.7175376596180138e-14
1787945881300835616,2.5764415054253176e-16,1.719961642615525e-14,1.6942735332635833e-14,1.7175376596180138e-14
1787945881400783425,2.576969640698533e-16,1.719961642615525e-14,1.6942682521487102e-14,1.7175376596180138e-14
1787945881500638860,2.577522383994246e-16,1.719961642615525e-14,1.694262724964697e-14,1.7175376596180138e-14
1787945881600728917,2.5781284586327965e-16,1.719961642615525e-14,1.694256664491276e-14,1.7175376596180138e-14
1787945881700553213,2.578461804415849e-16,1.719961642615525e-14,1.694253331183579e-14,1.7175376596180138e-14
1787945881800721036,2.578847997365608e-16,1.719961642615525e-14,1.6942494694280175e-14,1.7175376596180138e-14
1787945881900525084,2.5793849860672307e-16,1.719961642615525e-14,1.6942440997828547e-14,1.7175376596180138e-14
1787945882000904736,2.5798622593639324e-16,1.719961642615525e-14,1.6942393272648472e-14,1.7175376596180138e-14
1787945882100613700,2.580380845713729e-16,1.719961642615525e-14,1.6942341416349173e-14,1.7175376596180138e-14
1787945882200663876,2.58082752095687e-16,1.719961642615525e-14,1.694229675083667e-14,1.7175376596180138e-14
1787945882300600288,2.581296566214979e-16,1.719961642615525e-14,1.6942249848423432e-14,1.7175376596180138e-14
1787945882400592215,2.581775245829304e-16,1.719961642615525e-14,1.6942201982617976e-14,1.7175376596180138e-14
1787945882500542102,2.5822465936029473e-16,1.719961642615525e-14,1.6942154849963583e-14,1.7175376596180138e-14
1787945882600630150,2.5826621432020715e-16,1.719961642615525e-14,1.694211329687533e-14,1.7175376596180138e-14
1787945882700703851,2.5831439123727937e-16,1.719961642615525e-14,1.6942065122128188e-14,1.7175376596180138e-14
1787945882800655932,2.583589172498769e-16,1.719961642615525e-14,1.6942020598121092e-14,1.7175376596180138e-14
1787945882900607372,2.584049333344766e-16,1.719961642615525e-14,1.694197458410912e-14,1.7175376596180138e-14
1787945883000673679,2.5845752944743046e-16,1.719961642615525e-14,1.6941921990365177e-14,1.7175376596180138e-14
1787945883100746423,2.58506563954291e-16,1.719961642615525e-14,1.694187295806692e-14,1.7175376596180138e-14
1787945883200607858,2.5855583822769896e-16,1.719961642615525e-14,1.6941823686012933e-14,1.7175376596180138e-14
1787945883300678588,2.5860880588198425e-16,1.719961642615525e-14,1.6941770720744437e-14,1.7175376596180138e-14
1787945883400697450,2.586506466954342e-16,1.719961642615525e-14,1.694172888181561e-14,1.7175376596180138e-14
1787945883500552053,2.58693480961325e-16,1.719961642615525e-14,1.69416860494791e-14,1.7175376596180138e-14
1787945883600770891,2.587505838097118e-16,1.719961642615525e-14,1.6941628949202806e-14,1.7175376596180138e-14
1787945883700786367,2.5879903616818394e-16,1.719961642615525e-14,1.6941580499026793e-14,1.7175376596180138e-14
1787945883800778759,2.588499771009202e-16,1.719961642615525e-14,1.6941529560388622e-14,1.7175376596180138e-14
1787945883900568209,2.588942681619685e-16,1.719961642615525e-14,1.6941485271322618e-14,1.7175376596180138e-14
1787945884000587312,2.5893649736835614e-16,1.719961642615525e-14,1.694144304401841e-14,1.7175376596180138e-14
1787945884100815022,2.5898270995541173e-16,1.719961642615525e-14,1.6941396833512972e-14,1.7175376596180138e-14
1787945884200608344,2.590385381242468e-16,1.719961642615525e-14,1.69413410078589e-14,1.7175376596180138e-14
1787945884300602314,2.590808747070201e-16,1.719961642615525e-14,1.6941298673183176e-14,1.7175376596180138e-14
1787945884400660905,2.591309747495154e-16,1.719961642615525e-14,1.694124857539745e-14,1.7175376596180138e-14
1787945884500568813,2.5917298431602317e-16,1.719961642615525e-14,1.694120656772328e-14,1.7175376596180138e-14
1787945884601217747,2.592261171153588e-16,1.719961642615525e-14,1.6941153437317348e-14,1.7175376596180138e-14
1787945884700536926,2.592703638487582e-16,1.719961642615525e-14,1.6941109192577085e-14,1.7175376596180138e-14
1787945884801963303,2.5932588006098276e-16,1.719961642615525e-14,1.694105367886565e-14,1.7175376596180138e-14
1787945884900734250,2.593606342934166e-16,1.719961642615525e-14,1.6941018926198772e-14,1.7175376596180138e-14
1787945885000787080,2.594134899264001e-16,1.719961642615525e-14,1.694096607294676e-14,1.7175376596180138e-14
1787945885101086200,2.5946142029790047e-16,1.719961642615525e-14,1.6940918144734377e-14,1.7175376596180138e-14
1787945885201488474,2.595095251887868e-16,1.719961642615525e-14,1.6940870042010484e-14,1.7175376596180138e-14
1787945885300969833,2.595493815152221e-16,1.719961642615525e-14,1.694083018747947e-14,1.7175376596180138e-14
1787945885401995270,2.5959866410624304e-16,1.719961642615525e-14,1.694078090710852e-14,1.7175376596180138e-14
1787945885500749690,2.596508663400461e-16,1.719961642615525e-14,1.694072870722632e-14,1.7175376596180138e-14
1787945885600892815,2.5970352442954975e-16,1.719961642615525e-14,1.694067605150897e-14,1.7175376596180138e-14
1787945885700584982,2.5974958036212015e-16,1.719961642615525e-14,1.6940629997651146e-14,1.7175376596180138e-14
1787945885801382049,2.5979643740876474e-16,1.719961642615525e-14,1.6940583142715355e-14,1.7175376596180138e-14
1787945885900738473,2.5984546865357255e-16,1.719961642615525e-14,1.6940534113679353e-14,1.7175376596180138e-14
1787945886000625316,2.598966923575539e-16,1.719961642615525e-14,1.6940482892282962e-14,1.7175376596180138e-14
1787945886100561887,2.5995928004417904e-16,1.719961642615525e-14,1.6940420307415887e-14,1.7175376596180138e-14
1787945886200659902,2.60017698839581e-16,1.719961642615525e-14,1.6940361891252245e-14,1.7175376596180138e-14
1787945886300513617,2.6006412357356985e-16,1.719961642615525e-14,1.6940315468609696e-14,1.7175376596180138e-14
1787945886400681023,2.6010520008694847e-16,1.719961642615525e-14,1.694027439394683e-14,1.7175376596180138e-14
1787945886500937026,2.601559414790004e-16,1.719961642615525e-14,1.694022365484071e-14,1.7175376596180138e-14
1787945886600867777,2.602117163677766e-16,1.719961642615525e-14,1.6940167882464647e-14,1.7175376596180138e-14
1787945886700559787,2.6025951401575205e-16,1.719961642615525e-14,1.694012008697001e-14,1.7175376596180138e-14
1787945886800740558,2.603054399197968e-16,1.719961642615525e-14,1.6940074163134994e-14,1.7175376596180138e-14
1787945886900589765,2.6034325924229714e-16,1.719961642615525e-14,1.6940036345516316e-14,1.7175376596180138e-14
1787945887000800412,2.603908412006498e-16,1.719961642615525e-14,1.6939988765701622e-14,1.7175376596180138e-14
1787945887100456250,2.604444144933407e-16,1.719961642615525e-14,1.6939935194822527e-14,1.7175376596180138e-14
1787945887200752433,2.6049553575596364e-16,1.719961642615525e-14,1.693988407586304e-14,1.7175376596180138e-14
1787945887300538536,2.6054560310725706e-16,1.719961642615525e-14,1.6939834010767415e-14,1.7175376596180138e-14
1787945887400829279,2.6059229801879363e-16,1.719961642615525e-14,1.6939787317959626e-14,1.7175376596180138e-14
1787945887500531233,2.606428709716034e-16,1.719961642615525e-14,1.693973674728529e-14,1.7175376596180138e-14
1787945887600618583,2.606862427130575e-16,1.719961642615525e-14,1.6939693377497885e-14,1.7175376596180138e-14
1787945887700528739,2.6072706035850956e-16,1.719961642615525e-14,1.6939652561691417e-14,1.7175376596180138e-14
1787945887800685209,2.60779605031185e-16,1.719961642615525e-14,1.6939600019386084e-14,1.7175376596180138e-14
1787945887900595235,2.60829947325123e-16,1.719961642615525e-14,1.6939549679360282e-14,1.7175376596180138e-14
1787945888000579220,2.6087662432751095e-16,1.719961642615525e-14,1.69395030044609e-14,1.7175376596180138e-14
1787945888100448855,2.609214568583513e-16,1.719961642615525e-14,1.6939458173949978e-14,1.7175376596180138e-14
1787945888200895256,2.6096367697334653e-16,1.719961642615525e-14,1.693941595573721e-14,1.7175376596180138e-14
1787945888300633994,2.6100977705482234e-16,1.719961642615525e-14,1.693936985773278e-14,1.7175376596180138e-14
1787945888400581485,2.6105981366030566e-16,1.719961642615525e-14,1.6939319823381718e-14,1.7175376596180138e-14
1787945888500426514,2.6110113283115595e-16,1.719961642615525e-14,1.6939278506072533e-14,1.7175376596180138e-14
1787945888600548083,2.61152928897041e-16,1.719961642615525e-14,1.6939226712340364e-14,1.7175376596180138e-14
1787945888700509280,2.6119607513688265e-16,1.719961642615525e-14,1.693918356804453e-14,1.7175376596180138e-14
1787945888800579232,2.612455469567244e-16,1.719961642615525e-14,1.6939134098453712e-14,1.7175376596180138e-14
1787945888901350866,2.61287526477174e-16,1.719961642615525e-14,1.693909212082472e-14,1.7175376596180138e-14
1787945889000626351,2.613208046907523e-16,1.719961642615525e-14,1.6939058844110556e-14,1.7175376596180138e-14
1787945889100571723,2.613696756963125e-16,1.719961642615525e-14,1.693900997530698e-14,1.7175376596180138e-14
1787945889200723945,2.6142203658377503e-16,1.719961642615525e-14,1.6938957616778762e-14,1.7175376596180138e-14
1787945889300518032,2.6147688712573094e-16,1.719961642615525e-14,1.6938902768708245e-14,1.7175376596180138e-14
1787945889400589732,2.6151355693504487e-16,1.719961642615525e-14,1.6938866100551193e-14,1.7175376596180138e-14
1787945889500853704,2.6157132919662177e-16,1.719961642615525e-14,1.693880833089273e-14,1.7175376596180138e-14
1787945889600550548,2.616177699181126e-16,1.719961642615525e-14,1.693876189226378e-14,1.7175376596180138e-14
1787945889700615095,2.6166257597086835e-16,1.719961642615525e-14,1.693871708822993e-14,1.7175376596180138e-14
1787945889800565116,2.617094201730326e-16,1.719961642615525e-14,1.6938670246138513e-14,1.7175376596180138e-14
1787945889900683303,2.617551969238698e-16,1.719961642615525e-14,1.6938624471450338e-14,1.7175376596180138e-14
1787945890000757999,2.617915950095987e-16,1.719961642615525e-14,1.6938588075004684e-14,1.7175376596180138e-14
1787945890100616532,2.618368424593923e-16,1.719961642615525e-14,1.693854282959372e-14,1.7175376596180138e-14
1787945890200845423,2.618801913412564e-16,1.719961642615525e-14,1.693849948266515e-14,1.7175376596180138e-14
1787945890300606423,2.6193097798888606e-16,1.719961642615525e-14,1.693844869830597e-14,1.7175376596180138e-14
1787945890401392032,2.6198175111725507e-16,1.719961642615525e-14,1.6938397927465457e-14,1.7175376596180138e-14
1787945890500504300,2.6204120423969753e-16,1.719961642615525e-14,1.693833847702201e-14,1.7175376596180138e-14
1787945890600699367,2.620837858096896e-16,1.719961642615525e-14,1.6938295897370783e-14,1.7175376596180138e-14
1787945890700507395,2.621324751964336e-16,1.719961642615525e-14,1.6938247210178036e-14,1.7175376596180138e-14
1787945890800661505,2.6217706827683205e-16,1.719961642615525e-14,1.6938202619107066e-14,1.7175376596180138e-14
1787945890900643782,2.622269770002898e-16,1.719961642615525e-14,1.6938152712632578e-14,1.7175376596180138e-14
1787945891001336436,2.6228194321678667e-16,1.719961642615525e-14,1.6938097748892968e-14,1.7175376596180138e-14
1787945891100576219,2.6232647028490487e-16,1.719961642615525e-14,1.6938053223831338e-14,1.7175376596180138e-14
1787945891201018326,2.623854720759994e-16,1.719961642615525e-14,1.6937994224699008e-14,1.7175376596180138e-14
1787945891300650187,2.6242329541017723e-16,1.719961642615525e-14,1.6937956403069253e-14,1.7175376596180138e-14
1787945891400699495,2.6246855766007035e-16,1.719961642615525e-14,1.6937911142859014e-14,1.7175376596180138e-14
1787945891500626301,2.6252690333156344e-16,1.719961642615525e-14,1.693785279981676e-14,1.7175376596180138e-14
1787945891600860747,2.6256976605376507e-16,1.719961642615525e-14,1.6937809939026105e-14,1.7175376596180138e-14
1787945891700727351,2.62605847763975e-16,1.719961642615525e-14,1.6937773858941874e-14,1.7175376596180138e-14
1787945891800775235,2.6264195101993237e-16,1.719961642615525e-14,1.6937737757312867e-14,1.7175376596180138e-14
1787945891900472199,2.626877117358573e-16,1.719961642615525e-14,1.6937691998659107e-14,1.7175376596180138e-14
1787945892000549690,2.6273266516220286e-16,1.719961642615525e-14,1.693764704725856e-14,1.7175376596180138e-14
1787945892101042357,2.627799831227791e-16,1.719961642615525e-14,1.693759973143035e-14,1.7175376596180138e-14
1787945892200523098,2.628197251081938e-16,1.719961642615525e-14,1.69375599912359e-14,1.7175376596180138e-14
1787945892300520543,2.6286661519313325e-16,1.719961642615525e-14,1.6937513103264065e-14,1.7175376596180138e-14
1787945892400733093,2.629100386909599e-16,1.719961642615525e-14,1.693746968172313e-14,1.7175376596180138e-14
1787945892500869128,2.6294947503130916e-16,1.719961642615525e-14,1.6937430247160005e-14,1.7175376596180138e-14
1787945892600622994,2.629895756026239e-16,1.719961642615525e-14,1.693739014839585e-14,1.7175376596180138e-14
1787945892700586094,2.6303812698129755e-16,1.719961642615525e-14,1.6937341599205192e-14,1.7175376596180138e-14
1787945892800551959,2.6308884043650037e-16,1.719961642615525e-14,1.6937290888035454e-14,1.7175376596180138e-14
1787945892900691531,2.631449464019137e-16,1.719961642615525e-14,1.6937234784598542e-14,1.7175376596180138e-14
1787945893000593005,2.6319445452763436e-16,1.719961642615525e-14,1.6937185278703996e-14,1.7175376596180138e-14
1787945893100589653,2.632394054765106e-16,1.719961642615525e-14,1.6937140329780924e-14,1.7175376596180138e-14
1787945893200829048,2.6328473240881926e-16,1.719961642615525e-14,1.693709500489138e-14,1.7175376596180138e-14
1787945893300601804,2.633356407678555e-16,1.719961642615525e-14,1.6937044098826658e-14,1.7175376596180138e-14
1787945893400653716,2.6338430942402407e-16,1.719961642615525e-14,1.693699543236388e-14,1.7175376596180138e-14
1787945893503895615,2.6343364583183303e-16,1.719961642615525e-14,1.693694609817957e-14,1.7175376596180138e-14
1787945893601030914,2.6346825954521857e-16,1.719961642615525e-14,1.693691148602616e-14,1.7175376596180138e-14
1787945893701144723,2.6352118410333166e-16,1.719961642615525e-14,1.6936858563853282e-14,1.7175376596180138e-14
1787945893801057112,2.635634374194448e-16,1.719961642615525e-14,1.6936816312441473e-14,1.7175376596180138e-14
1787945893900929556,2.636105783089012e-16,1.719961642615525e-14,1.6936769173676613e-14,1.7175376596180138e-14
1787945894000548332,2.636538931196235e-16,1.719961642615525e-14,1.6936725860818056e-14,1.7175376596180138e-14
1787945894100515650,2.6370152437356733e-16,1.719961642615525e-14,1.693667823171083e-14,1.7175376596180138e-14
1787945894200758085,2.637408341939333e-16,1.719961642615525e-14,1.693663892366215e-14,1.7175376596180138e-14
1787945894300714602,2.6378673479641856e-16,1.719961642615525e-14,1.69365930251284e-14,1.7175376596180138e-14
1787945894400682932,2.638266447450766e-16,1.719961642615525e-14,1.6936553116978493e-14,1.7175376596180138e-14
1787945894500468637,2.638781314881e-16,1.719961642615525e-14,1.6936501632556e-14,1.7175376596180138e-14
1787945894600453578,2.6391736471424523e-16,1.719961642615525e-14,1.6936462401098124e-14,1.7175376596180138e-14
1787945894700561089,2.639671589325398e-16,1.719961642615525e-14,1.6936412609124098e-14,1.7175376596180138e-14
1787945894800812171,2.6401270088665454e-16,1.719961642615525e-14,1.6936367069222613e-14,1.7175376596180138e-14
1787945894900590933,2.6406843201405483e-16,1.719961642615525e-14,1.6936311340607095e-14,1.7175376596180138e-14
1787945895000566075,2.641153864122863e-16,1.719961642615525e-14,1.693626438832518e-14,1.7175376596180138e-14
1787945895100630931,2.641697543758388e-16,1.719961642615525e-14,1.69362100228121e-14,1.7175376596180138e-14
1787945895201077797,2.642033300938921e-16,1.719961642615525e-14,1.6936176448607377e-14,1.7175376596180138e-14
1787945895300679651,2.6424592428240587e-16,1.719961642615525e-14,1.6936133856338685e-14,1.7175376596180138e-14
1787945895400597780,2.6429051578499865e-16,1.719961642615525e-14,1.693608926684595e-14,1.7175376596180138e-14
1787945895500786830,2.6434008784108295e-16,1.719961642615525e-14,1.6936039697024222e-14,1.7175376596180138e-14
1787945895600877384,2.643859757296656e-16,1.719961642615525e-14,1.6935993811203952e-14,1.7175376596180138e-14
1787945895700718569,2.6443620261323567e-16,1.719961642615525e-14,1.693594358658428e-14,1.7175376596180138e-14
1787945895800448925,2.644676928309917e-16,1.719961642615525e-14,1.6935912097785903e-14,1.7175376596180138e-14
1787945895900630511,2.645104252006684e-16,1.719961642615525e-14,1.6935869367342336e-14,1.7175376596180138e-14
1787945896001293523,2.6456576523159694e-16,1.719961642615525e-14,1.693581402980581e-14,1.7175376596180138e-14
1787945896100525385,2.6461494118412693e-16,1.719961642615525e-14,1.6935764856069854e-14,1.7175376596180138e-14
1787945896200620794,2.6466015856625883e-16,1.719961642615525e-14,1.693571964072588e-14,1.7175376596180138e-14
1787945896300995488,2.6471098668115857e-16,1.719961642615525e-14,1.693566881490205e-14,1.7175376596180138e-14
1787945896400640729,2.647552303742039e-16,1.719961642615525e-14,1.6935624573203295e-14,1.7175376596180138e-14
1787945896500491847,2.6480764902868665e-16,1.719961642615525e-14,1.6935572156911604e-14,1.7175376596180138e-14
1787945896600502455,2.648540657583446e-16,1.719961642615525e-14,1.693552574227421e-14,1.7175376596180138e-14
1787945896700555905,2.649045263112185e-16,1.719961642615525e-14,1.693547528399589e-14,1.7175376596180138e-14
1787945896800626827,2.649558172919998e-16,1.719961642615525e-14,1.6935423995327112e-14,1.7175376596180138e-14
1787945896900513753,2.650054722899389e-16,1.719961642615525e-14,1.693537434256744e-14,1.7175376596180138e-14
1787945897000577421,2.650553748747362e-16,1.719961642615525e-14,1.6935324442232092e-14,1.7175376596180138e-14
1787945897100520768,2.651103990184293e-16,1.719961642615525e-14,1.693526942056872e-14,1.7175376596180138e-14
1787945897200533004,2.651543690759498e-16,1.719961642615525e-14,1.693522545249325e-14,1.7175376596180138e-14
1787945897300807515,2.652001682818472e-16,1.719961642615525e-14,1.6935179655351863e-14,1.7175376596180138e-14
1787945897400708101,2.6525105501315744e-16,1.719961642615525e-14,1.6935128770914413e-14,1.7175376596180138e-14
1787945897500525471,2.6531058805191456e-16,1.719961642615525e-14,1.693506924055929e-14,1.7175376596180138e-14
1787945897600696576,2.653630221991583e-16,1.719961642615525e-14,1.693501680877569e-14,1.7175376596180138e-14
1787945897700543652,2.654190756530196e-16,1.719961642615525e-14,1.693496075784864e-14,1.7175376596180138e-14
1787945897800542553,2.6546455296429015e-16,1.719961642615525e-14,1.6934915282587437e-14,1.7175376596180138e-14
1787945897900722065,2.655122947561566e-16,1.719961642615525e-14,1.693486754294773e-14,1.7175376596180138e-14
1787945898000606130,2.655729556542352e-16,1.719961642615525e-14,1.693480688478421e-14,1.7175376596180138e-14
1787945898100618832,2.656143480427541e-16,1.719961642615525e-14,1.6934765494261646e-14,1.7175376596180138e-14
1787945898200549100,2.656545029251857e-16,1.719961642615525e-14,1.6934725341189395e-14,1.7175376596180138e-14
1787945898300577632,2.6570816835383323e-16,1.719961642615525e-14,1.6934671678179995e-14,1.7175376596180138e-14
1787945898400528267,2.6575553364116527e-16,1.719961642615525e-14,1.693462431502791e-14,1.7175376596180138e-14
1787945898500654924,2.657977372243157e-16,1.719961642615525e-14,1.6934582113347327e-14,1.7175376596180138e-14
1787945898600502395,2.658438493617767e-16,1.719961642615525e-14,1.6934536003288642e-14,1.7175376596180138e-14
1787945898700786608,2.6589526542599643e-16,1.719961642615525e-14,1.693448458954232e-14,1.7175376596180138e-14
1787945898800622848,2.659468359211099e-16,1.719961642615525e-14,1.6934433021372082e-14,1.7175376596180138e-14
1787945898900649747,2.6598937088387015e-16,1.719961642615525e-14,1.6934390488326867e-14,1.7175376596180138e-14
1787945899000544938,2.6603226289841617e-16,1.719961642615525e-14,1.6934347598245977e-14,1.7175376596180138e-14
1787945899100456295,2.660829579710472e-16,1.719961642615525e-14,1.693429690545879e-14,1.7175376596180138e-14
1787945899200538543,2.661256766745131e-16,1.719961642615525e-14,1.6934254188681185e-14,1.7175376596180138e-14
1787945899300446943,2.6618424677729336e-16,1.719961642615525e-14,1.6934195621218903e-14,1.7175376596180138e-14
1787945899400605826,2.662346379289469e-16,1.719961642615525e-14,1.6934145232339033e-14,1.7175376596180138e-14
1787945899500491313,2.662783438429869e-16,1.719961642615525e-14,1.6934101528395402e-14,1.7175376596180138e-14
1787945899600759512,2.6632229149587837e-16,1.719961642615525e-14,1.6934057582723822e-14,1.7175376596180138e-14
1787945899700636273,2.663674803811113e-16,1.719961642615525e-14,1.693401239587587e-14,1.7175376596180138e-14
1787945899800728019,2.6640954265933423e-16,1.719961642615525e-14,1.693397033549398e-14,1.7175376596180138e-14
1787945899900544366,2.6645589861481946e-16,1.719961642615525e-14,1.6933923981628415e-14,1.7175376596180138e-14
1787945900000558887,2.6651514039907307e-16,1.719961642615525e-14,1.6933864742515045e-14,1.7175376596180138e-14
1787945900100516936,2.6656444250375264e-16,1.719961642615525e-14,1.693381544263314e-14,1.7175376596180138e-14
1787945900200578610,2.6661246868580867e-16,1.719961642615525e-14,1.6933767418616345e-14,1.7175376596180138e-14
1787945900300613714,2.666524438854942e-16,1.719961642615525e-14,1.6933727445218947e-14,1.7175376596180138e-14
1787945900400653197,2.6669092908395774e-16,1.719961642615525e-14,1.693368896175561e-14,1.7175376596180138e-14
1787945900500549389,2.6674576554635803e-16,1.719961642615525e-14,1.693363412776555e-14,1.7175376596180138e-14
1787945900600584684,2.667918473100119e-16,1.719961642615525e-14,1.6933588048079533e-14,1.7175376596180138e-14
1787945900700959728,2.668401716802402e-16,1.719961642615525e-14,1.693353972588807e-14,1.7175376596180138e-14
1787945900800853807,2.6688581505487913e-16,1.719961642615525e-14,1.693349408457133e-14,1.7175376596180138e-14
1787945900901067667,2.669221340577634e-16,1.719961642615525e-14,1.6933457767205947e-14,1.7175376596180138e-14
1787945901000733787,2.669666335183215e-16,1.719961642615525e-14,1.6933413269751732e-14,1.7175376596180138e-14
1787945901100900083,2.670314142438748e-16,1.719961642615525e-14,1.693334849194696e-14,1.7175376596180138e-14
1787945901201360493,2.6706708556015366e-16,1.719961642615525e-14,1.693331282223901e-14,1.7175376596180138e-14
1787945901300608590,2.671139530469846e-16,1.719961642615525e-14,1.6933265956865328e-14,1.7175376596180138e-14
1787945901400672534,2.6715927798559306e-16,1.719961642615525e-14,1.6933220633970327e-14,1.7175376596180138e-14
1787945901500877222,2.6719799537555153e-16,1.719961642615525e-14,1.6933181918326064e-14,1.7175376596180138e-14
1787945901600891372,2.6724719700750907e-16,1.719961642615525e-14,1.6933132718912528e-14,1.7175376596180138e-14
1787945901701778334,2.6730431268069637e-16,1.719961642615525e-14,1.6933075605814607e-14,1.7175376596180138e-14
1787945901801091675,2.67358759883332e-16,1.719961642615525e-14,1.693302116106694e-14,1.7175376596180138e-14
1787945901900872124,2.674073019417636e-16,1.719961642615525e-14,1.6932972621197234e-14,1.7175376596180138e-14
1787945902000688031,2.674596068974056e-16,1.719961642615525e-14,1.6932920318599994e-14,1.7175376596180138e-14
1787945902100745947,2.6750164801365604e-16,1.719961642615525e-14,1.6932878279379368e-14,1.7175376596180138e-14
1787945902200678949,2.6754397912158275e-16,1.719961642615525e-14,1.693283595018015e-14,1.7175376596180138e-14
1787945902300588106,2.676000058152823e-16,1.719961642615525e-14,1.693277992601271e-14,1.7175376596180138e-14
1787945902400651894,2.6764473406605217e-16,1.719961642615525e-14,1.6932735199778756e-14,1.7175376596180138e-14
1787945902500649197,2.677062803648998e-16,1.719961642615525e-14,1.6932673656255083e-14,1.7175376596180138e-14
1787945902600538697,2.677527898198978e-16,1.719961642615525e-14,1.6932627148897247e-14,1.7175376596180138e-14
1787945902700579421,2.6780247509621246e-16,1.719961642615525e-14,1.6932577465861306e-14,1.7175376596180138e-14
1787945902800651054,2.6785598014032505e-16,1.719961642615525e-14,1.6932523963229824e-14,1.7175376596180138e-14
1787945902900561503,2.6790112141259623e-16,1.719961642615525e-14,1.6932478823993058e-14,1.7175376596180138e-14
1787945903000502961,2.679521053847786e-16,1.719961642615525e-14,1.693242784231985e-14,1.7175376596180138e-14
1787945903100502182,2.6799719147481636e-16,1.719961642615525e-14,1.693238275826285e-14,1.7175376596180138e-14
1787945903200573750,2.680433478585373e-16,1.719961642615525e-14,1.693233660396044e-14,1.7175376596180138e-14
1787945903300645147,2.680993759804815e-16,1.719961642615525e-14,1.693228057836497e-14,1.7175376596180138e-14
1787945903400719359,2.6814931410715357e-16,1.719961642615525e-14,1.6932230642490168e-14,1.7175376596180138e-14
1787945903500637228,2.682042556835023e-16,1.719961642615525e-14,1.6932175703391325e-14,1.7175376596180138e-14
1787945903600656487,2.6825047521637487e-16,1.719961642615525e-14,1.6932129485942665e-14,1.7175376596180138e-14
1787945903700557062,2.683047883610334e-16,1.719961642615525e-14,1.69320751752472e-14,1.7175376596180138e-14
1787945903800494197,2.6836039995086887e-16,1.719961642615525e-14,1.693201956616513e-14,1.7175376596180138e-14
1787945903900566516,2.6841164288234585e-16,1.719961642615525e-14,1.6931968325544432e-14,1.7175376596180138e-14
1787945904000507818,2.6846278187907626e-16,1.719961642615525e-14,1.6931917188853805e-14,1.7175376596180138e-14
1787945904100573820,2.6851207056865336e-16,1.719961642615525e-14,1.693186790238691e-14,1.7175376596180138e-14
1787945904200536808,2.685664030396447e-16,1.719961642615525e-14,1.693181357236606e-14,1.7175376596180138e-14
1787945904300933312,2.686191614114073e-16,1.719961642615525e-14,1.6931760816373473e-14,1.7175376596180138e-14
1787945904401220631,2.686665948731603e-16,1.719961642615525e-14,1.6931713385050778e-14,1.7175376596180138e-14
1787945904501438689,2.687197791068394e-16,1.719961642615525e-14,1.6931660203215505e-14,1.7175376596180138e-14
1787945904600681140,2.6876906233774157e-16,1.719961642615525e-14,1.6931610922207107e-14,1.7175376596180138e-14
1787945904700495038,2.6881708925879875e-16,1.719961642615525e-14,1.6931562897451906e-14,1.7175376596180138e-14
1787945904800665026,2.688651073829417e-16,1.719961642615525e-14,1.6931514881493237e-14,1.7175376596180138e-14
1787945904900634596,2.689114717811429e-16,1.719961642615525e-14,1.693146851918594e-14,1.7175376596180138e-14
1787945905000469763,2.6895424495702827e-16,1.719961642615525e-14,1.693142574793902e-14,1.7175376596180138e-14
1787945905100753120,2.690104096770333e-16,1.719961642615525e-14,1.693136958575192e-14,1.7175376596180138e-14
1787945905200459560,2.690665328190317e-16,1.719961642615525e-14,1.6931313465140963e-14,1.7175376596180138e-14
1787945905300792018,2.6911731012865184e-16,1.719961642615525e-14,1.6931262690121316e-14,1.7175376596180138e-14
1787945905400576615,2.691609252159613e-16,1.719961642615525e-14,1.6931219077000983e-14,1.7175376596180138e-14
1787945905500862706,2.692141316247847e-16,1.719961642615525e-14,1.6931165872991708e-14,1.7175376596180138e-14
1787945905600550722,2.6926493454159856e-16,1.719961642615525e-14,1.6931115072366062e-14,1.7175376596180138e-14
1787945905700964443,2.6932233574214277e-16,1.719961642615525e-14,1.6931057673754278e-14,1.7175376596180138e-14
1787945905800594690,2.6937415968061144e-16,1.719961642615525e-14,1.693100585215305e-14,1.7175376596180138e-14
1787945905900672449,2.694169582108924e-16,1.719961642615525e-14,1.6930963055552986e-14,1.7175376596180138e-14
1787945906000599604,2.694762677247556e-16,1.719961642615525e-14,1.6930903748713996e-14,1.7175376596180138e-14
1787945906100607927,2.695356954576329e-16,1.719961642615525e-14,1.693084432366134e-14,1.7175376596180138e-14
1787945906201286192,2.6959029877696026e-16,1.719961642615525e-14,1.693078972280467e-14,1.7175376596180138e-14
1787945906300729441,2.69635902585455e-16,1.719961642615525e-14,1.6930744121052954e-14,1.7175376596180138e-14
1787945906400591870,2.6969116438401346e-16,1.719961642615525e-14,1.6930688861746783e-14,1.7175376596180138e-14
1787945906500584273,2.6974336389043076e-16,1.719961642615525e-14,1.6930636664594647e-14,1.7175376596180138e-14
1787945906600488370,2.6979864818521046e-16,1.719961642615525e-14,1.69305813827933e-14,1.7175376596180138e-14
1787945906700924248,2.6984739700995045e-16,1.719961642615525e-14,1.693053263616724e-14,1.7175376596180138e-14
1787945906800597250,2.698969695801248e-16,1.719961642615525e-14,1.6930483065832912e-14,1.7175376596180138e-14
1787945906900617205,2.699435903368118e-16,1.719961642615525e-14,1.6930436447178947e-14,1.7175376596180138e-14
1787945907000768087,2.70003926821811e-16,1.719961642615525e-14,1.6930376113415307e-14,1.7175376596180138e-14
1787945907100613348,2.7006177693176975e-16,1.719961642615525e-14,1.6930318265914585e-14,1.7175376596180138e-14
1787945907200743456,2.7011302783832855e-16,1.719961642615525e-14,1.693026701731963e-14,1.7175376596180138e-14
1787945907300890415,2.701733000970047e-16,1.719961642615525e-14,1.693020674777947e-14,1.7175376596180138e-14
1787945907400460037,2.702210038723344e-16,1.719961642615525e-14,1.6930159046155778e-14,1.7175376596180138e-14
1787945907500844123,2.7027379935316907e-16,1.719961642615525e-14,1.693010625305626e-14,1.7175376596180138e-14
1787945907600638448,2.703273784575126e-16,1.719961642615525e-14,1.693005267636859e-14,1.7175376596180138e-14
1787945907700566275,2.703821713631745e-16,1.719961642615525e-14,1.6929997885934364e-14,1.7175376596180138e-14
1787945907800458484,2.704365349533854e-16,1.719961642615525e-14,1.6929943524796244e-14,1.7175376596180138e-14
1787945907900640099,2.7048745541570125e-16,1.719961642615525e-14,1.6929892606630727e-14,1.7175376596180138e-14
1787945908000565100,2.705454753652516e-16,1.719961642615525e-14,1.692983458929822e-14,1.7175376596180138e-14
1787945908100687207,2.705825062920033e-16,1.719961642615525e-14,1.6929797560041793e-14,1.7175376596180138e-14
1787945908200535539,2.7063874513151344e-16,1.719961642615525e-14,1.6929741323739017e-14,1.7175376596180138e-14
1787945908300777302,2.70695949917971e-16,1.719961642615525e-14,1.6929684121532877e-14,1.7175376596180138e-14
1787945908400525516,2.707522416947881e-16,1.719961642615525e-14,1.692962783229522e-14,1.7175376596180138e-14
1787945908500538678,2.7080207767657345e-16,1.719961642615525e-14,1.69295779985614e-14,1.7175376596180138e-14
1787945908600448065,2.708466353606048e-16,1.719961642615525e-14,1.6929533442887255e-14,1.7175376596180138e-14
1787945908700731526,2.7090120420569325e-16,1.719961642615525e-14,1.692947887650365e-14,1.7175376596180138e-14
1787945908800759907,2.709664922774575e-16,1.719961642615525e-14,1.692941359137691e-14,1.7175376596180138e-14
1787945908900639858,2.710211804958522e-16,1.719961642615525e-14,1.6929358905625416e-14,1.7175376596180138e-14
1787945909000897440,2.710695063433957e-16,1.719961642615525e-14,1.6929310581957793e-14,1.7175376596180138e-14
1787945909100731460,2.7111335443712533e-16,1.719961642615525e-14,1.6929266735842005e-14,1.7175376596180138e-14
1787945909200710553,2.711667374945081e-16,1.719961642615525e-14,1.692921335519269e-14,1.7175376596180138e-14
1787945909301118664,2.712148600264038e-16,1.719961642615525e-14,1.692916523483158e-14,1.7175376596180138e-14
1787945909401085274,2.7125718158804914e-16,1.719961642615525e-14,1.692912291517905e-14,1.7175376596180138e-14
1787945909500762499,2.713141322984831e-16,1.719961642615525e-14,1.6929065967037666e-14,1.7175376596180138e-14
1787945909600756840,2.7135611562155366e-16,1.719961642615525e-14,1.6929023985608475e-14,1.7175376596180138e-14
1787945909700733609,2.714129692247694e-16,1.719961642615525e-14,1.6928967134569958e-14,1.7175376596180138e-14
1787945909801425334,2.714611718199791e-16,1.719961642615525e-14,1.6928918934149207e-14,1.7175376596180138e-14
1787945909903171443,2.7150743701384254e-16,1.719961642615525e-14,1.6928872671042416e-14,1.7175376596180138e-14
1787945910000817935,2.715560846989342e-16,1.719961642615525e-14,1.6928824025551887e-14,1.7175376596180138e-14
1787945910100905528,2.7162424764730325e-16,1.719961642615525e-14,1.692875586567846e-14,1.7175376596180138e-14
1787945910201152530,2.7167412537289567e-16,1.719961642615525e-14,1.6928705990202947e-14,1.7175376596180138e-14
1787945910301511443,2.717373231880347e-16,1.719961642615525e-14,1.692864279523881e-14,1.7175376596180138e-14
1787945910401144239,2.717838230025526e-16,1.719961642615525e-14,1.6928596297522015e-14,1.7175376596180138e-14
1787945910501143084,2.7182787947930487e-16,1.719961642615525e-14,1.6928552243032775e-14,1.7175376596180138e-14
1787945910600627321,2.718867165144859e-16,1.719961642615525e-14,1.692849340865191e-14,1.7175376596180138e-14
1787945910700921502,2.719407975481845e-16,1.719961642615525e-14,1.6928439330057993e-14,1.7175376596180138e-14
1787945910801377838,2.7199793692622947e-16,1.719961642615525e-14,1.6928382193257714e-14,1.7175376596180138e-14
1787945910900756687,2.72060765600683e-16,1.719961642615525e-14,1.6928319367417713e-14,1.7175376596180138e-14
1787945911000856793,2.7211812348654646e-16,1.719961642615525e-14,1.692826201211951e-14,1.7175376596180138e-14
1787945911100941034,2.7216594245459236e-16,1.719961642615525e-14,1.69282141953088e-14,1.7175376596180138e-14
1787945911200712786,2.7222818216285507e-16,1.719961642615525e-14,1.692815195840847e-14,1.7175376596180138e-14
1787945911301613204,2.7228026340810286e-16,1.719961642615525e-14,1.6928099879512877e-14,1.7175376596180138e-14
1787945911400858836,2.723338753148339e-16,1.719961642615525e-14,1.6928046270024874e-14,1.7175376596180138e-14
1787945911500895548,2.723849532386527e-16,1.719961642615525e-14,1.6927995194405476e-14,1.7175376596180138e-14
1787945911600700122,2.724347407130136e-16,1.719961642615525e-14,1.6927945409177328e-14,1.7175376596180138e-14
1787945911700850398,2.724924630639508e-16,1.719961642615525e-14,1.692788768943061e-14,1.7175376596180138e-14
1787945911800585000,2.725489960721339e-16,1.719961642615525e-14,1.6927831158973003e-14,1.7175376596180138e-14
1787945911900851545,2.7260151252414413e-16,1.719961642615525e-14,1.6927778644890372e-14,1.7175376596180138e-14
1787945912000753032,2.726578074478453e-16,1.719961642615525e-14,1.6927722352506538e-14,1.7175376596180138e-14
1787945912100792684,2.727167769803815e-16,1.719961642615525e-14,1.692766338563456e-14,1.7175376596180138e-14
1787945912200583798,2.727721460402269e-16,1.719961642615525e-14,1.6927608019072847e-14,1.7175376596180138e-14
1787945912300833756,2.728301871998434e-16,1.719961642615525e-14,1.6927549980531938e-14,1.7175376596180138e-14
1787945912400798377,2.729040256842332e-16,1.719961642615525e-14,1.6927476145379025e-14,1.7175376596180138e-14
1787945912500906127,2.72947106099257e-16,1.719961642615525e-14,1.6927433066907738e-14,1.7175376596180138e-14
1787945912600591071,2.7299919602388643e-16,1.719961642615525e-14,1.6927380979333354e-14,1.7175376596180138e-14
1787945912700642776,2.730419542352756e-16,1.719961642615525e-14,1.6927338223051184e-14,1.7175376596180138e-14
1787945912800672119,2.730937367999605e-16,1.719961642615525e-14,1.6927286442822904e-14,1.7175376596180138e-14
1787945912900563371,2.731449952511319e-16,1.719961642615525e-14,1.69272351866845e-14,1.7175376596180138e-14
1787945913000560614,2.7319506212651497e-16,1.719961642615525e-14,1.6927185122068143e-14,1.7175376596180138e-14
1787945913100638042,2.732461862774812e-16,1.719961642615525e-14,1.6927134000223912e-14,1.7175376596180138e-14
1787945913200841347,2.7327956984414234e-16,1.719961642615525e-14,1.692710061816354e-14,1.7175376596180138e-14
1787945913301181128,2.733315721262262e-16,1.719961642615525e-14,1.6927048618227838e-14,1.7175376596180138e-14
1787945913400873813,2.7339449146157646e-16,1.719961642615525e-14,1.6926985701731477e-14,1.7175376596180138e-14
1787945913500796500,2.7344453537100073e-16,1.719961642615525e-14,1.6926935660080104e-14,1.7175376596180138e-14
1787945913600927258,2.7349467182861846e-16,1.719961642615525e-14,1.6926885525884728e-14,1.7175376596180138e-14
1787945913700990259,2.7353975111598634e-16,1.719961642615525e-14,1.6926840448631424e-14,1.7175376596180138e-14
1787945913800848875,2.735981331781357e-16,1.719961642615525e-14,1.69267820692036e-14,1.7175376596180138e-14
1787945913900656536,2.7366089349321885e-16,1.719961642615525e-14,1.6926719311720423e-14,1.7175376596180138e-14
1787945914000959799,2.737092458530452e-16,1.719961642615525e-14,1.692667096154239e-14,1.7175376596180138e-14
1787945914101144594,2.7376683708531607e-16,1.719961642615525e-14,1.6926613372908813e-14,1.7175376596180138e-14
1787945914200720964,2.7382264057399506e-16,1.719961642615525e-14,1.6926557571938178e-14,1.7175376596180138e-14
1787945914301215302,2.7386833288606907e-16,1.719961642615525e-14,1.692651188168791e-14,1.7175376596180138e-14
1787945914401016445,2.739232129864597e-16,1.719961642615525e-14,1.6926457004063925e-14,1.7175376596180138e-14
1787945914500710437,2.7397325840320457e-16,1.719961642615525e-14,1.692640696090544e-14,1.7175376596180138e-14
1787945914600758655,2.740284311258381e-16,1.719961642615525e-14,1.692635179067245e-14,1.7175376596180138e-14
1787945914700793198,2.740851459663455e-16,1.719961642615525e-14,1.6926295078391186e-14,1.7175376596180138e-14
1787945914801086988,2.7414123696172365e-16,1.719961642615525e-14,1.692623898992692e-14,1.7175376596180138e-14
1787945914900808722,2.7418750085716224e-16,1.719961642615525e-14,1.6926192728119156e-14,1.7175376596180138e-14
1787945915000797818,2.74240084283314e-16,1.719961642615525e-14,1.6926140147065866e-14,1.7175376596180138e-14
1787945915100650083,2.742943014999551e-16,1.719961642615525e-14,1.6926085932295828e-14,1.7175376596180138e-14
1787945915200624267,2.7435739016446844e-16,1.719961642615525e-14,1.6926022846478265e-14,1.7175376596180138e-14
1787945915300621524,2.744024163445836e-16,1.719961642615525e-14,1.6925977822330025e-14,1.7175376596180138e-14
1787945915400722256,2.744596482868764e-16,1.719961642615525e-14,1.6925920592970428e-14,1.7175376596180138e-14
1787945915500520579,2.745105200967364e-16,1.719961642615525e-14,1.6925869723456264e-14,1.7175376596180138e-14
1787945915600673319,2.745678234516823e-16,1.719961642615525e-14,1.6925812422687267e-14,1.7175376596180138e-14
1787945915700665627,2.746202445622738e-16,1.719961642615525e-14,1.692576000394232e-14,1.7175376596180138e-14
1787945915800573446,2.7467123795389775e-16,1.719961642615525e-14,1.6925709012851923e-14,1.7175376596180138e-14
1787945915900587896,2.7471336678298684e-16,1.719961642615525e-14,1.6925666885924028e-14,1.7175376596180138e-14
1787945916001522006,2.7475501434662853e-16,1.719961642615525e-14,1.6925625240239876e-14,1.7175376596180138e-14
1787945916100765770,2.748029975278973e-16,1.719961642615525e-14,1.6925577259224024e-14,1.7175376596180138e-14
1787945916200578505,2.748598258943477e-16,1.719961642615525e-14,1.6925520433422177e-14,1.7175376596180138e-14
1787945916300698218,2.748968394374329e-16,1.719961642615525e-14,1.6925483421549483e-14,1.7175376596180138e-14
1787945916400699588,2.749292095868567e-16,1.719961642615525e-14,1.6925451052860902e-14,1.7175376596180138e-14
1787945916500773856,2.7498299600651043e-16,1.719961642615525e-14,1.692539726886861e-14,1.7175376596180138e-14
1787945916601018564,2.7503395604843296e-16,1.719961642615525e-14,1.6925346311126506e-14,1.7175376596180138e-14
1787945916700909065,2.750699199240448e-16,1.719961642615525e-14,1.6925310348873946e-14,1.7175376596180138e-14
1787945916802556673,2.751138188960084e-16,1.719961642615525e-14,1.6925266451883158e-14,1.7175376596180138e-14
1787945916900941541,2.751613005445985e-16,1.719961642615525e-14,1.6925218972377442e-14,1.7175376596180138e-14
1787945917001181280,2.7520341056643555e-16,1.719961642615525e-14,1.6925176864256066e-14,1.7175376596180138e-14
1787945917101672797,2.7525322884870143e-16,1.719961642615525e-14,1.692512704822215e-14,1.7175376596180138e-14
1787945917201486970,2.752974095770224e-16,1.719961642615525e-14,1.692508286948776e-14,1.7175376596180138e-14
1787945917301327182,2.753535068556077e-16,1.719961642615525e-14,1.6925026774740932e-14,1.7175376596180138e-14
1787945917400638979,2.754160098396911e-16,1.719961642615525e-14,1.6924964274577728e-14,1.7175376596180138e-14
1787945917500633492,2.754661356127657e-16,1.719961642615525e-14,1.692491415106694e-14,1.7175376596180138e-14
1787945917601048535,2.7551996326587177e-16,1.719961642615525e-14,1.6924860325843204e-14,1.7175376596180138e-14
1787945917700755937,2.755682938864318e-16,1.719961642615525e-14,1.692481199740394e-14,1.7175376596180138e-14
1787945917800602942,2.756147965492989e-16,1.719961642615525e-14,1.6924765496839876e-14,1.7175376596180138e-14
1787945917900858956,2.7566602800412627e-16,1.719961642615525e-14,1.692471426769729e-14,1.7175376596180138e-14
1787945918000958055,2.75718998617311e-16,1.719961642615525e-14,1.6924661299474857e-14,1.7175376596180138e-14
1787945918100499189,2.7576311567346184e-16,1.719961642615525e-14,1.6924617184409872e-14,1.7175376596180138e-14
1787945918200658667,2.758005724586421e-16,1.719961642615525e-14,1.6924579729315268e-14,1.7175376596180138e-14
1787945918300542756,2.758452658272011e-16,1.719961642615525e-14,1.692453503796391e-14,1.7175376596180138e-14
1787945918400783317,2.7590257961083e-16,1.719961642615525e-14,1.692447772676711e-14,1.7175376596180138e-14
1787945918500576766,2.759520543141107e-16,1.719961642615525e-14,1.6924428254296857e-14,1.7175376596180138e-14
1787945918600881557,2.759943961302494e-16,1.719961642615525e-14,1.692438591439182e-14,1.7175376596180138e-14
1787945918700640561,2.7604133159720096e-16,1.719961642615525e-14,1.692433898104331e-14,1.7175376596180138e-14
1787945918800493802,2.7609827059021716e-16,1.719961642615525e-14,1.6924282044620268e-14,1.7175376596180138e-14
1787945918900517314,2.761568401451416e-16,1.719961642615525e-14,1.6924223477708926e-14,1.7175376596180138e-14
1787945919000547118,2.76217725657382e-16,1.719961642615525e-14,1.6924162594944828e-14,1.7175376596180138e-14
1787945919100720988,2.7626708691198735e-16,1.719961642615525e-14,1.6924113235918213e-14,1.7175376596180138e-14
1787945919200476190,2.763097224075443e-16,1.719961642615525e-14,1.692407060234708e-14,1.7175376596180138e-14
1787945919300750378,2.7636117885455375e-16,1.719961642615525e-14,1.6924019148222658e-14,1.7175376596180138e-14
1787945919400624665,2.7640317961462403e-16,1.719961642615525e-14,1.6923977149358385e-14,1.7175376596180138e-14
1787945919501327329,2.7644777033351377e-16,1.719961642615525e-14,1.6923932560652203e-14,1.7175376596180138e-14
1787945919601009995,2.7650883456223194e-16,1.719961642615525e-14,1.692387149917979e-14,1.7175376596180138e-14
1787945919700549802,2.765546878287576e-16,1.719961642615525e-14,1.6923825647982986e-14,1.7175376596180138e-14
1787945919800635195,2.7661442622586925e-16,1.719961642615525e-14,1.6923765912282362e-14,1.7175376596180138e-14
1787945919900871963,2.7664621284561136e-16,1.719961642615525e-14,1.692373412709742e-14,1.7175376596180138e-14
1787945920000490158,2.766965111383491e-16,1.719961642615525e-14,1.6923683831075085e-14,1.7175376596180138e-14
1787945920100646489,2.7675138313665114e-16,1.719961642615525e-14,1.6923628961553654e-14,1.7175376596180138e-14
1787945920200583118,2.7679841273040874e-16,1.719961642615525e-14,1.6923581934082777e-14,1.7175376596180138e-14
1787945920300595750,2.7684897976274287e-16,1.719961642615525e-14,1.6923531369333017e-14,1.7175376596180138e-14
1787945920400531677,2.7690194217182363e-16,1.719961642615525e-14,1.692347840931465e-14,1.7175376596180138e-14
1787945920500631602,2.769391886880447e-16,1.719961642615525e-14,1.6923441164479737e-14,1.7175376596180138e-14
1787945920600536331,2.7699677109047216e-16,1.719961642615525e-14,1.6923383584676596e-14,1.7175376596180138e-14
1787945920700543663,2.7704860001452455e-16,1.719961642615525e-14,1.6923331758092135e-14,1.7175376596180138e-14
1787945920800791777,2.7709363750646153e-16,1.719961642615525e-14,1.692328672263323e-14,1.7175376596180138e-14
1787945920900774452,2.7713977649367094e-16,1.719961642615525e-14,1.6923240585728786e-14,1.7175376596180138e-14
1787945921000893354,2.7718053460532185e-16,1.719961642615525e-14,1.6923199829457013e-14,1.7175376596180138e-14
1787945921100838363,2.772267724183707e-16,1.719961642615525e-14,1.6923153593731212e-14,1.7175376596180138e-14
1787945921200696629,2.772830665185611e-16,1.719961642615525e-14,1.692309730217224e-14,1.7175376596180138e-14
1787945921300550387,2.7733512371357156e-16,1.719961642615525e-14,1.6923045247327205e-14,1.7175376596180138e-14
1787945921400496177,2.7737922567126805e-16,1.719961642615525e-14,1.6923001147360376e-14,1.7175376596180138e-14
1787945921500450975,2.774310357465735e-16,1.719961642615525e-14,1.6922949339623913e-14,1.7175376596180138e-14
1787945921600632198,2.774768833541552e-16,1.719961642615525e-14,1.692290349408603e-14,1.7175376596180138e-14
1787945921700495023,2.7752317714993296e-16,1.719961642615525e-14,1.69228572023801e-14,1.7175376596180138e-14
1787945921801295322,2.7757492894631986e-16,1.719961642615525e-14,1.6922805452919966e-14,1.7175376596180138e-14
1787945921900466786,2.7761569554050994e-16,1.719961642615525e-14,1.692276468816613e-14,1.7175376596180138e-14
1787945922000675130,2.7767164302693476e-16,1.719961642615525e-14,1.692270874320539e-14,1.7175376596180138e-14
1787945922100430097,2.7772569683183926e-16,1.719961642615525e-14,1.6922654691840705e-14,1.7175376596180138e-14
1787945922200531075,2.7778382888496035e-16,1.719961642615525e-14,1.6922596562411928e-14,1.7175376596180138e-14
1787945922300467624,2.7783253485430824e-16,1.719961642615525e-14,1.6922547858641402e-14,1.7175376596180138e-14
1787945922400974516,2.7787170775214505e-16,1.719961642615525e-14,1.6922508687512027e-14,1.7175376596180138e-14
1787945922500439787,2.7792595778015133e-16,1.719961642615525e-14,1.692245443993315e-14,1.7175376596180138e-14
1787945922600492164,2.779800999941251e-16,1.719961642615525e-14,1.692240030016346e-14,1.7175376596180138e-14
1787945922700516998,2.7801922678290855e-16,1.719961642615525e-14,1.6922361175141087e-14,1.7175376596180138e-14
1787945922800681175,2.780687825648638e-16,1.719961642615525e-14,1.6922311621596382e-14,1.7175376596180138e-14
1787945922900432756,2.781139463308184e-16,1.719961642615525e-14,1.6922266459869407e-14,1.7175376596180138e-14
1787945923000536719,2.7817590778551777e-16,1.719961642615525e-14,1.6922204501212056e-14,1.7175376596180138e-14
1787945923100559004,2.7823325960505086e-16,1.719961642615525e-14,1.692214715198178e-14,1.7175376596180138e-14
1787945923200774273,2.782653204879011e-16,1.719961642615525e-14,1.6922115092546388e-14,1.7175376596180138e-14
1787945923300662255,2.7831511025738436e-16,1.719961642615525e-14,1.692206530502478e-14,1.7175376596180138e-14
1787945923400659032,2.783744899076901e-16,1.719961642615525e-14,1.6922005928055327e-14,1.7175376596180138e-14
1787945923500734246,2.784395738086541e-16,1.719961642615525e-14,1.6921940847092774e-14,1.7175376596180138e-14
1787945923600870596,2.78490952716789e-16,1.719961642615525e-14,1.692188947050431e-14,1.7175376596180138e-14
1787945923700723031,2.78530907826048e-16,1.719961642615525e-14,1.6921849517198967e-14,1.7175376596180138e-14
1787945923800805710,2.785752615509408e-16,1.719961642615525e-14,1.692180516547659e-14,1.7175376596180138e-14
1787945923900726824,2.7862183019704596e-16,1.719961642615525e-14,1.6921758598933016e-14,1.7175376596180138e-14
1787945924000934388,2.7867703105597164e-16,1.719961642615525e-14,1.6921703400566366e-14,1.7175376596180138e-14
1787945924100559150,2.787209504102869e-16,1.719961642615525e-14,1.692165948319499e-14,1.7175376596180138e-14
1787945924200779222,2.7877407365255896e-16,1.719961642615525e-14,1.6921606362351225e-14,1.7175376596180138e-14
1787945924300600985,2.788259319756386e-16,1.719961642615525e-14,1.6921554506369556e-14,1.7175376596180138e-14
1787945924400788075,2.7886918331200045e-16,1.719961642615525e-14,1.6921511256986007e-14,1.7175376596180138e-14
1787945924500566296,2.789212972780452e-16,1.719961642615525e-14,1.6921459145372936e-14,1.7175376596180138e-14
1787945924600697431,2.789717251732465e-16,1.719961642615525e-14,1.69214087197546e-14,1.7175376596180138e-14
1787945924701255439,2.790247402646367e-16,1.719961642615525e-14,1.69213557070569e-14,1.7175376596180138e-14
1787945924800895891,2.790734882357557e-16,1.719961642615525e-14,1.6921306961286825e-14,1.7175376596180138e-14
1787945924900653883,2.791299508877381e-16,1.719961642615525e-14,1.6921250501184226e-14,1.7175376596180138e-14
1787945925000958034,2.791750063566265e-16,1.719961642615525e-14,1.6921205447749684e-14,1.7175376596180138e-14
1787945925100960802,2.792249586751002e-16,1.719961642615525e-14,1.6921155497686668e-14,1.7175376596180138e-14
1787945925201450477,2.7928614638521993e-16,1.719961642615525e-14,1.6921094312739328e-14,1.7175376596180138e-14
1787945925300794376,2.793407485930767e-16,1.719961642615525e-14,1.6921039712996917e-14,1.7175376596180138e-14
1787945925400657091,2.7940023920300907e-16,1.719961642615525e-14,1.692098022507317e-14,1.7175376596180138e-14
1787945925500510298,2.7944558087920643e-16,1.719961642615525e-14,1.6920934885444306e-14,1.7175376596180138e-14
1787945925600663088,2.79499538546225e-16,1.719961642615525e-14,1.6920880930213674e-14,1.7175376596180138e-14
1787945925700665917,2.7955547906717314e-16,1.719961642615525e-14,1.6920824992218662e-14,1.7175376596180138e-14
1787945925800738998,2.7960536115317844e-16,1.719961642615525e-14,1.6920775112385048e-14,1.7175376596180138e-14
1787945925900572778,2.796607930706457e-16,1.719961642615525e-14,1.692071968297058e-14,1.7175376596180138e-14
1787945926000620091,2.7970291124513653e-16,1.719961642615525e-14,1.692067756669793e-14,1.7175376596180138e-14
1787945926100437526,2.797544066925729e-16,1.719961642615525e-14,1.6920626073575772e-14,1.7175376596180138e-14
1787945926200465637,2.7981128517462617e-16,1.719961642615525e-14,1.6920569197662085e-14,1.7175376596180138e-14
1787945926300652928,2.798608361581286e-16,1.719961642615525e-14,1.692051964891609e-14,1.7175376596180138e-14
1787945926401336382,2.799097038185273e-16,1.719961642615525e-14,1.6920470783462354e-14,1.7175376596180138e-14
1787945926500563246,2.799707732708144e-16,1.719961642615525e-14,1.6920409716767732e-14,1.7175376596180138e-14
1787945926600640820,2.800239245319352e-16,1.719961642615525e-14,1.6920356567906735e-14,1.7175376596180138e-14
1787945926700472241,2.8007825800455694e-16,1.719961642615525e-14,1.692030223688764e-14,1.7175376596180138e-14
1787945926800553052,2.8013841502326296e-16,1.719961642615525e-14,1.6920242082585447e-14,1.7175376596180138e-14
1787945926900487797,2.801933136303334e-16,1.719961642615525e-14,1.6920187186457454e-14,1.7175376596180138e-14
1787945927000893359,2.802558323901184e-16,1.719961642615525e-14,1.6920124670520872e-14,1.7175376596180138e-14
1787945927100547762,2.802973103762902e-16,1.719961642615525e-14,1.692008319440776e-14,1.7175376596180138e-14
1787945927200721132,2.8033804362031333e-16,1.719961642615525e-14,1.6920042463003178e-14,1.7175376596180138e-14
1787945927300439365,2.8036582060599153e-16,1.719961642615525e-14,1.6920014687271864e-14,1.7175376596180138e-14
1787945927400491126,2.804245430128445e-16,1.719961642615525e-14,1.6919955967516832e-14,1.7175376596180138e-14
1787945927500662222,2.8048265963910756e-16,1.719961642615525e-14,1.6919897853515057e-14,1.7175376596180138e-14
1787945927600466146,2.805325484644381e-16,1.719961642615525e-14,1.6919847966942665e-14,1.7175376596180138e-14
1787945927700467933,2.805722508015329e-16,1.719961642615525e-14,1.6919808266398506e-14,1.7175376596180138e-14
1787945927800504496,2.806236107976408e-16,1.719961642615525e-14,1.6919756908721796e-14,1.7175376596180138e-14
1787945927900628733,2.8067122309190996e-16,1.719961642615525e-14,1.6919709298577697e-14,1.7175376596180138e-14
1787945928000858529,2.807310958677322e-16,1.719961642615525e-14,1.6919649428505746e-14,1.7175376596180138e-14
1787945928100696953,2.807899236141272e-16,1.719961642615525e-14,1.6919590603416045e-14,1.7175376596180138e-14
1787945928200561798,2.808410778352944e-16,1.719961642615525e-14,1.6919539451505047e-14,1.7175376596180138e-14
1787945928300558400,2.8088734424366136e-16,1.719961642615525e-14,1.691949318718612e-14,1.7175376596180138e-14
1787945928400514176,2.8092798158041304e-16,1.719961642615525e-14,1.6919452551684607e-14,1.7175376596180138e-14
1787945928500591961,2.809809823328097e-16,1.719961642615525e-14,1.6919399553325807e-14,1.7175376596180138e-14
1787945928600624280,2.8104493966217256e-16,1.719961642615525e-14,1.691933559888488e-14,1.7175376596180138e-14
1787945928700605253,2.810935084506304e-16,1.719961642615525e-14,1.69192870322899e-14,1.7175376596180138e-14
1787945928800510734,2.811390534509114e-16,1.719961642615525e-14,1.691924148934654e-14,1.7175376596180138e-14
1787945928900592777,2.811885140470304e-16,1.719961642615525e-14,1.6919192030984196e-14,1.7175376596180138e-14
1787945929000514338,2.812313671092205e-16,1.719961642615525e-14,1.6919149179857378e-14,1.7175376596180138e-14
1787945929100521195,2.8128695629524555e-16,1.719961642615525e-14,1.691909359318194e-14,1.7175376596180138e-14
1787945929200756291,2.8134088433159603e-16,1.719961642615525e-14,1.691903966758117e-14,1.7175376596180138e-14
1787945929300770902,2.81391297106684e-16,1.719961642615525e-14,1.6918989257082913e-14,1.7175376596180138e-14
1787945929400498314,2.814380002150596e-16,1.719961642615525e-14,1.691894255608384e-14,1.7175376596180138e-14
1787945929500619115,2.814912012407359e-16,1.719961642615525e-14,1.691888935746095e-14,1.7175376596180138e-14
1787945929600497620,2.815450199430962e-16,1.719961642615525e-14,1.691883554118929e-14,1.7175376596180138e-14
1787945929700470954,2.815964126935569e-16,1.719961642615525e-14,1.6918784150759978e-14,1.7175376596180138e-14
1787945929800760192,2.8164528405876204e-16,1.719961642615525e-14,1.6918735281602056e-14,1.7175376596180138e-14
1787945929900625081,2.816932386307761e-16,1.719961642615525e-14,1.691868732919593e-14,1.7175376596180138e-14
1787945930000699074,2.8174099032314123e-16,1.719961642615525e-14,1.6918639579660305e-14,1.7175376596180138e-14
1787945930100552899,2.8179035268918144e-16,1.719961642615525e-14,1.691859021952376e-14,1.7175376596180138e-14
1787945930200490500,2.818465577420946e-16,1.719961642615525e-14,1.6918534017009413e-14,1.7175376596180138e-14
1787945930300519364,2.819023760927348e-16,1.719961642615525e-14,1.6918478201179894e-14,1.7175376596180138e-14
1787945930400502872,2.8195324480090663e-16,1.719961642615525e-14,1.6918427334769298e-14,1.7175376596180138e-14
1787945930500510495,2.8200283307742274e-16,1.719961642615525e-14,1.691837774873254e-14,1.7175376596180138e-14
1787945930600529540,2.820541406085447e-16,1.719961642615525e-14,1.691832644351884e-14,1.7175376596180138e-14
1787945930700677968,2.8209533372875927e-16,1.719961642615525e-14,1.6918285252259222e-14,1.7175376596180138e-14
1787945930800576927,2.8213403123770893e-16,1.719961642615525e-14,1.691824655649815e-14,1.7175376596180138e-14
1787945930900686893,2.821907972241147e-16,1.719961642615525e-14,1.6918189793075754e-14,1.7175376596180138e-14
1787945931000604627,2.8223328890623765e-16,1.719961642615525e-14,1.691814730331291e-14,1.7175376596180138e-14
1787945931100614560,2.8228780588638304e-16,1.719961642615525e-14,1.691809278879522e-14,1.7175376596180138e-14
1787945931200632628,2.8232551160114266e-16,1.719961642615525e-14,1.6918055084783582e-14,1.7175376596180138e-14
1787945931300835895,2.823724774142827e-16,1.719961642615525e-14,1.691800812109184e-14,1.7175376596180138e-14
1787945931400684174,2.824312117916528e-16,1.719961642615525e-14,1.6917949389367463e-14,1.7175376596180138e-14
1787945931500825454,2.8247415007610395e-16,1.719961642615525e-14,1.691790645302252e-14,1.7175376596180138e-14
1787945931600751799,2.825294674542067e-16,1.719961642615525e-14,1.6917851138143092e-14,1.7175376596180138e-14
1787945931700603324,2.8257898042538105e-16,1.719961642615525e-14,1.6917801627408426e-14,1.7175376596180138e-14
1787945931800705651,2.826275095840575e-16,1.719961642615525e-14,1.6917753100441834e-14,1.7175376596180138e-14
1787945931900685357,2.8267740692835595e-16,1.719961642615525e-14,1.6917703205351433e-14,1.7175376596180138e-14
1787945932000696202,2.827165151204532e-16,1.719961642615525e-14,1.6917664098925884e-14,1.7175376596180138e-14
1787945932100907138,2.8276027544213586e-16,1.719961642615525e-14,1.6917620340580906e-14,1.7175376596180138e-14
1787945932201018957,2.828029853003391e-16,1.719961642615525e-14,1.6917577632651962e-14,1.7175376596180138e-14
1787945932300849238,2.828478735363075e-16,1.719961642615525e-14,1.6917532746443666e-14,1.7175376596180138e-14
1787945932400706869,2.828985074037791e-16,1.719961642615525e-14,1.691748211486342e-14,1.7175376596180138e-14
1787945932500817246,2.829464414967086e-16,1.719961642615525e-14,1.6917434182935778e-14,1.7175376596180138e-14
1787945932600626787,2.829991387940523e-16,1.719961642615525e-14,1.6917381488018894e-14,1.7175376596180138e-14
1787945932700883009,2.8304022159328837e-16,1.719961642615525e-14,1.6917340407075475e-14,1.7175376596180138e-14
1787945932802034694,2.8308229750231357e-16,1.719961642615525e-14,1.691729833306714e-14,1.7175376596180138e-14
1787945932900761419,2.8313419869509825e-16,1.719961642615525e-14,1.6917246434218892e-14,1.7175376596180138e-14
1787945933000720792,2.831741675388166e-16,1.719961642615525e-14,1.6917206467180698e-14,1.7175376596180138e-14
1787945933101035288,2.832290934452811e-16,1.719961642615525e-14,1.6917151543755436e-14,1.7175376596180138e-14
1787945933200934523,2.8327812635917907e-16,1.719961642615525e-14,1.6917102513056547e-14,1.7175376596180138e-14
1787945933301338197,2.833198369809625e-16,1.719961642615525e-14,1.6917060804319002e-14,1.7175376596180138e-14
1787945933401126784,2.833812850170134e-16,1.719961642615525e-14,1.691699935905883e-14,1.7175376596180138e-14
1787945933500620997,2.834208284702371e-16,1.719961642615525e-14,1.6916959817391966e-14,1.7175376596180138e-14
1787945933600555659,2.8346844791327686e-16,1.719961642615525e-14,1.6916912200100128e-14,1.7175376596180138e-14
1787945933700604104,2.8350961505177636e-16,1.719961642615525e-14,1.6916871034821362e-14,1.7175376596180138e-14
1787945933800460669,2.835580505210511e-16,1.719961642615525e-14,1.6916822601540178e-14,1.7175376596180138e-14
1787945933900978708,2.8360935478912486e-16,1.719961642615525e-14,1.6916771299589808e-14,1.7175376596180138e-14
1787945934000486477,2.8364584167571524e-16,1.719961642615525e-14,1.6916734814351544e-14,1.7175376596180138e-14
1787945934100499331,2.836973816756148e-16,1.719961642615525e-14,1.691668327668002e-14,1.7175376596180138e-14
1787945934200756334,2.837515701959717e-16,1.719961642615525e-14,1.6916629090607702e-14,1.7175376596180138e-14
1787945934300549836,2.837991655645761e-16,1.719961642615525e-14,1.6916581497389302e-14,1.7175376596180138e-14
1787945934400515942,2.8385474454601735e-16,1.719961642615525e-14,1.6916525920918748e-14,1.7175376596180138e-14
1787945934500564412,2.838942219204416e-16,1.719961642615525e-14,1.69164864453278e-14,1.7175376596180138e-14
1787945934600521622,2.8393255310088156e-16,1.719961642615525e-14,1.691644811587906e-14,1.7175376596180138e-14
1787945934700587105,2.8397884586548626e-16,1.719961642615525e-14,1.6916401825205854e-14,1.7175376596180138e-14
1787945934800576805,2.8403436854040356e-16,1.719961642615525e-14,1.6916346305039335e-14,1.7175376596180138e-14
1787945934900881779,2.8408535306967427e-16,1.719961642615525e-14,1.6916295322813454e-14,1.7175376596180138e-14
1787945935000458472,2.8412789207593947e-16,1.719961642615525e-14,1.691625278572903e-14,1.7175376596180138e-14
1787945935100556922,2.841775058591517e-16,1.719961642615525e-14,1.6916203174187305e-14,1.7175376596180138e-14
1787945935200467900,2.8422456926112135e-16,1.719961642615525e-14,1.6916156112911608e-14,1.7175376596180138e-14
1787945935300794549,2.8427204654436296e-16,1.719961642615525e-14,1.6916108637773354e-14,1.7175376596180138e-14
1787945935400529125,2.84315410501591e-16,1.719961642615525e-14,1.6916065275775284e-14,1.7175376596180138e-14
1787945935500513150,2.8435904244039113e-16,1.719961642615525e-14,1.691602164580776e-14,1.7175376596180138e-14
1787945935600573789,2.8441083578468356e-16,1.719961642615525e-14,1.6915969854803485e-14,1.7175376596180138e-14
1787945935700834966,2.8446194406748e-16,1.719961642615525e-14,1.6915918748829772e-14,1.7175376596180138e-14
1787945935800491304,2.8451510323419204e-16,1.719961642615525e-14,1.6915865592064818e-14,1.7175376596180138e-14
1787945935900848421,2.84568845115699e-16,1.719961642615525e-14,1.691581185261141e-14,1.7175376596180138e-14
1787945936000556136,2.846176518278856e-16,1.719961642615525e-14,1.691576304810436e-14,1.7175376596180138e-14
1787945936100641417,2.846623372479094e-16,1.719961642615525e-14,1.691571836470328e-14,1.7175376596180138e-14
1787945936200533865,2.8471266904245614e-16,1.719961642615525e-14,1.69156680351828e-14,1.7175376596180138e-14
1787945936300708824,2.847535647673761e-16,1.719961642615525e-14,1.6915627141305622e-14,1.7175376596180138e-14
1787945936400528084,2.8480078841629455e-16,1.719961642615525e-14,1.6915579919790364e-14,1.7175376596180138e-14
1787945936500788835,2.8483997475052625e-16,1.719961642615525e-14,1.6915540735226657e-14,1.7175376596180138e-14
1787945936600731127,2.8489612615295903e-16,1.719961642615525e-14,1.6915484586361284e-14,1.7175376596180138e-14
1787945936700657488,2.8494315915227925e-16,1.719961642615525e-14,1.6915437555487047e-14,1.7175376596180138e-14
1787945936800643482,2.84994464802705e-16,1.719961642615525e-14,1.6915386252154765e-14,1.7175376596180138e-14
1787945936900612645,2.8503877281461885e-16,1.719961642615525e-14,1.6915341946144836e-14,1.7175376596180138e-14
1787945937000549516,2.850895850456213e-16,1.719961642615525e-14,1.6915291136209707e-14,1.7175376596180138e-14
1787945937100644200,2.8513708254247214e-16,1.719961642615525e-14,1.6915243640858975e-14,1.7175376596180138e-14
1787945937200555398,2.8519678804414695e-16,1.719961642615525e-14,1.6915183938055036e-14,1.7175376596180138e-14
1787945937301050244,2.852408535369911e-16,1.719961642615525e-14,1.6915139874553266e-14,1.7175376596180138e-14
1787945937400524842,2.8528449362501895e-16,1.719961642615525e-14,1.6915096236437102e-14,1.7175376596180138e-14
1787945937500612502,2.8533799081477127e-16,1.719961642615525e-14,1.6915042741664612e-14,1.7175376596180138e-14
1787945937600595375,2.8538100314836604e-16,1.719961642615525e-14,1.6914999731274532e-14,1.7175376596180138e-14
1787945937700583028,2.854362250926068e-16,1.719961642615525e-14,1.6914944511825517e-14,1.7175376596180138e-14
1787945937800565169,2.8547308649599263e-16,1.719961642615525e-14,1.6914907652087735e-14,1.7175376596180138e-14
1787945937900606062,2.85523435789597e-16,1.719961642615525e-14,1.691485730506921e-14,1.7175376596180138e-14
1787945938000799080,2.8557928364307575e-16,1.719961642615525e-14,1.691480145973928e-14,1.7175376596180138e-14
1787945938100688493,2.8562722207617657e-16,1.719961642615525e-14,1.6914753523472345e-14,1.7175376596180138e-14
1787945938200582184,2.8567142124330623e-16,1.719961642615525e-14,1.691470932630243e-14,1.7175376596180138e-14
1787945938300754038,2.8572942259760533e-16,1.719961642615525e-14,1.691465132756903e-14,1.7175376596180138e-14
1787945938400560966,2.8578098436324883e-16,1.719961642615525e-14,1.6914599768133322e-14,1.7175376596180138e-14
1787945938500625908,2.858269190289137e-16,1.719961642615525e-14,1.691455383554333e-14,1.7175376596180138e-14
1787945938600684149,2.858821210701639e-16,1.719961642615525e-14,1.691449863599654e-14,1.7175376596180138e-14
1787945938700582849,2.859273450726902e-16,1.719961642615525e-14,1.6914453414037594e-14,1.7175376596180138e-14
1787945938800564064,2.859842173977591e-16,1.719961642615525e-14,1.691439654428249e-14,1.7175376596180138e-14
1787945938900621122,2.860273104469742e-16,1.719961642615525e-14,1.691435345318059e-14,1.7175376596180138e-14
1787945939000618147,2.8607135453076856e-16,1.719961642615525e-14,1.6914309411087094e-14,1.7175376596180138e-14
1787945939100711449,2.8611602834084174e-16,1.719961642615525e-14,1.6914264739295787e-14,1.7175376596180138e-14
1787945939200544601,2.861674411580339e-16,1.719961642615525e-14,1.6914213328801904e-14,1.7175376596180138e-14
1787945939300773418,2.862159828515739e-16,1.719961642615525e-14,1.691416478930194e-14,1.7175376596180138e-14
1787945939400612801,2.86264129205754e-16,1.719961642615525e-14,1.691411664512349e-14,1.7175376596180138e-14
1787945939500893616,2.8630579649981187e-16,1.719961642615525e-14,1.6914074979712377e-14,1.7175376596180138e-14
1787945939600743299,2.863512185999374e-16,1.719961642615525e-14,1.691402955966489e-14,1.7175376596180138e-14
1787945939700662242,2.864034280337667e-16,1.719961642615525e-14,1.6913977352590432e-14,1.7175376596180138e-14
1787945939800487570,2.864554213946241e-16,1.719961642615525e-14,1.6913925361579202e-14,1.7175376596180138e-14
1787945939900775327,2.864993700428032e-16,1.719961642615525e-14,1.691388141491711e-14,1.7175376596180138e-14
1787945940000513871,2.8654501073810555e-16,1.719961642615525e-14,1.691383577628437e-14,1.7175376596180138e-14
1787945940100656451,2.8658313826605744e-16,1.719961642615525e-14,1.6913797650479463e-14,1.7175376596180138e-14
1787945940200769785,2.8663964134085846e-16,1.719961642615525e-14,1.6913741149958138e-14,1.7175376596180138e-14
1787945940300673134,2.8669162321064617e-16,1.719961642615525e-14,1.6913689170437522e-14,1.7175376596180138e-14
1787945940400694827,2.867459266406901e-16,1.719961642615525e-14,1.6913634869461575e-14,1.7175376596180138e-14
1787945940500978852,2.867911470517406e-16,1.719961642615525e-14,1.6913589651094156e-14,1.7175376596180138e-14
1787945940600797993,2.868359289876667e-16,1.719961642615525e-14,1.6913544871182056e-14,1.7175376596180138e-14
1787945940701054657,2.868855462681162e-16,1.719961642615525e-14,1.6913495256143968e-14,1.7175376596180138e-14
1787945940800654486,2.869378834549082e-16,1.719961642615525e-14,1.691344292132247e-14,1.7175376596180138e-14
1787945940901067323,2.8698482570641025e-16,1.719961642615525e-14,1.6913395981192462e-14,1.7175376596180138e-14
1787945941001328075,2.8702748433722457e-16,1.719961642615525e-14,1.691335332448956e-14,1.7175376596180138e-14
1787945941100860141,2.870765093593288e-16,1.719961642615525e-14,1.6913304301683097e-14,1.7175376596180138e-14
1787945941200772814,2.871184179231814e-16,1.719961642615525e-14,1.691326239501328e-14,1.7175376596180138e-14
1787945941301299361,2.8716680886658844e-16,1.719961642615525e-14,1.6913214006256884e-14,1.7175376596180138e-14
1787945941400841636,2.87219444860852e-16,1.719961642615525e-14,1.6913161372641502e-14,1.7175376596180138e-14
1787945941502628393,2.872660353184579e-16,1.719961642615525e-14,1.691311478428956e-14,1.7175376596180138e-14
1787945941601072263,2.873170243094274e-16,1.719961642615525e-14,1.6913063797603057e-14,1.7175376596180138e-14
1787945941700643924,2.873637290882058e-16,1.719961642615525e-14,1.6913017094935135e-14,1.7175376596180138e-14
1787945941800526029,2.8741508558246856e-16,1.719961642615525e-14,1.691296574076198e-14,1.7175376596180138e-14
1787945941900595756,2.874694666123071e-16,1.719961642615525e-14,1.691291136218996e-14,1.7175376596180138e-14
1787945942000543114,2.875147966695114e-16,1.719961642615525e-14,1.6912866034181516e-14,1.7175376596180138e-14
1787945942100727553,2.875675633163619e-16,1.719961642615525e-14,1.691281326991955e-14,1.7175376596180138e-14
1787945942200753704,2.8760337665260065e-16,1.719961642615525e-14,1.6912777458201964e-14,1.7175376596180138e-14
1787945942300618151,2.876470381926886e-16,1.719961642615525e-14,1.6912733798635256e-14,1.7175376596180138e-14
1787945942400581724,2.876981221114859e-16,1.719961642615525e-14,1.6912682717025326e-14,1.7175376596180138e-14
1787945942500705108,2.8775335369991244e-16,1.719961642615525e-14,1.6912627487933244e-14,1.7175376596180138e-14
1787945942600547263,2.8780386196002215e-16,1.719961642615525e-14,1.691257698195601e-14,1.7175376596180138e-14
1787945942700654717,2.8785153255062737e-16,1.719961642615525e-14,1.6912529313520034e-14,1.7175376596180138e-14
1787945942800765587,2.8790143985848337e-16,1.719961642615525e-14,1.691247940846792e-14,1.7175376596180138e-14
1787945942900635223,2.8795186083419727e-16,1.719961642615525e-14,1.6912428989771174e-14,1.7175376596180138e-14
1787945943000629464,2.8800009941480136e-16,1.719961642615525e-14,1.6912380753370906e-14,1.7175376596180138e-14
1787945943100605006,2.8804035497968395e-16,1.719961642615525e-14,1.6912340499625552e-14,1.7175376596180138e-14
1787945943201240067,2.8808980113130375e-16,1.719961642615525e-14,1.6912291055708876e-14,1.7175376596180138e-14
1787945943301006254,2.881293097794222e-16,1.719961642615525e-14,1.691225154884654e-14,1.7175376596180138e-14
1787945943400922083,2.881743123040252e-16,1.719961642615525e-14,1.6912206548356054e-14,1.7175376596180138e-14
1787945943500773992,2.882191627334657e-16,1.719961642615525e-14,1.6912161699953867e-14,1.7175376596180138e-14
1787945943601092979,2.8827335076807904e-16,1.719961642615525e-14,1.691210751436858e-14,1.7175376596180138e-14
1787945943700917666,2.8832094167138297e-16,1.719961642615525e-14,1.6912059925616427e-14,1.7175376596180138e-14
1787945943800882176,2.8836707704391077e-16,1.719961642615525e-14,1.691201379232927e-14,1.7175376596180138e-14
1787945943900663352,2.884270972577961e-16,1.719961642615525e-14,1.6911953774828375e-14,1.7175376596180138e-14
1787945944000737188,2.884728801567831e-16,1.719961642615525e-14,1.6911907993998852e-14,1.7175376596180138e-14
1787945944100823573,2.8852238809199866e-16,1.719961642615525e-14,1.6911858488301487e-14,1.7175376596180138e-14
1787945944200727144,2.8857501240239864e-16,1.719961642615525e-14,1.6911805866369822e-14,1.7175376596180138e-14
1787945944300908397,2.8862663163844525e-16,1.719961642615525e-14,1.691175424946709e-14,1.7175376596180138e-14
1787945944400930461,2.886743780246725e-16,1.719961642615525e-14,1.6911706505239128e-14,1.7175376596180138e-14
1787945944500660195,2.887283565614114e-16,1.719961642615525e-14,1.691165252914238e-14,1.7175376596180138e-14
1787945944600560540,2.8877553114565554e-16,1.719961642615525e-14,1.6911605356690582e-14,1.7175376596180138e-14
1787945944700639351,2.8881623800356553e-16,1.719961642615525e-14,1.6911564651672762e-14,1.7175376596180138e-14
1787945944800799585,2.888708220950833e-16,1.719961642615525e-14,1.691151007004865e-14,1.7175376596180138e-14
1787945944900562231,2.889295434457223e-16,1.719961642615525e-14,1.691145135135245e-14,1.7175376596180138e-14
1787945945000556723,2.889820388943022e-16,1.719961642615525e-14,1.6911398858276896e-14,1.7175376596180138e-14
1787945945100730798,2.8903171414520376e-16,1.719961642615525e-14,1.6911349185271545e-14,1.7175376596180138e-14
1787945945200822007,2.8907234888660946e-16,1.719961642615525e-14,1.6911308552367025e-14,1.7175376596180138e-14
1787945945300670910,2.8913053648362607e-16,1.719961642615525e-14,1.6911250367400386e-14,1.7175376596180138e-14
1787945945400653435,2.8918266820584277e-16,1.719961642615525e-14,1.6911198238034808e-14,1.7175376596180138e-14
1787945945500582820,2.892368245987139e-16,1.719961642615525e-14,1.691114408409011e-14,1.7175376596180138e-14
1787945945600590793,2.8929418467931764e-16,1.719961642615525e-14,1.691108672660253e-14,1.7175376596180138e-14
1787945945700573097,2.8933695276130006e-16,1.719961642615525e-14,1.6911043960453935e-14,1.7175376596180138e-14
1787945945800482044,2.89384557217522e-16,1.719961642615525e-14,1.691099635814974e-14,1.7175376596180138e-14
1787945945900521396,2.894363044731531e-16,1.719961642615525e-14,1.6910944613233436e-14,1.7175376596180138e-14
1787945946000564524,2.894840632228734e-16,1.719961642615525e-14,1.6910896856642747e-14,1.7175376596180138e-14
1787945946100503683,2.895245152344519e-16,1.719961642615525e-14,1.6910856406459895e-14,1.7175376596180138e-14
1787945946200513004,2.895706662189766e-16,1.719961642615525e-14,1.691081025756174e-14,1.7175376596180138e-14
1787945946300544376,2.8961369333842594e-16,1.719961642615525e-14,1.6910767232387453e-14,1.7175376596180138e-14
1787945946400643014,2.8966080539628626e-16,1.719961642615525e-14,1.691072012245943e-14,1.7175376596180138e-14
1787945946500629311,2.897149526954929e-16,1.719961642615525e-14,1.6910665977608127e-14,1.7175376596180138e-14
1787945946600534236,2.897738540626918e-16,1.719961642615525e-14,1.6910607078903775e-14,1.7175376596180138e-14
1787945946700763159,2.898109513788128e-16,1.719961642615525e-14,1.691056998326478e-14,1.7175376596180138e-14
1787945946800972917,2.89852729496128e-16,1.719961642615525e-14,1.6910528207036214e-14,1.7175376596180138e-14
1787945946900584629,2.898948274953855e-16,1.719961642615525e-14,1.6910486110940177e-14,1.7175376596180138e-14
1787945947000683929,2.8994319689523216e-16,1.719961642615525e-14,1.6910437743727085e-14,1.7175376596180138e-14
1787945947100518827,2.899990147950613e-16,1.719961642615525e-14,1.691038192835077e-14,1.7175376596180138e-14
1787945947200558490,2.900504534984169e-16,1.719961642615525e-14,1.691033049197296e-14,1.7175376596180138e-14
1787945947300548259,2.9010456025561005e-16,1.719961642615525e-14,1.6910276387661952e-14,1.7175376596180138e-14
1787945947400550602,2.901524857957988e-16,1.719961642615525e-14,1.6910228464288507e-14,1.7175376596180138e-14
1787945947500577180,2.9019930222773337e-16,1.719961642615525e-14,1.6910181649973183e-14,1.7175376596180138e-14
1787945947600549697,2.9025215136501187e-16,1.719961642615525e-14,1.6910128803225276e-14,1.7175376596180138e-14
1787945947700658069,2.90306349206643e-16,1.719961642615525e-14,1.6910074607834004e-14,1.7175376596180138e-14
1787945947800588827,2.9035302130527674e-16,1.719961642615525e-14,1.6910027937845497e-14,1.7175376596180138e-14
1787945947900597101,2.9039987857556877e-16,1.719961642615525e-14,1.6909981082693712e-14,1.7175376596180138e-14
1787945948000570840,2.904506874117015e-16,1.719961642615525e-14,1.6909930276154758e-14,1.7175376596180138e-14
1787945948100681953,2.9050752707162073e-16,1.719961642615525e-14,1.69098734390647e-14,1.7175376596180138e-14
1787945948200906699,2.905548012253409e-16,1.719961642615525e-14,1.6909826167048378e-14,1.7175376596180138e-14
1787945948300628299,2.9060760466302785e-16,1.719961642615525e-14,1.6909773365998092e-14,1.7175376596180138e-14
1787945948400765070,2.9066198013037624e-16,1.719961642615525e-14,1.690971899298924e-14,1.7175376596180138e-14
1787945948501032998,2.907200837958147e-16,1.719961642615525e-14,1.690966089195088e-14,1.7175376596180138e-14
1787945948601167604,2.9076139177090503e-16,1.719961642615525e-14,1.690961958584348e-14,1.7175376596180138e-14
1787945948701598528,2.9081190955220783e-16,1.719961642615525e-14,1.6909569070346298e-14,1.7175376596180138e-14
1787945948800887595,2.9087038472086616e-16,1.719961642615525e-14,1.6909510597821555e-14,1.7175376596180138e-14
1787945948900705487,2.909193211809146e-16,1.719961642615525e-14,1.6909461663574158e-14,1.7175376596180138e-14
1787945949000674763,2.9096991492559907e-16,1.719961642615525e-14,1.6909411072117067e-14,1.7175376596180138e-14
1787945949100556229,2.9101476639911823e-16,1.719961642615525e-14,1.690936622267152e-14,1.7175376596180138e-14
1787945949200928197,2.910682272221521e-16,1.719961642615525e-14,1.690931276426574e-14,1.7175376596180138e-14
1787945949300976106,2.9111212733365633e-16,1.719961642615525e-14,1.6909268866139215e-14,1.7175376596180138e-14
1787945949400686140,2.911654600796789e-16,1.719961642615525e-14,1.6909215535804686e-14,1.7175376596180138e-14
1787945949500636275,2.9121554516628127e-16,1.719961642615525e-14,1.6909165452982744e-14,1.7175376596180138e-14
1787945949600542588,2.9126274217184355e-16,1.719961642615525e-14,1.690911825811127e-14,1.7175376596180138e-14
1787945949700838604,2.9129820105323245e-16,1.719961642615525e-14,1.690908280083322e-14,1.7175376596180138e-14
1787945949800581219,2.9134717659667164e-16,1.719961642615525e-14,1.6909033827504302e-14,1.7175376596180138e-14
1787945949900874870,2.914045943794249e-16,1.719961642615525e-14,1.6908976412317828e-14,1.7175376596180138e-14
1787945950000679111,2.9145752541004567e-16,1.719961642615525e-14,1.690892348368062e-14,1.7175376596180138e-14
1787945950100570411,2.9149984580672193e-16,1.719961642615525e-14,1.690888116519758e-14,1.7175376596180138e-14
1787945950200681104,2.9153932188975577e-16,1.719961642615525e-14,1.690884169089958e-14,1.7175376596180138e-14
1787945950300677421,2.9159641582285825e-16,1.719961642615525e-14,1.6908784599548164e-14,1.7175376596180138e-14
1787945950400696081,2.9165597777915497e-16,1.719961642615525e-14,1.690872504028518e-14,1.7175376596180138e-14
1787945950500608060,2.9171136311781733e-16,1.719961642615525e-14,1.6908669657450983e-14,1.7175376596180138e-14
1787945950600827587,2.917609952857257e-16,1.719961642615525e-14,1.69086200275274e-14,1.7175376596180138e-14
1787945950700790141,2.918137625993609e-16,1.719961642615525e-14,1.6908567262599877e-14,1.7175376596180138e-14
1787945950800686711,2.918639847980618e-16,1.719961642615525e-14,1.6908517042672212e-14,1.7175376596180138e-14
1787945950900529710,2.9190926467368387e-16,1.719961642615525e-14,1.6908471764844147e-14,1.7175376596180138e-14
1787945951000489940,2.919693172398496e-16,1.719961642615525e-14,1.6908411714993576e-14,1.7175376596180138e-14
1787945951100850337,2.9203130080068075e-16,1.719961642615525e-14,1.690834973423568e-14,1.7175376596180138e-14
1787945951200596469,2.9208148836266174e-16,1.719961642615525e-14,1.6908299548943225e-14,1.7175376596180138e-14
1787945951300503665,2.9213272238369146e-16,1.719961642615525e-14,1.690824831723906e-14,1.7175376596180138e-14
1787945951400508564,2.921817733272762e-16,1.719961642615525e-14,1.6908199268513627e-14,1.7175376596180138e-14
1787945951500435977,2.922373241713643e-16,1.719961642615525e-14,1.690814372018165e-14,1.7175376596180138e-14
1787945951600824497,2.9229139288288607e-16,1.719961642615525e-14,1.6908089653915223e-14,1.7175376596180138e-14
1787945951700482774,2.9235207917980453e-16,1.719961642615525e-14,1.6908028970362678e-14,1.7175376596180138e-14
1787945951800634199,2.9241237164602846e-16,1.719961642615525e-14,1.6907968680623043e-14,1.7175376596180138e-14
1787945951900424975,2.924553603892045e-16,1.719961642615525e-14,1.690792569382394e-14,1.7175376596180138e-14
1787945952000451114,2.9250549381168697e-16,1.719961642615525e-14,1.6907875562668655e-14,1.7175376596180138e-14
1787945952100532532,2.925705876249041e-16,1.719961642615525e-14,1.6907810471799208e-14,1.7175376596180138e-14
1787945952200482233,2.926341220360036e-16,1.719961642615525e-14,1.6907746940261377e-14,1.7175376596180138e-14
1787945952300521923,2.926882601968366e-16,1.719961642615525e-14,1.6907692804548897e-14,1.7175376596180138e-14
1787945952400445434,2.927352963337137e-16,1.719961642615525e-14,1.6907645770539202e-14,1.7175376596180138e-14
1787945952500494582,2.9279053964083496e-16,1.719961642615525e-14,1.6907590529730444e-14,1.7175376596180138e-14
1787945952600512290,2.928501831734661e-16,1.719961642615525e-14,1.690753088889519e-14,1.7175376596180138e-14
1787945952700681012,2.928869696940771e-16,1.719961642615525e-14,1.6907494104038262e-14,1.7175376596180138e-14
1787945952800557946,2.9293952418931207e-16,1.719961642615525e-14,1.690744155191983e-14,1.7175376596180138e-14
1787945952900602365,2.929930859598381e-16,1.719961642615525e-14,1.6907387992571676e-14,1.7175376596180138e-14
1787945953000535855,2.93044915733821e-16,1.719961642615525e-14,1.6907336165141752e-14,1.7175376596180138e-14
1787945953100661622,2.9309974570193353e-16,1.719961642615525e-14,1.69072813376534e-14,1.7175376596180138e-14
1787945953200665169,2.9316084123249465e-16,1.719961642615525e-14,1.6907220244885983e-14,1.7175376596180138e-14
1787945953300804732,2.9321980306756303e-16,1.719961642615525e-14,1.6907161285717582e-14,1.7175376596180138e-14
1787945953400646265,2.932695176755491e-16,1.719961642615525e-14,1.6907111573358053e-14,1.7175376596180138e-14
1787945953501014237,2.9331778184535027e-16,1.719961642615525e-14,1.690706331137112e-14,1.7175376596180138e-14
1787945953600608454,2.933694017716439e-16,1.719961642615525e-14,1.6907011693779484e-14,1.7175376596180138e-14
1787945953701197793,2.9341669001695977e-16,1.719961642615525e-14,1.6906964407672923e-14,1.7175376596180138e-14
1787945953800585633,2.9347210804520093e-16,1.719961642615525e-14,1.6906908992151148e-14,1.7175376596180138e-14
1787945953900706220,2.9352585541710775e-16,1.719961642615525e-14,1.6906855247210162e-14,1.7175376596180138e-14
1787945954000754792,2.935787573979242e-16,1.719961642615525e-14,1.6906802347622046e-14,1.7175376596180138e-14
1787945954101410460,2.9362663315766433e-16,1.719961642615525e-14,1.6906754474027687e-14,1.7175376596180138e-14
1787945954200595724,2.9368040894749675e-16,1.719961642615525e-14,1.6906700700670104e-14,1.7175376596180138e-14
1787945954300699265,2.9373552706052434e-16,1.719961642615525e-14,1.6906645585050056e-14,1.7175376596180138e-14
1787945954400573525,2.93791497530203e-16,1.719961642615525e-14,1.6906589617111923e-14,1.7175376596180138e-14
1787945954500608316,2.9385046436863295e-16,1.719961642615525e-14,1.6906530652940588e-14,1.7175376596180138e-14
1787945954600499648,2.9389660770982026e-16,1.719961642615525e-14,1.690648451168649e-14,1.7175376596180138e-14
1787945954700777997,2.9395060172509135e-16,1.719961642615525e-14,1.690643052011342e-14,1.7175376596180138e-14
1787945954800588847,2.9400118920591726e-16,1.719961642615525e-14,1.6906379934920723e-14,1.7175376596180138e-14
1787945954900636242,2.940553736820205e-16,1.719961642615525e-14,1.6906325752895468e-14,1.7175376596180138e-14
1787945955000627011,2.9410554841424194e-16,1.719961642615525e-14,1.6906275580432733e-14,1.7175376596180138e-14
1787945955100649103,2.941597341356008e-16,1.719961642615525e-14,1.6906221397162306e-14,1.7175376596180138e-14
1787945955201787535,2.9420941677773055e-16,1.719961642615525e-14,1.6906171716767436e-14,1.7175376596180138e-14
1787945955301034741,2.9426743619853187e-16,1.719961642615525e-14,1.6906113699971e-14,1.7175376596180138e-14
1787945955401281406,2.943217262531137e-16,1.719961642615525e-14,1.690605941237212e-14,1.7175376596180138e-14
1787945955500898157,2.9437316274991647e-16,1.719961642615525e-14,1.6906007978201952e-14,1.7175376596180138e-14
1787945955601148288,2.9441885740009976e-16,1.719961642615525e-14,1.6905962285618695e-14,1.7175376596180138e-14
1787945955700937353,2.9446479457045684e-16,1.719961642615525e-14,1.6905916350526245e-14,1.7175376596180138e-14
1787945955800521433,2.9452101895768885e-16,1.719961642615525e-14,1.6905860128682264e-14,1.7175376596180138e-14
1787945955900814465,2.94589374011746e-16,1.719961642615525e-14,1.69057917767202e-14,1.7175376596180138e-14
1787945956000640719,2.9464532115412344e-16,1.719961642615525e-14,1.6905735832108572e-14,1.7175376596180138e-14
1787945956100469374,2.946925713460218e-16,1.719961642615525e-14,1.690568858405403e-14,1.7175376596180138e-14
1787945956200722226,2.947382223308896e-16,1.719961642615525e-14,1.6905642935134192e-14,1.7175376596180138e-14
1787945956300708176,2.9477864947727663e-16,1.719961642615525e-14,1.690560250981654e-14,1.7175376596180138e-14
1787945956401135526,2.9483456381872775e-16,1.719961642615525e-14,1.690554659800441e-14,1.7175376596180138e-14
1787945956500930247,2.9487865911208865e-16,1.719961642615525e-14,1.690550250470574e-14,1.7175376596180138e-14
1787945956600511367,2.9493450074024614e-16,1.719961642615525e-14,1.6905446665603642e-14,1.7175376596180138e-14
1787945956700672847,2.949894857626176e-16,1.719961642615525e-14,1.69053916830686e-14,1.7175376596180138e-14
1787945956801504527,2.9504638832836464e-16,1.719961642615525e-14,1.690533478307694e-14,1.7175376596180138e-14
1787945956900533128,2.95097177719488e-16,1.719961642615525e-14,1.6905283995983383e-14,1.7175376596180138e-14
1787945957000589771,2.951440982093904e-16,1.719961642615525e-14,1.6905237077616037e-14,1.7175376596180138e-14
1787945957100627614,2.952000388821218e-16,1.719961642615525e-14,1.6905181139473925e-14,1.7175376596180138e-14
1787945957200591268,2.952526018519816e-16,1.719961642615525e-14,1.69051285788819e-14,1.7175376596180138e-14
1787945957300567846,2.953025528745278e-16,1.719961642615525e-14,1.6905078630119047e-14,1.7175376596180138e-14
1787945957400742987,2.953498822304059e-16,1.719961642615525e-14,1.6905031302904276e-14,1.7175376596180138e-14
1787945957500908160,2.95394564626156e-16,1.719961642615525e-14,1.6904986622529897e-14,1.7175376596180138e-14
1787945957600714669,2.9545015499105345e-16,1.719961642615525e-14,1.690493103467985e-14,1.7175376596180138e-14
1787945957700853772,2.955069701276904e-16,1.719961642615525e-14,1.6904874222113487e-14,1.7175376596180138e-14
1787945957800672894,2.9555611627494745e-16,1.719961642615525e-14,1.6904825078189578e-14,1.7175376596180138e-14
1787945957901289305,2.9560007931889443e-16,1.719961642615525e-14,1.6904781117134507e-14,1.7175376596180138e-14
1787945958000782785,2.9566537298986465e-16,1.719961642615525e-14,1.6904715826417427e-14,1.7175376596180138e-14
1787945958100546549,2.957071101499404e-16,1.719961642615525e-14,1.6904674091145554e-14,1.7175376596180138e-14
1787945958200653417,2.9575607826078284e-16,1.719961642615525e-14,1.6904625125250058e-14,1.7175376596180138e-14
1787945958300635942,2.9580625813083545e-16,1.719961642615525e-14,1.6904574947650183e-14,1.7175376596180138e-14
1787945958400788787,2.95860572563495e-16,1.719961642615525e-14,1.690452063567477e-14,1.7175376596180138e-14
1787945958500590271,2.959159354708618e-16,1.719961642615525e-14,1.69044652752721e-14,1.7175376596180138e-14
1787945958600731634,2.9596937507829856e-16,1.719961642615525e-14,1.6904411838082364e-14,1.7175376596180138e-14
1787945958700520164,2.960214034292591e-16,1.719961642615525e-14,1.690435981208527e-14,1.7175376596180138e-14
1787945958800576678,2.96071356652051e-16,1.719961642615525e-14,1.6904309861122473e-14,1.7175376596180138e-14
1787945958900735234,2.961272175462734e-16,1.719961642615525e-14,1.6904254002755545e-14,1.7175376596180138e-14
1787945959000658417,2.9617926131300203e-16,1.719961642615525e-14,1.6904201961343424e-14,1.7175376596180138e-14
1787945959100821376,2.962243678526327e-16,1.719961642615525e-14,1.6904156856844552e-14,1.7175376596180138e-14
1787945959201249654,2.96271346604251e-16,1.719961642615525e-14,1.6904109880218408e-14,1.7175376596180138e-14
1787945959300624562,2.963309324432087e-16,1.719961642615525e-14,1.6904050297075332e-14,1.7175376596180138e-14
1787945959400637610,2.963726450878179e-16,1.719961642615525e-14,1.6904008586317965e-14,1.7175376596180138e-14
1787945959500818934,2.964263858506544e-16,1.719961642615525e-14,1.6903954847986583e-14,1.7175376596180138e-14
1787945959601002672,2.9648200623411286e-16,1.719961642615525e-14,1.6903899230119638e-14,1.7175376596180138e-14
1787945959700809342,2.965238947145133e-16,1.719961642615525e-14,1.690385734353447e-14,1.7175376596180138e-14
1787945959800618476,2.9657159297234143e-16,1.719961642615525e-14,1.6903809647434747e-14,1.7175376596180138e-14
1787945959901415227,2.9663135571974525e-16,1.719961642615525e-14,1.6903749887391323e-14,1.7175376596180138e-14
1787945960000759797,2.966854832092738e-16,1.719961642615525e-14,1.6903695762350824e-14,1.7175376596180138e-14
1787945960100669476,2.9674044937759085e-16,1.719961642615525e-14,1.6903640798669498e-14,1.7175376596180138e-14
1787945960200518040,2.9679141348762257e-16,1.719961642615525e-14,1.6903589836865395e-14,1.7175376596180138e-14
1787945960300539849,2.9683658519475076e-16,1.719961642615525e-14,1.6903544667202122e-14,1.7175376596180138e-14
1787945960400525701,2.9689652283086206e-16,1.719961642615525e-14,1.690348473227799e-14,1.7175376596180138e-14
1787945960500892890,2.969460493355328e-16,1.719961642615525e-14,1.6903435208014242e-14,1.7175376596180138e-14
1787945960600809792,2.969993704322737e-16,1.719961642615525e-14,1.6903381889330132e-14,1.7175376596180138e-14
1787945960700882337,2.970510557989414e-16,1.719961642615525e-14,1.69033302063021e-14,1.7175376596180138e-14
1787945960800653936,2.9710851621909877e-16,1.719961642615525e-14,1.69032727484819e-14,1.7175376596180138e-14
1787945960900547795,2.9715627820510277e-16,1.719961642615525e-14,1.6903224988657035e-14,1.7175376596180138e-14
1787945961000541381,2.9721014427428596e-16,1.719961642615525e-14,1.69031711250252e-14,1.7175376596180138e-14
1787945961100509996,2.972648929555147e-16,1.719961642615525e-14,1.6903116378821274e-14,1.7175376596180138e-14
1787945961200529437,2.973197126097501e-16,1.719961642615525e-14,1.690306156164757e-14,1.7175376596180138e-14
1787945961300688750,2.9737119148185546e-16,1.719961642615525e-14,1.6903010085104848e-14,1.7175376596180138e-14
1787945961400551236,2.9741592303956045e-16,1.719961642615525e-14,1.690296535557122e-14,1.7175376596180138e-14
1787945961500557030,2.9747060811600005e-16,1.719961642615525e-14,1.6902910672969267e-14,1.7175376596180138e-14
1787945961600637876,2.9752489949021723e-16,1.719961642615525e-14,1.6902856384051737e-14,1.7175376596180138e-14
1787945961700725194,2.9757800700803287e-16,1.719961642615525e-14,1.6902803278937054e-14,1.7175376596180138e-14
1787945961800542775,2.9762402014918904e-16,1.719961642615525e-14,1.6902757267878018e-14,1.7175376596180138e-14
1787945961900527911,2.976756291697984e-16,1.719961642615525e-14,1.6902705661192762e-14,1.7175376596180138e-14
1787945962000537383,2.977251988177154e-16,1.719961642615525e-14,1.690265609378793e-14,1.7175376596180138e-14
1787945962100549094,2.9777491627529814e-16,1.719961642615525e-14,1.690260637858013e-14,1.7175376596180138e-14
1787945962200544435,2.9782853258563225e-16,1.719961642615525e-14,1.6902552764696023e-14,1.7175376596180138e-14
1787945962300549273,2.978788374934353e-16,1.719961642615525e-14,1.6902502462064613e-14,1.7175376596180138e-14
1787945962400799153,2.979164670216202e-16,1.719961642615525e-14,1.6902464834239246e-14,1.7175376596180138e-14
1787945962500700777,2.97961784404622e-16,1.719961642615525e-14,1.6902419518906966e-14,1.7175376596180138e-14
1787945962600631206,2.9801334839056605e-16,1.719961642615525e-14,1.6902367957254432e-14,1.7175376596180138e-14
1787945962700504056,2.9807001454271205e-16,1.719961642615525e-14,1.6902311293666595e-14,1.7175376596180138e-14
1787945962801223688,2.981172655865974e-16,1.719961642615525e-14,1.6902264044760973e-14,1.7175376596180138e-14
1787945962902644258,2.9816648840834534e-16,1.719961642615525e-14,1.6902214824166727e-14,1.7175376596180138e-14
1787945963001203899,2.9821736689517346e-16,1.719961642615525e-14,1.6902163947982342e-14,1.7175376596180138e-14
1787945963100519057,2.9826790291164103e-16,1.719961642615525e-14,1.6902113414252833e-14,1.7175376596180138e-14
1787945963200497611,2.983159123686205e-16,1.719961642615525e-14,1.6902065406968488e-14,1.7175376596180138e-14
1787945963300517313,2.983702825788112e-16,1.719961642615525e-14,1.6902011039218797e-14,1.7175376596180138e-14
1787945963400615332,2.9842263385163254e-16,1.719961642615525e-14,1.6901958690315123e-14,1.7175376596180138e-14
1787945963500560524,2.984550840581072e-16,1.719961642615525e-14,1.6901926241577185e-14,1.7175376596180138e-14
1787945963600614631,2.985081190732864e-16,1.719961642615525e-14,1.6901873208962122e-14,1.7175376596180138e-14
1787945963700633982,2.985472796353524e-16,1.719961642615525e-14,1.690183405017229e-14,1.7175376596180138e-14
1787945963800697116,2.9858800585371035e-16,1.719961642615525e-14,1.6901793325797028e-14,1.7175376596180138e-14
1787945963900460125,2.986420055079854e-16,1.719961642615525e-14,1.6901739328586563e-14,1.7175376596180138e-14
1787945964000620752,2.986887996510322e-16,1.719961642615525e-14,1.6901692536561246e-14,1.7175376596180138e-14
1787945964100452877,2.9873842911620154e-16,1.719961642615525e-14,1.6901642909342136e-14,1.7175376596180138e-14
1787945964200638907,2.98780104354757e-16,1.719961642615525e-14,1.690160123598967e-14,1.7175376596180138e-14
1787945964300517659,2.988268425453499e-16,1.719961642615525e-14,1.6901554499914305e-14,1.7175376596180138e-14
1787945964400632215,2.9888964776482034e-16,1.719961642615525e-14,1.6901491697537232e-14,1.7175376596180138e-14
1787945964500632315,2.989378914814979e-16,1.719961642615525e-14,1.690144345600395e-14,1.7175376596180138e-14
1787945964600543198,2.989770850215877e-16,1.719961642615525e-14,1.6901404264237674e-14,1.7175376596180138e-14
1787945964700488706,2.990329376006757e-16,1.719961642615525e-14,1.690134841418637e-14,1.7175376596180138e-14
1787945964800471524,2.9907698912083707e-16,1.719961642615525e-14,1.690130436465991e-14,1.7175376596180138e-14
1787945964900636174,2.9913543740697565e-16,1.719961642615525e-14,1.690124591901906e-14,1.7175376596180138e-14
1787945965000596549,2.991803356297907e-16,1.719961642615525e-14,1.690120102282829e-14,1.7175376596180138e-14
1787945965100555558,2.9922681815517986e-16,1.719961642615525e-14,1.6901154542406666e-14,1.7175376596180138e-14
1787945965200634893,2.992769968252065e-16,1.719961642615525e-14,1.6901104366007693e-14,1.7175376596180138e-14
1787945965300606265,2.9932633265732746e-16,1.719961642615525e-14,1.69010550324085e-14,1.7175376596180138e-14
1787945965400744681,2.9938443110838382e-16,1.719961642615525e-14,1.690099693658698e-14,1.7175376596180138e-14
1787945965500604383,2.9942240723623997e-16,1.719961642615525e-14,1.690095896217793e-14,1.7175376596180138e-14
1787945965600600572,2.9947385563985613e-16,1.719961642615525e-14,1.6900907516102898e-14,1.7175376596180138e-14
1787945965700601059,2.995337499067511e-16,1.719961642615525e-14,1.690084762454686e-14,1.7175376596180138e-14
1787945965800676136,2.995884674185527e-16,1.719961642615525e-14,1.6900792909511632e-14,1.7175376596180138e-14
1787945965900715255,2.996176338815644e-16,1.719961642615525e-14,1.6900763744368734e-14,1.7175376596180138e-14
1787945966000569497,2.9966548294951702e-16,1.719961642615525e-14,1.6900715897466504e-14,1.7175376596180138e-14
1787945966100522840,2.997186404615916e-16,1.719961642615525e-14,1.6900662742360436e-14,1.7175376596180138e-14
1787945966200523563,2.99773334475e-16,1.719961642615525e-14,1.6900608050822588e-14,1.7175376596180138e-14
1787945966300521270,2.9981983644124043e-16,1.719961642615525e-14,1.6900561550961136e-14,1.7175376596180138e-14
1787945966400523896,2.998670748333762e-16,1.719961642615525e-14,1.6900514314707133e-14,1.7175376596180138e-14
1787945966500668970,2.999174028907221e-16,1.719961642615525e-14,1.690046398892778e-14,1.7175376596180138e-14
1787945966600469406,2.999651532758664e-16,1.719961642615525e-14,1.6900416240703967e-14,1.7175376596180138e-14
1787945966700521426,3.0002340611610902e-16,1.719961642615525e-14,1.6900357990500447e-14,1.7175376596180138e-14
1787945966800505677,3.000727229009871e-16,1.719961642615525e-14,1.690030867594783e-14,1.7175376596180138e-14
1787945966900504717,3.0011703355764857e-16,1.719961642615525e-14,1.6900264367296843e-14,1.7175376596180138e-14
1787945967000490682,3.0016293513385455e-16,1.719961642615525e-14,1.6900218467798336e-14,1.7175376596180138e-14
1787945967100460582,3.002104418530306e-16,1.719961642615525e-14,1.6900170963229524e-14,1.7175376596180138e-14
1787945967200747648,3.002634095112431e-16,1.719961642615525e-14,1.690011799796888e-14,1.7175376596180138e-14
1787945967300510119,3.003124666393905e-16,1.719961642615525e-14,1.6900068943061297e-14,1.7175376596180138e-14
1787945967400498754,3.0036808782943594e-16,1.719961642615525e-14,1.690001332438896e-14,1.7175376596180138e-14
1787945967500414743,3.004073999900564e-16,1.719961642615525e-14,1.6899974014007826e-14,1.7175376596180138e-14
1787945967600798301,3.00463027824206e-16,1.719961642615525e-14,1.6899918388691715e-14,1.7175376596180138e-14
1787945967700810220,3.0049938205251e-16,1.719961642615525e-14,1.689988203610902e-14,1.7175376596180138e-14
1787945967800830375,3.0053997973298636e-16,1.719961642615525e-14,1.689984144026625e-14,1.7175376596180138e-14
1787945967900799604,3.005819307883088e-16,1.719961642615525e-14,1.68997994911099e-14,1.7175376596180138e-14
1787945968001169115,3.0061924639157887e-16,1.719961642615525e-14,1.6899762177195784e-14,1.7175376596180138e-14
1787945968100752755,3.006585272835821e-16,1.719961642615525e-14,1.6899722898081902e-14,1.7175376596180138e-14
1787945968200705799,3.0071448224362503e-16,1.719961642615525e-14,1.6899666945654778e-14,1.7175376596180138e-14
1787945968300699018,3.007568487730894e-16,1.719961642615525e-14,1.689962458104314e-14,1.7175376596180138e-14
1787945968400732143,3.008145553286438e-16,1.719961642615525e-14,1.689956687709982e-14,1.7175376596180138e-14
1787945968500726214,3.0086246605271996e-16,1.719961642615525e-14,1.6899518968544567e-14,1.7175376596180138e-14
1787945968600558101,3.0089847325870803e-16,1.719961642615525e-14,1.6899482962968557e-14,1.7175376596180138e-14
1787945968700660576,3.0094297890445963e-16,1.719961642615525e-14,1.6899438459337505e-14,1.7175376596180138e-14
1787945968800661049,3.009873006068517e-16,1.719961642615525e-14,1.6899394139641492e-14,1.7175376596180138e-14
1787945968900706286,3.010293153390483e-16,1.719961642615525e-14,1.6899352126811258e-14,1.7175376596180138e-14
1787945969000533093,3.0106696315199683e-16,1.719961642615525e-14,1.6899314480702588e-14,1.7175376596180138e-14
1787945969100611709,3.011187685773301e-16,1.719961642615525e-14,1.6899262677622452e-14,1.7175376596180138e-14
1787945969200490659,3.0116303233697873e-16,1.719961642615525e-14,1.68992184158666e-14,1.7175376596180138e-14
1787945969300700130,3.012119624733054e-16,1.719961642615525e-14,1.6899169487945335e-14,1.7175376596180138e-14
1787945969400455128,3.0126132735641434e-16,1.719961642615525e-14,1.6899120125296977e-14,1.7175376596180138e-14
1787945969500647838,3.0131975005701806e-16,1.719961642615525e-14,1.6899061705241187e-14,1.7175376596180138e-14
1787945969600525125,3.013616072592182e-16,1.719961642615525e-14,1.6899019849933888e-14,1.7175376596180138e-14
1787945969700611365,3.0141359411791343e-16,1.719961642615525e-14,1.6898967865428684e-14,1.7175376596180138e-14
1787945969800555568,3.0145793791908226e-16,1.719961642615525e-14,1.6898923523635012e-14,1.7175376596180138e-14
1787945969900612002,3.0150406581829757e-16,1.719961642615525e-14,1.689887739782407e-14,1.7175376596180138e-14
1787945970000700075,3.0154665984171476e-16,1.719961642615525e-14,1.6898834805728952e-14,1.7175376596180138e-14
1787945970100639274,3.0158791043158454e-16,1.719961642615525e-14,1.689879355700657e-14,1.7175376596180138e-14
1787945970200592460,3.0163740169935576e-16,1.719961642615525e-14,1.6898744067979374e-14,1.7175376596180138e-14
1787945970302505979,3.01690025339878e-16,1.719961642615525e-14,1.6898691446721245e-14,1.7175376596180138e-14
1787945970400804114,3.0174190365272714e-16,1.719961642615525e-14,1.6898639570757063e-14,1.7175376596180138e-14
1787945970500571741,3.0179095345161035e-16,1.719961642615525e-14,1.6898590523178807e-14,1.7175376596180138e-14
1787945970600445357,3.018449803061242e-16,1.719961642615525e-14,1.689853649877026e-14,1.7175376596180138e-14
1787945970700536211,3.018968373325413e-16,1.719961642615525e-14,1.6898484644091592e-14,1.7175376596180138e-14
1787945970800613931,3.0195344559843543e-16,1.719961642615525e-14,1.6898428038388567e-14,1.7175376596180138e-14
1787945970901172824,3.0199419358199096e-16,1.719961642615525e-14,1.6898387292249835e-14,1.7175376596180138e-14
1787945971000730226,3.0203562705559824e-16,1.719961642615525e-14,1.6898345860652095e-14,1.7175376596180138e-14
1787945971100875949,3.020896100432771e-16,1.719961642615525e-14,1.6898291880108472e-14,1.7175376596180138e-14
1787945971200551348,3.021368876863828e-16,1.719961642615525e-14,1.689824460460585e-14,1.7175376596180138e-14
1787945971300519367,3.0218747535727554e-16,1.719961642615525e-14,1.6898194019225316e-14,1.7175376596180138e-14
1787945971400597913,3.0223912114848417e-16,1.719961642615525e-14,1.6898142375772383e-14,1.7175376596180138e-14
1787945971500660349,3.0228358701981287e-16,1.719961642615525e-14,1.689809791191427e-14,1.7175376596180138e-14
1787945971600644068,3.0233485487557833e-16,1.719961642615525e-14,1.6898046646379702e-14,1.7175376596180138e-14
1787945971700846076,3.023818244477062e-16,1.719961642615525e-14,1.6897999678934173e-14,1.7175376596180138e-14
1787945971800742771,3.0242630231813077e-16,1.719961642615525e-14,1.689795520307754e-14,1.7175376596180138e-14
1787945971900542564,3.0247530007452827e-16,1.719961642615525e-14,1.6897906207539593e-14,1.7175376596180138e-14
1787945972000570225,3.025170898532444e-16,1.719961642615525e-14,1.6897864419652985e-14,1.7175376596180138e-14
1787945972100612088,3.0256072950652717e-16,1.719961642615525e-14,1.6897820781975576e-14,1.7175376596180138e-14
1787945972200941431,3.026185113842281e-16,1.719961642615525e-14,1.6897763002714084e-14,1.7175376596180138e-14
1787945972300649367,3.0267868790420415e-16,1.719961642615525e-14,1.689770282891876e-14,1.7175376596180138e-14
1787945972400595951,3.0271973516097e-16,1.719961642615525e-14,1.6897661783520526e-14,1.7175376596180138e-14
1787945972500568023,3.027615436257572e-16,1.719961642615525e-14,1.6897619976948748e-14,1.7175376596180138e-14
1787945972601016109,3.02809554166749e-16,1.719961642615525e-14,1.6897571968581596e-14,1.7175376596180138e-14
1787945972700567270,3.0285520944355544e-16,1.719961642615525e-14,1.6897526315371996e-14,1.7175376596180138e-14
1787945972800757923,3.0290075794192684e-16,1.719961642615525e-14,1.689748076893601e-14,1.7175376596180138e-14
1787945972900808473,3.029468598742963e-16,1.719961642615525e-14,1.6897434669091095e-14,1.7175376596180138e-14
1787945973000792126,3.0299502516220854e-16,1.719961642615525e-14,1.6897386505984074e-14,1.7175376596180138e-14
1787945973100689474,3.030516339022267e-16,1.719961642615525e-14,1.689732989980728e-14,1.7175376596180138e-14
1787945973200567394,3.030967624904912e-16,1.719961642615525e-14,1.6897284773262436e-14,1.7175376596180138e-14
1787945973300756900,3.0314197488965983e-16,1.719961642615525e-14,1.689723956291049e-14,1.7175376596180138e-14
1787945973400436999,3.031953826892531e-16,1.719961642615525e-14,1.6897186157529222e-14,1.7175376596180138e-14
1787945973500648447,3.032480829107937e-16,1.719961642615525e-14,1.6897133459693986e-14,1.7175376596180138e-14
1787945973600796575,3.03299303067287e-16,1.719961642615525e-14,1.6897082241856793e-14,1.7175376596180138e-14
1787945973700650911,3.0333884443612107e-16,1.719961642615525e-14,1.6897042702278437e-14,1.7175376596180138e-14
1787945973801024544,3.0339401572786865e-16,1.719961642615525e-14,1.689698753348493e-14,1.7175376596180138e-14
1787945973900552517,3.0342766359382507e-16,1.719961642615525e-14,1.6896953887142607e-14,1.7175376596180138e-14
1787945974000542969,3.034835132768066e-16,1.719961642615525e-14,1.6896898039988608e-14,1.7175376596180138e-14
1787945974100520382,3.0353267836129316e-16,1.719961642615525e-14,1.6896848877130426e-14,1.7175376596180138e-14
1787945974200517021,3.0356969205009766e-16,1.719961642615525e-14,1.6896811865117693e-14,1.7175376596180138e-14
1787945974301005885,3.0360853662325564e-16,1.719961642615525e-14,1.689677302230352e-14,1.7175376596180138e-14
1787945974400650724,3.036603125677675e-16,1.719961642615525e-14,1.6896721248703574e-14,1.7175376596180138e-14
1787945974500672580,3.037151388713749e-16,1.719961642615525e-14,1.6896666424882677e-14,1.7175376596180138e-14
1787945974600508488,3.0375594287468016e-16,1.719961642615525e-14,1.6896625622727118e-14,1.7175376596180138e-14
1787945974700665128,3.038124981075412e-16,1.719961642615525e-14,1.6896569070055287e-14,1.7175376596180138e-14
1787945974800705990,3.038648418357575e-16,1.719961642615525e-14,1.6896516728697408e-14,1.7175376596180138e-14
1787945974900581592,3.039117208286773e-16,1.719961642615525e-14,1.6896469851827367e-14,1.7175376596180138e-14
1787945975000649585,3.0396361516944097e-16,1.719961642615525e-14,1.6896417959836615e-14,1.7175376596180138e-14
1787945975100530142,3.0401665374383236e-16,1.719961642615525e-14,1.6896364923664064e-14,1.7175376596180138e-14
1787945975200841628,3.040781163235441e-16,1.719961642615525e-14,1.6896303463867693e-14,1.7175376596180138e-14
1787945975300538771,3.0412590139975984e-16,1.719961642615525e-14,1.6896255680955448e-14,1.7175376596180138e-14
1787945975400589417,3.0416934716507987e-16,1.719961642615525e-14,1.6896212237157595e-14,1.7175376596180138e-14
1787945975500992916,3.0421203708046424e-16,1.719961642615525e-14,1.6896169549175463e-14,1.7175376596180138e-14
1787945975600800356,3.042632465455103e-16,1.719961642615525e-14,1.68961183420295e-14,1.7175376596180138e-14
1787945975700696111,3.0431073870618536e-16,1.719961642615525e-14,1.689607085201957e-14,1.7175376596180138e-14
1787945975800823001,3.0435293139472045e-16,1.719961642615525e-14,1.68960286612418e-14,1.7175376596180138e-14
1787945975900566921,3.0439305000255605e-16,1.719961642615525e-14,1.6895988544450812e-14,1.7175376596180138e-14
1787945976000794519,3.0442541449754267e-16,1.719961642615525e-14,1.689595618142152e-14,1.7175376596180138e-14
1787945976100511875,3.0447216981522486e-16,1.719961642615525e-14,1.689590942822126e-14,1.7175376596180138e-14
1787945976200493367,3.045199266110469e-16,1.719961642615525e-14,1.689586167358822e-14,1.7175376596180138e-14
1787945976300527458,3.045754294677776e-16,1.719961642615525e-14,1.6895806173245095e-14,1.7175376596180138e-14
1787945976400788946,3.046310066342987e-16,1.719961642615525e-14,1.6895750598595557e-14,1.7175376596180138e-14
1787945976500543141,3.0468707596114873e-16,1.719961642615525e-14,1.6895694531807996e-14,1.7175376596180138e-14
1787945976600507020,3.0473652535370633e-16,1.719961642615525e-14,1.689564508465494e-14,1.7175376596180138e-14
1787945976700640548,3.0479190788464234e-16,1.719961642615525e-14,1.689558970463222e-14,1.7175376596180138e-14
1787945976800490402,3.048453726732605e-16,1.719961642615525e-14,1.6895536242264985e-14,1.7175376596180138e-14
1787945976901024643,3.048861384315875e-16,1.719961642615525e-14,1.6895495478352918e-14,1.7175376596180138e-14
1787945977000562161,3.049315713314074e-16,1.719961642615525e-14,1.6895450047510743e-14,1.7175376596180138e-14
1787945977100573194,3.0497717069156506e-16,1.719961642615525e-14,1.689540445021578e-14,1.7175376596180138e-14
1787945977200617890,3.050363857555326e-16,1.719961642615525e-14,1.689534523783368e-14,1.7175376596180138e-14
1787945977301099217,3.0508538639846987e-16,1.719961642615525e-14,1.6895296239410008e-14,1.7175376596180138e-14
1787945977402029978,3.0514609668874407e-16,1.719961642615525e-14,1.6895235531869355e-14,1.7175376596180138e-14
1787945977501593490,3.051845304409659e-16,1.719961642615525e-14,1.689519709985784e-14,1.7175376596180138e-14
1787945977602334175,3.0523291485994563e-16,1.719961642615525e-14,1.6895148717630254e-14,1.7175376596180138e-14
1787945977701608193,3.0527876855163336e-16,1.719961642615525e-14,1.6895102866015355e-14,1.7175376596180138e-14
1787945977800836094,3.053377351630835e-16,1.719961642615525e-14,1.6895043902074614e-14,1.7175376596180138e-14
1787945977901033297,3.0538694690507633e-16,1.719961642615525e-14,1.689499469256153e-14,1.7175376596180138e-14
1787945978000975872,3.054410035613584e-16,1.719961642615525e-14,1.6894940638353608e-14,1.7175376596180138e-14
1787945978100649687,3.0548627472846766e-16,1.719961642615525e-14,1.6894895369236952e-14,1.7175376596180138e-14
1787945978200665895,3.0552839414839877e-16,1.719961642615525e-14,1.6894853251724734e-14,1.7175376596180138e-14
1787945978301025960,3.055885836456724e-16,1.719961642615525e-14,1.6894793064953636e-14,1.7175376596180138e-14
1787945978401023433,3.0564151969352803e-16,1.719961642615525e-14,1.6894740131303442e-14,1.7175376596180138e-14
1787945978501794830,3.0569222709795293e-16,1.719961642615525e-14,1.6894689426195748e-14,1.7175376596180138e-14
1787945978600899556,3.0574387986095666e-16,1.719961642615525e-14,1.6894637775772307e-14,1.7175376596180138e-14
1787945978701156788,3.057908550346139e-16,1.719961642615525e-14,1.689459080272636e-14,1.7175376596180138e-14
1787945978801496584,3.05823635256967e-16,1.719961642615525e-14,1.6894558023988775e-14,1.7175376596180138e-14
1787945978900885424,3.0586905192603023e-16,1.719961642615525e-14,1.6894512609376848e-14,1.7175376596180138e-14
1787945979000807215,3.0592236995374496e-16,1.719961642615525e-14,1.6894459293764174e-14,1.7175376596180138e-14
1787945979100907807,3.0598525876239757e-16,1.719961642615525e-14,1.6894396407804092e-14,1.7175376596180138e-14
1787945979201266966,3.0603108910217587e-16,1.719961642615525e-14,1.689435057954023e-14,1.7175376596180138e-14
1787945979300735901,3.060753267219904e-16,1.719961642615525e-14,1.6894306343924197e-14,1.7175376596180138e-14
1787945979402152046,3.0612085496335867e-16,1.719961642615525e-14,1.689426081774508e-14,1.7175376596180138e-14
1787945979500799328,3.0617338562039235e-16,1.719961642615525e-14,1.6894208289467496e-14,1.7175376596180138e-14
1787945979600669407,3.062253162985628e-16,1.719961642615525e-14,1.6894156361141612e-14,1.7175376596180138e-14
1787945979700584531,3.0627120818401727e-16,1.719961642615525e-14,1.6894110471334918e-14,1.7175376596180138e-14
1787945979800628738,3.063124882356938e-16,1.719961642615525e-14,1.689406919315311e-14,1.7175376596180138e-14
1787945979901364915,3.063651891021604e-16,1.719961642615525e-14,1.6894016494673858e-14,1.7175376596180138e-14
1787945980001467160,3.064179446259485e-16,1.719961642615525e-14,1.6893963741539772e-14,1.7175376596180138e-14
1787945980100722741,3.0646123199853397e-16,1.719961642615525e-14,1.6893920456128017e-14,1.7175376596180138e-14
1787945980200628142,3.065072918495495e-16,1.719961642615525e-14,1.689387439836343e-14,1.7175376596180138e-14
1787945980300607372,3.0655571671516616e-16,1.719961642615525e-14,1.6893825975691384e-14,1.7175376596180138e-14
1787945980400644782,3.066040863514128e-16,1.719961642615525e-14,1.6893777608246218e-14,1.7175376596180138e-14
1787945980500663857,3.066481975772689e-16,1.719961642615525e-14,1.6893733499018557e-14,1.7175376596180138e-14
1787945980600669567,3.067018902174938e-16,1.719961642615525e-14,1.6893679808810565e-14,1.7175376596180138e-14
1787945980700893557,3.0675550596280286e-16,1.719961642615525e-14,1.6893626195494025e-14,1.7175376596180138e-14
1787945980801407231,3.06798027191186e-16,1.719961642615525e-14,1.689358367619184e-14,1.7175376596180138e-14
1787945980900830938,3.0684938485957444e-16,1.719961642615525e-14,1.6893532320849956e-14,1.7175376596180138e-14
1787945981000578082,3.06899438209348e-16,1.719961642615525e-14,1.689348226976761e-14,1.7175376596180138e-14
1787945981100762984,3.069395651966194e-16,1.719961642615525e-14,1.6893442144598115e-14,1.7175376596180138e-14
1787945981200694050,3.069904682200467e-16,1.719961642615525e-14,1.6893391243880634e-14,1.7175376596180138e-14
1787945981300882519,3.0703922145418545e-16,1.719961642615525e-14,1.6893342492855068e-14,1.7175376596180138e-14
1787945981400906488,3.0709313853341987e-16,1.719961642615525e-14,1.6893288578218347e-14,1.7175376596180138e-14
1787945981500917093,3.071246997093773e-16,1.719961642615525e-14,1.6893257018472158e-14,1.7175376596180138e-14
1787945981600721731,3.0716736439877913e-16,1.719961642615525e-14,1.6893214355715542e-14,1.7175376596180138e-14
1787945981700968830,3.0721491809366306e-16,1.719961642615525e-14,1.6893166804174935e-14,1.7175376596180138e-14
1787945981800720388,3.0728019580244213e-16,1.719961642615525e-14,1.6893101529423386e-14,1.7175376596180138e-14
1787945981900717157,3.0733760549395573e-16,1.719961642615525e-14,1.6893044122332683e-14,1.7175376596180138e-14
1787945982000949669,3.073792960773595e-16,1.719961642615525e-14,1.6893002433637982e-14,1.7175376596180138e-14
1787945982100886450,3.074216932777046e-16,1.719961642615525e-14,1.6892960038358363e-14,1.7175376596180138e-14
1787945982200645949,3.0746387741305684e-16,1.719961642615525e-14,1.6892917856134092e-14,1.7175376596180138e-14
1787945982300575287,3.0752079390116653e-16,1.719961642615525e-14,1.6892860942224503e-14,1.7175376596180138e-14
1787945982400655127,3.0756937339016884e-16,1.719961642615525e-14,1.689281236493634e-14,1.7175376596180138e-14
1787945982500619200,3.0761291100795687e-16,1.719961642615525e-14,1.6892768829290987e-14,1.7175376596180138e-14
1787945982600618379,3.076679540358128e-16,1.719961642615525e-14,1.689271378875682e-14,1.7175376596180138e-14
1787945982700733115,3.077181156951532e-16,1.719961642615525e-14,1.6892663629370037e-14,1.7175376596180138e-14
1787945982800721514,3.077754774483023e-16,1.719961642615525e-14,1.689260627021566e-14,1.7175376596180138e-14
1787945982900620885,3.0782525151410687e-16,1.719961642615525e-14,1.6892556498404884e-14,1.7175376596180138e-14
1787945983000724801,3.0787955572200225e-16,1.719961642615525e-14,1.689250219665727e-14,1.7175376596180138e-14
1787945983100819375,3.079246050749735e-16,1.719961642615525e-14,1.6892457149345295e-14,1.7175376596180138e-14
1787945983200725074,3.079733903753357e-16,1.719961642615525e-14,1.6892408366255203e-14,1.7175376596180138e-14
1787945983300620523,3.080200987878968e-16,1.719961642615525e-14,1.6892361659958827e-14,1.7175376596180138e-14
1787945983400546029,3.0806829842754655e-16,1.719961642615525e-14,1.6892313462502937e-14,1.7175376596180138e-14
1787945983500778833,3.081210930396402e-16,1.719961642615525e-14,1.6892260670282797e-14,1.7175376596180138e-14
1787945983600594483,3.081772067037393e-16,1.719961642615525e-14,1.6892204559161048e-14,1.7175376596180138e-14
1787945983700721678,3.082284212488614e-16,1.719961642615525e-14,1.6892153346936323e-14,1.7175376596180138e-14
1787945983800599985,3.0827309042226345e-16,1.719961642615525e-14,1.689210867978678e-14,1.7175376596180138e-14
1787945983900544187,3.083211865249136e-16,1.719961642615525e-14,1.6892060585863262e-14,1.7175376596180138e-14
1787945984000966125,3.083718274703208e-16,1.719961642615525e-14,1.6892009947212305e-14,1.7175376596180138e-14
1787945984100644834,3.0841676886325827e-16,1.719961642615525e-14,1.689196500785559e-14,1.7175376596180138e-14
1787945984200817179,3.0846703788559235e-16,1.719961642615525e-14,1.689191474111088e-14,1.7175376596180138e-14
1787945984300960941,3.085062408526001e-16,1.719961642615525e-14,1.6891875539920118e-14,1.7175376596180138e-14
1787945984400971793,3.085530690807893e-16,1.719961642615525e-14,1.6891828713813677e-14,1.7175376596180138e-14
1787945984501225041,3.0858821721702497e-16,1.719961642615525e-14,1.689179356726998e-14,1.7175376596180138e-14
1787945984601519626,3.086566703576369e-16,1.719961642615525e-14,1.689172511723096e-14,1.7175376596180138e-14
1787945984701300035,3.086994831525559e-16,1.719961642615525e-14,1.6891682306375887e-14,1.7175376596180138e-14
1787945984801513358,3.0874734094682313e-16,1.719961642615525e-14,1.6891634450750063e-14,1.7175376596180138e-14
1787945984901004914,3.0878103816425763e-16,1.719961642615525e-14,1.6891600755059465e-14,1.7175376596180138e-14
1787945985000621466,3.0883197423768325e-16,1.719961642615525e-14,1.6891549821293984e-14,1.7175376596180138e-14
1787945985100975588,3.088790929186379e-16,1.719961642615525e-14,1.689150270474802e-14,1.7175376596180138e-14
1787945985201023476,3.0892605929590357e-16,1.719961642615525e-14,1.6891455740498858e-14,1.7175376596180138e-14
1787945985301057136,3.089793588709843e-16,1.719961642615525e-14,1.6891402443338858e-14,1.7175376596180138e-14
1787945985400787537,3.090229335430524e-16,1.719961642615525e-14,1.6891358870641228e-14,1.7175376596180138e-14
1787945985500639717,3.090736126883486e-16,1.719961642615525e-14,1.6891308193792304e-14,1.7175376596180138e-14
1787945985600837526,3.0912156225481414e-16,1.719961642615525e-14,1.689126024639854e-14,1.7175376596180138e-14
1787945985700892797,3.0917135217132515e-16,1.719961642615525e-14,1.6891210458738133e-14,1.7175376596180138e-14
1787945985800881163,3.092286178757535e-16,1.719961642615525e-14,1.6891153195628573e-14,1.7175376596180138e-14
1787945985900979706,3.0928163059198235e-16,1.719961642615525e-14,1.689110018531451e-14,1.7175376596180138e-14
1787945986000879134,3.0932894984789907e-16,1.719961642615525e-14,1.6891052868202788e-14,1.7175376596180138e-14
1787945986100672980,3.0937576155424934e-16,1.719961642615525e-14,1.6891006058617644e-14,1.7175376596180138e-14
1787945986200599395,3.0943215705225126e-16,1.719961642615525e-14,1.6890949665675135e-14,1.7175376596180138e-14
1787945986300819922,3.094857307735558e-16,1.719961642615525e-14,1.6890896094381478e-14,1.7175376596180138e-14
1787945986400709047,3.095373709129094e-16,1.719961642615525e-14,1.6890844456582172e-14,1.7175376596180138e-14
1787945986500733496,3.0958441761281696e-16,1.719961642615525e-14,1.6890797412014168e-14,1.7175376596180138e-14
1787945986600594388,3.0963301952779266e-16,1.719961642615525e-14,1.689074881230159e-14,1.7175376596180138e-14
1787945986700624247,3.0968444782256954e-16,1.719961642615525e-14,1.6890697386337297e-14,1.7175376596180138e-14
1787945986800828424,3.097454228521654e-16,1.719961642615525e-14,1.6890636414070814e-14,1.7175376596180138e-14
1787945986901143599,3.0980058130239404e-16,1.719961642615525e-14,1.6890581258120136e-14,1.7175376596180138e-14
1787945987000645366,3.0984303404686765e-16,1.719961642615525e-14,1.6890538807299455e-14,1.7175376596180138e-14
1787945987100651546,3.098920928977849e-16,1.719961642615525e-14,1.6890489750671705e-14,1.7175376596180138e-14
1787945987200620026,3.09940468408478e-16,1.719961642615525e-14,1.6890441377353227e-14,1.7175376596180138e-14
1787945987300817476,3.099932031538783e-16,1.719961642615525e-14,1.6890388644997602e-14,1.7175376596180138e-14
1787945987400612239,3.1004314228658653e-16,1.719961642615525e-14,1.6890338708127994e-14,1.7175376596180138e-14
1787945987500594504,3.1010152468190813e-16,1.719961642615525e-14,1.689028032837841e-14,1.7175376596180138e-14
1787945987600713527,3.1015534267818233e-16,1.719961642615525e-14,1.6890226512821045e-14,1.7175376596180138e-14
1787945987700574815,3.1020465741798444e-16,1.719961642615525e-14,1.689017720031609e-14,1.7175376596180138e-14
1787945987800606533,3.102451909316001e-16,1.719961642615525e-14,1.6890136668639382e-14,1.7175376596180138e-14
1787945987900650605,3.102897878658274e-16,1.719961642615525e-14,1.689009207372622e-14,1.7175376596180138e-14
1787945988001263695,3.103458229290832e-16,1.719961642615525e-14,1.6890036041202405e-14,1.7175376596180138e-14
1787945988100612416,3.1039932012306955e-16,1.719961642615525e-14,1.688998254643286e-14,1.7175376596180138e-14
1787945988200682643,3.1044645862932695e-16,1.719961642615525e-14,1.6889935410062887e-14,1.7175376596180138e-14
1787945988300639817,3.104939299171291e-16,1.719961642615525e-14,1.6889887940926463e-14,1.7175376596180138e-14
1787945988400603794,3.1054825996276626e-16,1.719961642615525e-14,1.6889833613343058e-14,1.7175376596180138e-14
1787945988500541040,3.106016317242543e-16,1.719961642615525e-14,1.6889780244000383e-14,1.7175376596180138e-14
1787945988600613120,3.1065940200152684e-16,1.719961642615525e-14,1.6889722476341286e-14,1.7175376596180138e-14
1787945988700560085,3.107160958755191e-16,1.719961642615525e-14,1.6889665785036705e-14,1.7175376596180138e-14
1787945988800938400,3.1077119756347944e-16,1.719961642615525e-14,1.6889610685846007e-14,1.7175376596180138e-14
1787945988900534826,3.1081827118097547e-16,1.719961642615525e-14,1.6889563614361952e-14,1.7175376596180138e-14
1787945989000701945,3.108642483810868e-16,1.719961642615525e-14,1.6889517639245596e-14,1.7175376596180138e-14
1787945989100749995,3.1092370227062297e-16,1.719961642615525e-14,1.688945818805062e-14,1.7175376596180138e-14
1787945989200847639,3.1097427481240274e-16,1.719961642615525e-14,1.68894076178009e-14,1.7175376596180138e-14
1787945989300774231,3.1102026083294923e-16,1.719961642615525e-14,1.6889361633864548e-14,1.7175376596180138e-14
1787945989400731441,3.110637152890622e-16,1.719961642615525e-14,1.6889318181377904e-14,1.7175376596180138e-14
1787945989500987683,3.111092605644162e-16,1.719961642615525e-14,1.6889272638166794e-14,1.7175376596180138e-14
1787945989600723246,3.1117081245882623e-16,1.719961642615525e-14,1.6889211089062113e-14,1.7175376596180138e-14
1787945989700845826,3.112241062035497e-16,1.719961642615525e-14,1.6889157797732847e-14,1.7175376596180138e-14
1787945989800977995,3.1126559695960803e-16,1.719961642615525e-14,1.6889116308857304e-14,1.7175376596180138e-14
1787945989900706525,3.1131526265485947e-16,1.719961642615525e-14,1.6889066645413102e-14,1.7175376596180138e-14
1787945990001047506,3.1136846027852154e-16,1.719961642615525e-14,1.688901345020058e-14,1.7175376596180138e-14
1787945990100819754,3.1141645666909423e-16,1.719961642615525e-14,1.6888965455985422e-14,1.7175376596180138e-14
1787945990200714953,3.1146564298163243e-16,1.719961642615525e-14,1.6888916271902242e-14,1.7175376596180138e-14
1787945990300674934,3.115150173413143e-16,1.719961642615525e-14,1.6888866899780457e-14,1.7175376596180138e-14
1787945990400753287,3.115568312562672e-16,1.719961642615525e-14,1.6888825087760733e-14,1.7175376596180138e-14
1787945990500788339,3.116143796322796e-16,1.719961642615525e-14,1.688876754199313e-14,1.7175376596180138e-14
1787945990600647309,3.116569925734567e-16,1.719961642615525e-14,1.6888724930983418e-14,1.7175376596180138e-14
1787945990700622318,3.1171029156416685e-16,1.719961642615525e-14,1.6888671634408545e-14,1.7175376596180138e-14
1787945990801016435,3.117575130858108e-16,1.719961642615525e-14,1.688862441502728e-14,1.7175376596180138e-14
1787945990900696209,3.1181934197153313e-16,1.719961642615525e-14,1.6888562588944056e-14,1.7175376596180138e-14
1787945991002512356,3.1186480100664906e-16,1.719961642615525e-14,1.6888517131969456e-14,1.7175376596180138e-14
1787945991100953159,3.119109234664251e-16,1.719961642615525e-14,1.688847101160028e-14,1.7175376596180138e-14
1787945991201131666,3.1195357605095956e-16,1.719961642615525e-14,1.6888428360949082e-14,1.7175376596180138e-14
1787945991301078037,3.1201081863008867e-16,1.719961642615525e-14,1.6888371120964626e-14,1.7175376596180138e-14
1787945991401117763,3.1207660420224366e-16,1.719961642615525e-14,1.68883053383744e-14,1.7175376596180138e-14
1787945991500849391,3.121152649622069e-16,1.719961642615525e-14,1.688826667936686e-14,1.7175376596180138e-14
1787945991600609792,3.121624374680231e-16,1.719961642615525e-14,1.6888219508999306e-14,1.7175376596180138e-14
1787945991700628539,3.1220806361218507e-16,1.719961642615525e-14,1.688817388492332e-14,1.7175376596180138e-14
1787945991800538571,3.1226786126295313e-16,1.719961642615525e-14,1.6888114089983126e-14,1.7175376596180138e-14
1787945991900573990,3.123213431949868e-16,1.719961642615525e-14,1.6888060610475394e-14,1.7175376596180138e-14
1787945992000620689,3.123664946200752e-16,1.719961642615525e-14,1.6888015461097e-14,1.7175376596180138e-14
1787945992100501532,3.1241859616397005e-16,1.719961642615525e-14,1.6887963361914867e-14,1.7175376596180138e-14
1787945992200488646,3.1247273177753745e-16,1.719961642615525e-14,1.6887909228755276e-14,1.7175376596180138e-14
1787945992300469106,3.1251977718217113e-16,1.719961642615525e-14,1.688786218548323e-14,1.7175376596180138e-14
1787945992400550216,3.1257200639058463e-16,1.719961642615525e-14,1.6887809958642403e-14,1.7175376596180138e-14
1787945992500706837,3.1262402787583025e-16,1.719961642615525e-14,1.6887757939515344e-14,1.7175376596180138e-14
1787945992601078723,3.1267683806651076e-16,1.719961642615525e-14,1.6887705131718618e-14,1.7175376596180138e-14
1787945992700783877,3.1271492228688992e-16,1.719961642615525e-14,1.6887667049224654e-14,1.7175376596180138e-14
1787945992800819842,3.127623390420896e-16,1.719961642615525e-14,1.688761963461894e-14,1.7175376596180138e-14
1787945992900992884,3.128124644398778e-16,1.719961642615525e-14,1.6887569511493435e-14,1.7175376596180138e-14
1787945993000840295,3.128645954346356e-16,1.719961642615525e-14,1.6887517382861893e-14,1.7175376596180138e-14
1787945993100791847,3.12909069247508e-16,1.719961642615525e-14,1.6887472911065136e-14,1.7175376596180138e-14
1787945993200736536,3.1296424854260195e-16,1.719961642615525e-14,1.688741773427147e-14,1.7175376596180138e-14
1787945993300896940,3.1301075590325125e-16,1.719961642615525e-14,1.6887371229019146e-14,1.7175376596180138e-14
1787945993400663625,3.1306361287488923e-16,1.719961642615525e-14,1.688731837444369e-14,1.7175376596180138e-14
1787945993500617050,3.1311853301520685e-16,1.719961642615525e-14,1.6887263456793105e-14,1.7175376596180138e-14
1787945993600630488,3.1316804280862997e-16,1.719961642615525e-14,1.6887213949244154e-14,1.7175376596180138e-14
1787945993700864010,3.1322144809034684e-16,1.719961642615525e-14,1.688716054638352e-14,1.7175376596180138e-14
1787945993800657896,3.1326020587419953e-16,1.719961642615525e-14,1.6887121790356733e-14,1.7175376596180138e-14
1787945993900805787,3.1329105748063693e-16,1.719961642615525e-14,1.688709094014894e-14,1.7175376596180138e-14
1787945994000767758,3.1334779400819453e-16,1.719961642615525e-14,1.6887034206193525e-14,1.7175376596180138e-14
1787945994100658472,3.1340702034433497e-16,1.719961642615525e-14,1.6886974982542423e-14,1.7175376596180138e-14
1787945994200673419,3.1346314190395454e-16,1.719961642615525e-14,1.6886918863527102e-14,1.7175376596180138e-14
1787945994300814472,3.1351084653302385e-16,1.719961642615525e-14,1.688687116106076e-14,1.7175376596180138e-14
1787945994400692852,3.135574756043162e-16,1.719961642615525e-14,1.6886824534103443e-14,1.7175376596180138e-14
1787945994500768513,3.1361083778484626e-16,1.719961642615525e-14,1.6886771174342156e-14,1.7175376596180138e-14
1787945994600829998,3.136638996124682e-16,1.719961642615525e-14,1.6886718114920176e-14,1.7175376596180138e-14
1787945994700857017,3.137105053042399e-16,1.719961642615525e-14,1.688667151134136e-14,1.7175376596180138e-14
1787945994800724237,3.1375477118869565e-16,1.719961642615525e-14,1.688662724746379e-14,1.7175376596180138e-14
1787945994901330865,3.138090075744566e-16,1.719961642615525e-14,1.6886573013536963e-14,1.7175376596180138e-14
1787945995000726649,3.1385709346511695e-16,1.719961642615525e-14,1.68865249298264e-14,1.7175376596180138e-14
1787945995100704732,3.138944448289585e-16,1.719961642615525e-14,1.6886487580155992e-14,1.7175376596180138e-14
1787945995201542140,3.139450528788705e-16,1.719961642615525e-14,1.688643697440055e-14,1.7175376596180138e-14
1787945995300722214,3.140048352820865e-16,1.719961642615525e-14,1.6886377194707772e-14,1.7175376596180138e-14
1787945995400911073,3.140679960361594e-16,1.719961642615525e-14,1.6886314036817327e-14,1.7175376596180138e-14
1787945995500633917,3.1412487946643053e-16,1.719961642615525e-14,1.6886257155966096e-14,1.7175376596180138e-14
1787945995600631918,3.1417080035925474e-16,1.719961642615525e-14,1.6886211237155294e-14,1.7175376596180138e-14
1787945995700598520,3.1421456036617503e-16,1.719961642615525e-14,1.6886167479132433e-14,1.7175376596180138e-14
1787945995800567506,3.1427049044081245e-16,1.719961642615525e-14,1.6886111551593656e-14,1.7175376596180138e-14
1787945995900546701,3.1431851425668074e-16,1.719961642615525e-14,1.688606352995519e-14,1.7175376596180138e-14
1787945996000523552,3.143791418297568e-16,1.719961642615525e-14,1.6886002905130992e-14,1.7175376596180138e-14
1787945996100872138,3.144422197529569e-16,1.719961642615525e-14,1.6885939830067793e-14,1.7175376596180138e-14
1787945996200594777,3.1449293517590984e-16,1.719961642615525e-14,1.688588911694433e-14,1.7175376596180138e-14
1787945996300543771,3.145539655870277e-16,1.719961642615525e-14,1.6885828089300416e-14,1.7175376596180138e-14
1787945996400565483,3.1461637398917586e-16,1.719961642615525e-14,1.6885765683727967e-14,1.7175376596180138e-14
1787945996500551827,3.1467132184302796e-16,1.719961642615525e-14,1.688571073836556e-14,1.7175376596180138e-14
1787945996600506733,3.147174197660548e-16,1.719961642615525e-14,1.6885664642532716e-14,1.7175376596180138e-14
1787945996700773955,3.1475637058688113e-16,1.719961642615525e-14,1.6885625693478017e-14,1.7175376596180138e-14
1787945996800613584,3.1480802183629443e-16,1.719961642615525e-14,1.6885574044570612e-14,1.7175376596180138e-14
1787945996900529035,3.1486442714256914e-16,1.719961642615525e-14,1.6885517641821922e-14,1.7175376596180138e-14
1787945997001856819,3.149194205990794e-16,1.719961642615525e-14,1.6885462650859e-14,1.7175376596180138e-14
1787945997100783490,3.149714663739411e-16,1.719961642615525e-14,1.6885410607444077e-14,1.7175376596180138e-14
1787945997200735025,3.150258071028149e-16,1.719961642615525e-14,1.6885356269179227e-14,1.7175376596180138e-14
1787945997300645402,3.150744570670917e-16,1.719961642615525e-14,1.6885307621420938e-14,1.7175376596180138e-14
1787945997400697576,3.151289119276251e-16,1.719961642615525e-14,1.688525316902963e-14,1.7175376596180138e-14
1787945997500837185,3.151829314509517e-16,1.719961642615525e-14,1.6885199151955806e-14,1.7175376596180138e-14
1787945997600728517,3.1523500895201543e-16,1.719961642615525e-14,1.68851470768162e-14,1.7175376596180138e-14
1787945997702090200,3.1528331175877285e-16,1.719961642615525e-14,1.6885098776199745e-14,1.7175376596180138e-14
1787945997800803159,3.153421179345304e-16,1.719961642615525e-14,1.6885039972690586e-14,1.7175376596180138e-14
1787945997900625792,3.1540336903025683e-16,1.719961642615525e-14,1.6884978724372343e-14,1.7175376596180138e-14
1787945998000867652,3.1545476901293016e-16,1.719961642615525e-14,1.6884927326720463e-14,1.7175376596180138e-14
1787945998100600863,3.155166020008628e-16,1.719961642615525e-14,1.6884865496536444e-14,1.7175376596180138e-14
1787945998200709319,3.155806883248621e-16,1.719961642615525e-14,1.6884801413118558e-14,1.7175376596180138e-14
1787945998300718167,3.156345313172034e-16,1.719961642615525e-14,1.6884747572567842e-14,1.7175376596180138e-14
1787945998400698121,3.156843775072996e-16,1.719961642615525e-14,1.6884697728638143e-14,1.7175376596180138e-14
1787945998500695027,3.157422176355046e-16,1.719961642615525e-14,1.6884639891132854e-14,1.7175376596180138e-14
1787945998600917978,3.1579551123883633e-16,1.719961642615525e-14,1.6884586599946282e-14,1.7175376596180138e-14
1787945998700984975,3.1585094077153296e-16,1.719961642615525e-14,1.6884531172927223e-14,1.7175376596180138e-14
1787945998801077271,3.158938034578861e-16,1.719961642615525e-14,1.688448831218463e-14,1.7175376596180138e-14
1787945998900790123,3.1593389007885313e-16,1.719961642615525e-14,1.6884448227381545e-14,1.7175376596180138e-14
1787945999001140052,3.1598385554603567e-16,1.719961642615525e-14,1.6884398264180246e-14,1.7175376596180138e-14
1787945999101130251,3.1603920807220583e-16,1.719961642615525e-14,1.688434291416428e-14,1.7175376596180138e-14
1787945999202862703,3.1610021832066705e-16,1.719961642615525e-14,1.688428190668261e-14,1.7175376596180138e-14
1787945999301008328,3.161495966691249e-16,1.719961642615525e-14,1.6884232530573457e-14,1.7175376596180138e-14
1787945999400606451,3.1620870318792684e-16,1.719961642615525e-14,1.688417342673515e-14,1.7175376596180138e-14
1787945999501425286,3.1625979592579264e-16,1.719961642615525e-14,1.6884122336314365e-14,1.7175376596180138e-14
1787945999601059206,3.163089263750957e-16,1.719961642615525e-14,1.688407320809317e-14,1.7175376596180138e-14
1787945999700541311,3.1635935129247394e-16,1.719961642615525e-14,1.6884022785462614e-14,1.7175376596180138e-14
1787945999800525048,3.16416261860555e-16,1.719961642615525e-14,1.6883965877475502e-14,1.7175376596180138e-14
1787945999900575981,3.164767095071723e-16,1.719961642615525e-14,1.6883905432570287e-14,1.7175376596180138e-14
1787946000000518351,3.1652592936583292e-16,1.719961642615525e-14,1.688385621494384e-14,1.7175376596180138e-14
1787946000100690808,3.1657655861487576e-16,1.719961642615525e-14,1.6883805587990946e-14,1.7175376596180138e-14
1787946000200607615,3.166287073395029e-16,1.719961642615525e-14,1.6883753441631395e-14,1.7175376596180138e-14
1787946000300794640,3.166812517330523e-16,1.719961642615525e-14,1.688370089962088e-14,1.7175376596180138e-14
1787946000400794373,3.167413075659359e-16,1.719961642615525e-14,1.6883640846511716e-14,1.7175376596180138e-14
1787946000500682005,3.1679731410008807e-16,1.719961642615525e-14,1.6883584842517648e-14,1.7175376596180138e-14
1787946000600784260,3.1684185817774935e-16,1.719961642615525e-14,1.6883540300460224e-14,1.7175376596180138e-14
1787946000700710926,3.168873402970012e-16,1.719961642615525e-14,1.6883494820403766e-14,1.7175376596180138e-14
1787946000800599741,3.169305035948324e-16,1.719961642615525e-14,1.6883451659063568e-14,1.7175376596180138e-14
1787946000900686026,3.169861161701391e-16,1.719961642615525e-14,1.6883396049010537e-14,1.7175376596180138e-14
1787946001001644480,3.170444151304933e-16,1.719961642615525e-14,1.6883337752694317e-14,1.7175376596180138e-14
1787946001100661242,3.171003212867128e-16,1.719961642615525e-14,1.6883281849073723e-14,1.7175376596180138e-14
1787946001200659117,3.171476315447629e-16,1.719961642615525e-14,1.6883234540961443e-14,1.7175376596180138e-14
1787946001300715362,3.1720176588454656e-16,1.719961642615525e-14,1.6883180409076954e-14,1.7175376596180138e-14
1787946001400613420,3.1725872694640713e-16,1.719961642615525e-14,1.688312345059861e-14,1.7175376596180138e-14
1787946001500637454,3.1731624639417703e-16,1.719961642615525e-14,1.6883065933759703e-14,1.7175376596180138e-14
1787946001600651730,3.1737183521625545e-16,1.719961642615525e-14,1.688301034745894e-14,1.7175376596180138e-14
1787946001700812211,3.1741501974825175e-16,1.719961642615525e-14,1.688296716488565e-14,1.7175376596180138e-14
1787946001800909563,3.1747617052779723e-16,1.719961642615525e-14,1.6882906016879727e-14,1.7175376596180138e-14
1787946001900989322,3.175319587324729e-16,1.719961642615525e-14,1.6882850231205455e-14,1.7175376596180138e-14
1787946002001015811,3.175918559822812e-16,1.719961642615525e-14,1.6882790336672445e-14,1.7175376596180138e-14
1787946002100775024,3.1764177750031934e-16,1.719961642615525e-14,1.6882740417418745e-14,1.7175376596180138e-14
1787946002200583850,3.1768524213691623e-16,1.719961642615525e-14,1.6882696954753624e-14,1.7175376596180138e-14
1787946002300701375,3.1773936643770425e-16,1.719961642615525e-14,1.6882642832907832e-14,1.7175376596180138e-14
1787946002400518978,3.1779456275058763e-16,1.719961642615525e-14,1.6882587639098582e-14,1.7175376596180138e-14
1787946002500683772,3.178429718168014e-16,1.719961642615525e-14,1.688253923222816e-14,1.7175376596180138e-14
1787946002600703244,3.1789915612748916e-16,1.719961642615525e-14,1.6882483050465954e-14,1.7175376596180138e-14
1787946002700798989,3.1795505596415373e-16,1.719961642615525e-14,1.6882427153164885e-14,1.7175376596180138e-14
1787946002800675341,3.180056412512772e-16,1.719961642615525e-14,1.6882376570172306e-14,1.7175376596180138e-14
1787946002900627045,3.1806173501150856e-16,1.719961642615525e-14,1.6882320478956496e-14,1.7175376596180138e-14
1787946003000716098,3.181077009330015e-16,1.719961642615525e-14,1.688227451512004e-14,1.7175376596180138e-14
1787946003100729624,3.181608070612663e-16,1.719961642615525e-14,1.6882221411400707e-14,1.7175376596180138e-14
1787946003200575005,3.1821341450364736e-16,1.719961642615525e-14,1.6882168806344654e-14,1.7175376596180138e-14
1787946003300714537,3.182807676164057e-16,1.719961642615525e-14,1.688210145628712e-14,1.7175376596180138e-14
1787946003400595204,3.1832469683948475e-16,1.719961642615525e-14,1.6882057529056746e-14,1.7175376596180138e-14
1787946003500573023,3.1837471652943936e-16,1.719961642615525e-14,1.688200751163578e-14,1.7175376596180138e-14
1787946003600795442,3.1844583731066055e-16,1.719961642615525e-14,1.6881936394080752e-14,1.7175376596180138e-14
1787946003700688612,3.1849934686305504e-16,1.719961642615525e-14,1.6881882886955685e-14,1.7175376596180138e-14
1787946003800628149,3.1855349057707875e-16,1.719961642615525e-14,1.6881828745697774e-14,1.7175376596180138e-14
1787946003900704153,3.186032431105245e-16,1.719961642615525e-14,1.688177899542126e-14,1.7175376596180138e-14
1787946004000608794,3.1865345051650774e-16,1.719961642615525e-14,1.6881728790292856e-14,1.7175376596180138e-14
1787946004100586028,3.1870546169715746e-16,1.719961642615525e-14,1.6881676781471624e-14,1.7175376596180138e-14
1787946004200630148,3.187697114278113e-16,1.719961642615525e-14,1.6881612534655593e-14,1.7175376596180138e-14
1787946004301112300,3.18817696944965e-16,1.719961642615525e-14,1.6881564551315265e-14,1.7175376596180138e-14
1787946004400772388,3.188656929712048e-16,1.719961642615525e-14,1.6881516557466344e-14,1.7175376596180138e-14
1787946004500627312,3.1891720679187173e-16,1.719961642615525e-14,1.688146504598259e-14,1.7175376596180138e-14
1787946004600581553,3.189657480694797e-16,1.719961642615525e-14,1.688141650690706e-14,1.7175376596180138e-14
1787946004700655198,3.1901965549843276e-16,1.719961642615525e-14,1.6881362601923638e-14,1.7175376596180138e-14
1787946004800692635,3.1907815747489183e-16,1.719961642615525e-14,1.688130410260116e-14,1.7175376596180138e-14
1787946004900567286,3.19132365516626e-16,1.719961642615525e-14,1.6881249897018625e-14,1.7175376596180138e-14
1787946005000495919,3.1918823837457734e-16,1.719961642615525e-14,1.6881194026695415e-14,1.7175376596180138e-14
1787946005100793590,3.192417794923971e-16,1.719961642615525e-14,1.688114048800657e-14,1.7175376596180138e-14
1787946005200936321,3.193008632132742e-16,1.719961642615525e-14,1.6881081406966135e-14,1.7175376596180138e-14
1787946005300896799,3.19345820647693e-16,1.719961642615525e-14,1.6881036451571305e-14,1.7175376596180138e-14
1787946005402232239,3.1939564496155493e-16,1.719961642615525e-14,1.6880986629517842e-14,1.7175376596180138e-14
1787946005501069178,3.1943799211152593e-16,1.719961642615525e-14,1.6880944284289062e-14,1.7175376596180138e-14
1787946005601166994,3.19484811478889e-16,1.719961642615525e-14,1.6880897467045792e-14,1.7175376596180138e-14
1787946005701143823,3.1952925631962745e-16,1.719961642615525e-14,1.688085302422143e-14,1.7175376596180138e-14
1787946005800933711,3.1958535022141657e-16,1.719961642615525e-14,1.688079693286453e-14,1.7175376596180138e-14
1787946005900633369,3.196366926812564e-16,1.719961642615525e-14,1.688074559273403e-14,1.7175376596180138e-14
1787946006000616450,3.196924436946779e-16,1.719961642615525e-14,1.6880689844249974e-14,1.7175376596180138e-14
1787946006100605147,3.19732145462312e-16,1.719961642615525e-14,1.6880650144283577e-14,1.7175376596180138e-14
1787946006200731622,3.1978723695644034e-16,1.719961642615525e-14,1.688059505528892e-14,1.7175376596180138e-14
1787946006300808255,3.19843283180372e-16,1.719961642615525e-14,1.6880539011607792e-14,1.7175376596180138e-14
1787946006400664052,3.198907936416191e-16,1.719961642615525e-14,1.68804915033021e-14,1.7175376596180138e-14
1787946006500647489,3.1994483628334953e-16,1.719961642615525e-14,1.68804374631123e-14,1.7175376596180138e-14
1787946006600616159,3.1999142757491737e-16,1.719961642615525e-14,1.6880390873934605e-14,1.7175376596180138e-14
1787946006700621868,3.200416141274785e-16,1.719961642615525e-14,1.6880340689659054e-14,1.7175376596180138e-14
1787946006800790803,3.2009899577365206e-16,1.719961642615525e-14,1.6880283310616347e-14,1.7175376596180138e-14
1787946006900613759,3.2014516247985024e-16,1.719961642615525e-14,1.6880237146004798e-14,1.7175376596180138e-14
1787946007000677507,3.202011034511545e-16,1.719961642615525e-14,1.688018120757163e-14,1.7175376596180138e-14
1787946007100660028,3.202609339569701e-16,1.719961642615525e-14,1.6880121379780444e-14,1.7175376596180138e-14
1787946007200760732,3.2031732641724643e-16,1.719961642615525e-14,1.6880064989878824e-14,1.7175376596180138e-14
1787946007300599233,3.2037631164140464e-16,1.719961642615525e-14,1.688000600733098e-14,1.7175376596180138e-14
1787946007400618543,3.204178769111079e-16,1.719961642615525e-14,1.6879964443947217e-14,1.7175376596180138e-14
1787946007500548125,3.204497304605226e-16,1.719961642615525e-14,1.6879932591843092e-14,1.7175376596180138e-14
1787946007600660250,3.204826437172417e-16,1.719961642615525e-14,1.6879899680079756e-14,1.7175376596180138e-14
1787946007700638854,3.205121977905258e-16,1.719961642615525e-14,1.6879870127347442e-14,1.7175376596180138e-14
1787946007800830848,3.205448393187062e-16,1.719961642615525e-14,1.6879837487300325e-14,1.7175376596180138e-14
1787946007900575763,3.205697344827734e-16,1.719961642615525e-14,1.6879812593265847e-14,1.7175376596180138e-14
1787946008000559577,3.205972554297242e-16,1.719961642615525e-14,1.687978507356763e-14,1.7175376596180138e-14
1787946008100464529,3.2061832222857044e-16,1.719961642615525e-14,1.6879764007724666e-14,1.7175376596180138e-14
1787946008200803255,3.2065472302937303e-16,1.719961642615525e-14,1.6879727608575522e-14,1.7175376596180138e-14
1787946008300555309,3.206927587816698e-16,1.719961642615525e-14,1.687968957454907e-14,1.7175376596180138e-14
1787946008400614260,3.2072424615598645e-16,1.719961642615525e-14,1.687965808860348e-14,1.7175376596180138e-14
1787946008500902231,3.2074078489329297e-16,1.719961642615525e-14,1.6879641550616614e-14,1.7175376596180138e-14
1787946008600793496,3.2076701486454867e-16,1.719961642615525e-14,1.6879615321835537e-14,1.7175376596180138e-14
1787946008700742591,3.2079908693733645e-16,1.719961642615525e-14,1.687958325121802e-14,1.7175376596180138e-14
1787946008800755365,3.208341047278048e-16,1.719961642615525e-14,1.687954823501649e-14,1.7175376596180138e-14
1787946008900713065,3.2086345696518265e-16,1.719961642615525e-14,1.6879518884110976e-14,1.7175376596180138e-14
1787946009000737461,3.208968124573919e-16,1.719961642615525e-14,1.687948553013229e-14,1.7175376596180138e-14
1787946009100880436,3.209166533444849e-16,1.719961642615525e-14,1.687946569014549e-14,1.7175376596180138e-14
1787946009200737703,3.2095539098398746e-16,1.719961642615525e-14,1.6879426954263743e-14,1.7175376596180138e-14
1787946009300674581,3.209759419658055e-16,1.719961642615525e-14,1.687940640421444e-14,1.7175376596180138e-14
1787946009400609945,3.210024490507581e-16,1.719961642615525e-14,1.687937989833228e-14,1.7175376596180138e-14
1787946009500799958,3.210229600281797e-16,1.719961642615525e-14,1.6879359388285565e-14,1.7175376596180138e-14
1787946009600754418,3.2104263822689786e-16,1.719961642615525e-14,1.6879339710979772e-14,1.7175376596180138e-14
1787946009700654005,3.2107438701982885e-16,1.719961642615525e-14,1.687930796362749e-14,1.7175376596180138e-14
1787946009800746916,3.210988863633385e-16,1.719961642615525e-14,1.6879283465395672e-14,1.7175376596180138e-14
1787946009900716064,3.211275818459287e-16,1.719961642615525e-14,1.6879254771215193e-14,1.7175376596180138e-14
1787946010000791070,3.211536639456064e-16,1.719961642615525e-14,1.687922869029904e-14,1.7175376596180138e-14
1787946010100536414,3.2118371697984686e-16,1.719961642615525e-14,1.6879198638628517e-14,1.7175376596180138e-14
1787946010200658174,3.2122232229941885e-16,1.719961642615525e-14,1.687916003506075e-14,1.7175376596180138e-14
1787946010300698161,3.2124729414022123e-16,1.719961642615525e-14,1.6879135064353103e-14,1.7175376596180138e-14
1787946010400688034,3.2127095714819044e-16,1.719961642615525e-14,1.6879111402418902e-14,1.7175376596180138e-14
1787946010500695409,3.2129276690431904e-16,1.719961642615525e-14,1.687908959365245e-14,1.7175376596180138e-14
1787946010600810167,3.213207961865615e-16,1.719961642615525e-14,1.687906156564211e-14,1.7175376596180138e-14
1787946010700658383,3.213490132906273e-16,1.719961642615525e-14,1.6879033349818482e-14,1.7175376596180138e-14
1787946010800709531,3.213753212961779e-16,1.719961642615525e-14,1.687900704300674e-14,1.7175376596180138e-14
1787946010900671702,3.214135257281906e-16,1.719961642615525e-14,1.6878968840308374e-14,1.7175376596180138e-14
1787946011000672395,3.2144182847228173e-16,1.719961642615525e-14,1.6878940538848618e-14,1.7175376596180138e-14
1787946011100899910,3.214638169458762e-16,1.719961642615525e-14,1.687891855137283e-14,1.7175376596180138e-14
1787946011200756889,3.2149095157661583e-16,1.719961642615525e-14,1.6878891417973426e-14,1.7175376596180138e-14
1787946011300631300,3.21511698049072e-16,1.719961642615525e-14,1.6878870672442417e-14,1.7175376596180138e-14
1787946011400709134,3.215298065503244e-16,1.719961642615525e-14,1.6878852564762913e-14,1.7175376596180138e-14
1787946011500606760,3.215535005420868e-16,1.719961642615525e-14,1.6878828871846358e-14,1.7175376596180138e-14
1787946011600760816,3.215771193975086e-16,1.719961642615525e-14,1.6878805254062743e-14,1.7175376596180138e-14
1787946011700704919,3.2159786702475442e-16,1.719961642615525e-14,1.6878784507377008e-14,1.7175376596180138e-14
1787946011800535048,3.216264068451068e-16,1.719961642615525e-14,1.6878755968851776e-14,1.7175376596180138e-14
1787946011900511090,3.216656755209411e-16,1.719961642615525e-14,1.6878716701957937e-14,1.7175376596180138e-14
1787946012000517600,3.216965783276841e-16,1.719961642615525e-14,1.687868580055356e-14,1.7175376596180138e-14
1787946012100820723,3.217121175088253e-16,1.719961642615525e-14,1.6878670262077584e-14,1.7175376596180138e-14
1787946012200866703,3.2174409435297405e-16,1.719961642615525e-14,1.6878638286684547e-14,1.7175376596180138e-14
1787946012300905068,3.2176490798596635e-16,1.719961642615525e-14,1.687861747399608e-14,1.7175376596180138e-14
1787946012400962600,3.2178053227453796e-16,1.719961642615525e-14,1.6878601850416544e-14,1.7175376596180138e-14
1787946012500733563,3.218048938170461e-16,1.719961642615525e-14,1.6878577489979574e-14,1.7175376596180138e-14
1787946012600939804,3.2183810740091065e-16,1.719961642615525e-14,1.6878544277902958e-14,1.7175376596180138e-14
1787946012700843717,3.21869682688069e-16,1.719961642615525e-14,1.6878512704048708e-14,1.7175376596180138e-14
1787946012800939951,3.2190581513077805e-16,1.719961642615525e-14,1.6878476573245725e-14,1.7175376596180138e-14
1787946012900830800,3.2193471939277513e-16,1.719961642615525e-14,1.687844767029543e-14,1.7175376596180138e-14
1787946013001004659,3.2195543275861764e-16,1.719961642615525e-14,1.687842695786959e-14,1.7175376596180138e-14
1787946013101155031,3.219841945207815e-16,1.719961642615525e-14,1.6878398197412673e-14,1.7175376596180138e-14
1787946013203152421,3.2201215399190507e-16,1.719961642615525e-14,1.687837023921039e-14,1.7175376596180138e-14
1787946013300810012,3.220403245488852e-16,1.719961642615525e-14,1.687834206993184e-14,1.7175376596180138e-14
1787946013400753375,3.2207032583349896e-16,1.719961642615525e-14,1.6878312070008737e-14,1.7175376596180138e-14
1787946013500774655,3.220911201942329e-16,1.719961642615525e-14,1.687829127659169e-14,1.7175376596180138e-14
1787946013600610826,3.2211780395677927e-16,1.719961642615525e-14,1.6878264594040108e-14,1.7175376596180138e-14
1787946013700775775,3.221535593625702e-16,1.719961642615525e-14,1.6878228840256976e-14,1.7175376596180138e-14
1787946013800715311,3.2218017440271427e-16,1.719961642615525e-14,1.687820222642469e-14,1.7175376596180138e-14
1787946013900792265,3.2220933627456e-16,1.719961642615525e-14,1.6878173065876285e-14,1.7175376596180138e-14
1787946014000710621,3.222358643863403e-16,1.719961642615525e-14,1.687814653896842e-14,1.7175376596180138e-14
1787946014100885365,3.222723453083734e-16,1.719961642615525e-14,1.6878110059701996e-14,1.7175376596180138e-14
1787946014200871143,3.2230420833939623e-16,1.719961642615525e-14,1.6878078198117016e-14,1.7175376596180138e-14
1787946014300724704,3.2232293928278023e-16,1.719961642615525e-14,1.6878059468023702e-14,1.7175376596180138e-14
1787946014400856146,3.223464653676591e-16,1.719961642615525e-14,1.6878035943006516e-14,1.7175376596180138e-14
1787946014500872071,3.223706828558917e-16,1.719961642615525e-14,1.6878011726617355e-14,1.7175376596180138e-14
1787946014600719750,3.223993149645106e-16,1.719961642615525e-14,1.6877983095808164e-14,1.7175376596180138e-14
1787946014700834110,3.2242030140782214e-16,1.719961642615525e-14,1.6877962110317295e-14,1.7175376596180138e-14
1787946014800859173,3.2245261056648986e-16,1.719961642615525e-14,1.687792980262494e-14,1.7175376596180138e-14
1787946014900772175,3.224831027603397e-16,1.719961642615525e-14,1.687789931181495e-14,1.7175376596180138e-14
1787946015000869312,3.22510938858837e-16,1.719961642615525e-14,1.687787147697977e-14,1.7175376596180138e-14
1787946015101102250,3.225428399331752e-16,1.719961642615525e-14,1.6877839577353243e-14,1.7175376596180138e-14
1787946015200934737,3.2255496230032045e-16,1.719961642615525e-14,1.6877827455536265e-14,1.7175376596180138e-14
1787946015301464563,3.225824304594375e-16,1.719961642615525e-14,1.6877799988623778e-14,1.7175376596180138e-14
1787946015400998910,3.226083721828085e-16,1.719961642615525e-14,1.6877774048077765e-14,1.7175376596180138e-14
1787946015500905366,3.2263517537871337e-16,1.719961642615525e-14,1.6877747246098316e-14,1.7175376596180138e-14
1787946015600794889,3.2266359397113876e-16,1.719961642615525e-14,1.687771882879567e-14,1.7175376596180138e-14
1787946015701156379,3.226853589474422e-16,1.719961642615525e-14,1.6877697064807174e-14,1.7175376596180138e-14
1787946015801160949,3.227039772768774e-16,1.719961642615525e-14,1.6877678447322735e-14,1.7175376596180138e-14
1787946015900744188,3.2273691712242243e-16,1.719961642615525e-14,1.687764550897218e-14,1.7175376596180138e-14
1787946016000889141,3.2277603176460475e-16,1.719961642615525e-14,1.6877606396105238e-14,1.7175376596180138e-14
1787946016100581200,3.228014484219275e-16,1.719961642615525e-14,1.6877580980601468e-14,1.7175376596180138e-14
1787946016200632504,3.228132522686933e-16,1.719961642615525e-14,1.6877569177290432e-14,1.7175376596180138e-14
1787946016300558772,3.228414932749669e-16,1.719961642615525e-14,1.6877540937565904e-14,1.7175376596180138e-14
1787946016401008674,3.228629096667196e-16,1.719961642615525e-14,1.6877519522146157e-14,1.7175376596180138e-14
1787946016500902872,3.2288686434471694e-16,1.719961642615525e-14,1.687749556855537e-14,1.7175376596180138e-14
1787946016600725947,3.229206818427836e-16,1.719961642615525e-14,1.687746175259216e-14,1.7175376596180138e-14
1787946016700779385,3.2293477803325393e-16,1.719961642615525e-14,1.6877447657041464e-14,1.7175376596180138e-14
1787946016800886002,3.229750604983253e-16,1.719961642615525e-14,1.6877407376404678e-14,1.7175376596180138e-14
1787946016900742119,3.229973750960071e-16,1.719961642615525e-14,1.6877385062819787e-14,1.7175376596180138e-14
1787946017000718051,3.2302583103680374e-16,1.719961642615525e-14,1.6877356608170516e-14,1.7175376596180138e-14
1787946017100673821,3.2305374498088147e-16,1.719961642615525e-14,1.687732869549337e-14,1.7175376596180138e-14
1787946017200903696,3.2307812794201243e-16,1.719961642615525e-14,1.6877304313638918e-14,1.7175376596180138e-14
1787946017300836082,3.2309719657802836e-16,1.719961642615525e-14,1.6877285245868377e-14,1.7175376596180138e-14
1787946017400675814,3.231117330851396e-16,1.719961642615525e-14,1.687727071002104e-14,1.7175376596180138e-14
1787946017500706535,3.231381097257724e-16,1.719961642615525e-14,1.687724433457758e-14,1.7175376596180138e-14
1787946017600657055,3.231742153230432e-16,1.719961642615525e-14,1.687720823061906e-14,1.7175376596180138e-14
1787946017700685441,3.231942170742737e-16,1.719961642615525e-14,1.6877188229775666e-14,1.7175376596180138e-14
1787946017800622536,3.232261881185993e-16,1.719961642615525e-14,1.6877156260182445e-14,1.7175376596180138e-14
1787946017900610226,3.232509373372097e-16,1.719961642615525e-14,1.6877131512087153e-14,1.7175376596180138e-14
1787946018000677095,3.2327606071532193e-16,1.719961642615525e-14,1.6877106389849348e-14,1.7175376596180138e-14
1787946018100696019,3.233081021940751e-16,1.719961642615525e-14,1.687707434982491e-14,1.7175376596180138e-14
1787946018200575231,3.233391659077875e-16,1.719961642615525e-14,1.6877043287521138e-14,1.7175376596180138e-14
1787946018300618011,3.2336194606809857e-16,1.719961642615525e-14,1.687702050839479e-14,1.7175376596180138e-14
1787946018400564920,3.2337821379777703e-16,1.719961642615525e-14,1.6877004241403484e-14,1.7175376596180138e-14
1787946018500597701,3.234014925954576e-16,1.719961642615525e-14,1.6876980963662407e-14,1.7175376596180138e-14
1787946018601228774,3.234336920706232e-16,1.719961642615525e-14,1.6876948765648746e-14,1.7175376596180138e-14
1787946018700721761,3.234737411224581e-16,1.719961642615525e-14,1.687690871841471e-14,1.7175376596180138e-14
1787946018800940611,3.234997398554228e-16,1.719961642615525e-14,1.6876882720861814e-14,1.7175376596180138e-14
1787946018900602135,3.2352388626793083e-16,1.719961642615525e-14,1.6876858575545303e-14,1.7175376596180138e-14
1787946019000620989,3.2355053747024417e-16,1.719961642615525e-14,1.6876831925552684e-14,1.7175376596180138e-14
1787946019100715922,3.23576606002735e-16,1.719961642615525e-14,1.6876805858203442e-14,1.7175376596180138e-14
1787946019200619716,3.2360229791551902e-16,1.719961642615525e-14,1.6876780167456817e-14,1.7175376596180138e-14
1787946019300835366,3.236290796316949e-16,1.719961642615525e-14,1.6876753386956264e-14,1.7175376596180138e-14
1787946019400521572,3.2365673392112455e-16,1.719961642615525e-14,1.6876725733922075e-14,1.7175376596180138e-14
1787946019500673693,3.2368314945399445e-16,1.719961642615525e-14,1.687669931958822e-14,1.7175376596180138e-14
1787946019600928005,3.237086955847296e-16,1.719961642615525e-14,1.6876673774617036e-14,1.7175376596180138e-14
1787946019700745677,3.237331880830423e-16,1.719961642615525e-14,1.6876649283230458e-14,1.7175376596180138e-14
1787946019800663969,3.2376803331858375e-16,1.719961642615525e-14,1.6876614439576574e-14,1.7175376596180138e-14
1787946019900818714,3.2379355726889307e-16,1.719961642615525e-14,1.6876588916784826e-14,1.7175376596180138e-14
1787946020001032380,3.2382263201294606e-16,1.719961642615525e-14,1.687655984336051e-14,1.7175376596180138e-14
1787946020101037110,3.2385519379157896e-16,1.719961642615525e-14,1.6876527283059903e-14,1.7175376596180138e-14
1787946020200905344,3.2388868779273924e-16,1.719961642615525e-14,1.687649379057909e-14,1.7175376596180138e-14
1787946020301242778,3.2391232914030145e-16,1.719961642615525e-14,1.6876470150304645e-14,1.7175376596180138e-14
1787946020400968203,3.2394111637403604e-16,1.719961642615525e-14,1.687644136437762e-14,1.7175376596180138e-14
1787946020501008230,3.239742575352437e-16,1.719961642615525e-14,1.6876408224720755e-14,1.7175376596180138e-14
1787946020600899616,3.2401059994914914e-16,1.719961642615525e-14,1.6876371883956513e-14,1.7175376596180138e-14
1787946020700846898,3.2403640753176634e-16,1.719961642615525e-14,1.6876346077545363e-14,1.7175376596180138e-14
1787946020801013412,3.2405247516857495e-16,1.719961642615525e-14,1.6876330010637907e-14,1.7175376596180138e-14
1787946020902429160,3.2409078483766146e-16,1.719961642615525e-14,1.6876291702707798e-14,1.7175376596180138e-14
1787946021001153657,3.241265204768349e-16,1.719961642615525e-14,1.6876255968690766e-14,1.7175376596180138e-14
1787946021101210510,3.2415469793632103e-16,1.719961642615525e-14,1.687622779251034e-14,1.7175376596180138e-14
1787946021201179870,3.2417327540521113e-16,1.719961642615525e-14,1.687620921588474e-14,1.7175376596180138e-14
1787946021301295293,3.242117685575548e-16,1.719961642615525e-14,1.6876170724479728e-14,1.7175376596180138e-14
1787946021400631384,3.2424462560993017e-16,1.719961642615525e-14,1.687613786891885e-14,1.7175376596180138e-14
1787946021500723363,3.2428177155108705e-16,1.719961642615525e-14,1.6876100724663886e-14,1.7175376596180138e-14
1787946021600671563,3.243149865164236e-16,1.719961642615525e-14,1.68760675112063e-14,1.7175376596180138e-14
1787946021701340315,3.2434187589352674e-16,1.719961642615525e-14,1.6876040623049815e-14,1.7175376596180138e-14
1787946021800521084,3.2436359110156345e-16,1.719961642615525e-14,1.6876018908827524e-14,1.7175376596180138e-14
1787946021900671593,3.243874098534756e-16,1.719961642615525e-14,1.6875995091156845e-14,1.7175376596180138e-14
1787946022000634220,3.244097982602824e-16,1.719961642615525e-14,1.687597270376635e-14,1.7175376596180138e-14
1787946022100610699,3.2444405443543963e-16,1.719961642615525e-14,1.6875938449146235e-14,1.7175376596180138e-14
1787946022200433108,3.244675800776601e-16,1.719961642615525e-14,1.6875914924571954e-14,1.7175376596180138e-14
1787946022300614351,3.2450035900879813e-16,1.719961642615525e-14,1.6875882147128813e-14,1.7175376596180138e-14
1787946022400544062,3.245236968595137e-16,1.719961642615525e-14,1.6875858810337518e-14,1.7175376596180138e-14
1787946022500486136,3.245496652523006e-16,1.719961642615525e-14,1.6875832843123573e-14,1.7175376596180138e-14
1787946022600438499,3.2456684611392923e-16,1.719961642615525e-14,1.6875815663041875e-14,1.7175376596180138e-14
1787946022700467537,3.246004662251359e-16,1.719961642615525e-14,1.6875782044456864e-14,1.7175376596180138e-14
1787946022800517062,3.2462790319298067e-16,1.719961642615525e-14,1.6875754608734537e-14,1.7175376596180138e-14
1787946022900400166,3.2465485109663654e-16,1.719961642615525e-14,1.6875727662054202e-14,1.7175376596180138e-14
1787946023000792555,3.2467437858615685e-16,1.719961642615525e-14,1.6875708135451147e-14,1.7175376596180138e-14
1787946023100690352,3.246900811517214e-16,1.719961642615525e-14,1.6875692433598415e-14,1.7175376596180138e-14
1787946023200702934,3.247316168986276e-16,1.719961642615525e-14,1.687565089973707e-14,1.7175376596180138e-14
1787946023300780589,3.2475378692766545e-16,1.719961642615525e-14,1.6875628730714468e-14,1.7175376596180138e-14
1787946023400654301,3.2478246999421476e-16,1.719961642615525e-14,1.6875600048950028e-14,1.7175376596180138e-14
1787946023500639211,3.2479421647834134e-16,1.719961642615525e-14,1.687558830299915e-14,1.7175376596180138e-14
1787946023600667082,3.248193368153574e-16,1.719961642615525e-14,1.6875563183802512e-14,1.7175376596180138e-14
1787946023700746250,3.2485695162430816e-16,1.719961642615525e-14,1.687552557070115e-14,1.7175376596180138e-14
1787946023800630882,3.2491795492626353e-16,1.719961642615525e-14,1.6875464570168564e-14,1.7175376596180138e-14
1787946023900792794,3.249730475061619e-16,1.719961642615525e-14,1.6875409480089725e-14,1.7175376596180138e-14
1787946024000558513,3.2501158011255166e-16,1.719961642615525e-14,1.6875370949232623e-14,1.7175376596180138e-14
1787946024100596329,3.2504864184551216e-16,1.719961642615525e-14,1.6875333889182184e-14,1.7175376596180138e-14
1787946024200598758,3.250991917553817e-16,1.719961642615525e-14,1.6875283341567183e-14,1.7175376596180138e-14
1787946024300671009,3.251527377769372e-16,1.719961642615525e-14,1.6875229797976525e-14,1.7175376596180138e-14
1787946024400582658,3.251978813838555e-16,1.719961642615525e-14,1.6875184656419063e-14,1.7175376596180138e-14
1787946024500580448,3.2525388249891325e-16,1.719961642615525e-14,1.6875128657846394e-14,1.7175376596180138e-14
1787946024600444768,3.2530614947080396e-16,1.719961642615525e-14,1.687507639324738e-14,1.7175376596180138e-14
1787946024700757861,3.2536255388770224e-16,1.719961642615525e-14,1.687501999139121e-14,1.7175376596180138e-14
1787946024800517164,3.254088906577051e-16,1.719961642615525e-14,1.6874973656724882e-14,1.7175376596180138e-14
1787946024900746679,3.2545783207036186e-16,1.719961642615525e-14,1.6874924717534164e-14,1.7175376596180138e-14
1787946025000548612,3.2550554211649236e-16,1.719961642615525e-14,1.6874877009654084e-14,1.7175376596180138e-14
1787946025100582557,3.2555525431622555e-16,1.719961642615525e-14,1.687482729971131e-14,1.7175376596180138e-14
1787946025200503399,3.2560451666577553e-16,1.719961642615525e-14,1.687477803959831e-14,1.7175376596180138e-14
1787946025300683518,3.2564772136711773e-16,1.719961642615525e-14,1.68747348368585e-14,1.7175376596180138e-14
1787946025400487110,3.256956652632545e-16,1.719961642615525e-14,1.687468689513908e-14,1.7175376596180138e-14
1787946025500693478,3.257539740563649e-16,1.719961642615525e-14,1.6874628588993277e-14,1.7175376596180138e-14
1787946025600444762,3.2580989368947147e-16,1.719961642615525e-14,1.6874572671899025e-14,1.7175376596180138e-14
1787946025700959519,3.2585270038485547e-16,1.719961642615525e-14,1.6874529867147156e-14,1.7175376596180138e-14
1787946025800540252,3.258896773935953e-16,1.719961642615525e-14,1.687449289181726e-14,1.7175376596180138e-14
1787946025900541716,3.259424769783227e-16,1.719961642615525e-14,1.6874440094629767e-14,1.7175376596180138e-14
1787946026000555833,3.2598932073620727e-16,1.719961642615525e-14,1.6874393252998726e-14,1.7175376596180138e-14
1787946026100535161,3.2605174857915444e-16,1.719961642615525e-14,1.6874330827990197e-14,1.7175376596180138e-14
1787946026200515270,3.2609756446217e-16,1.719961642615525e-14,1.687428501418738e-14,1.7175376596180138e-14
1787946026300570831,3.2614126218119427e-16,1.719961642615525e-14,1.6874241318452392e-14,1.7175376596180138e-14
1787946026400586157,3.261985594460198e-16,1.719961642615525e-14,1.6874184023789088e-14,1.7175376596180138e-14
1787946026500618504,3.2625016437572575e-16,1.719961642615525e-14,1.6874132421202463e-14,1.7175376596180138e-14
1787946026600551636,3.2630369935956763e-16,1.719961642615525e-14,1.6874078888649354e-14,1.7175376596180138e-14
1787946026700530823,3.2635791276119877e-16,1.719961642615525e-14,1.6874024677709274e-14,1.7175376596180138e-14
1787946026800566096,3.2640309646411566e-16,1.719961642615525e-14,1.6873979496057925e-14,1.7175376596180138e-14
1787946026900595468,3.2645279354946535e-16,1.719961642615525e-14,1.687392980122909e-14,1.7175376596180138e-14
1787946027000717264,3.264911623799044e-16,1.719961642615525e-14,1.6873891434140807e-14,1.7175376596180138e-14
1787946027100575831,3.265355489402395e-16,1.719961642615525e-14,1.6873847049595878e-14,1.7175376596180138e-14
1787946027200526411,3.265858457861065e-16,1.719961642615525e-14,1.6873796755033792e-14,1.7175376596180138e-14
1787946027300640468,3.2663573524191756e-16,1.719961642615525e-14,1.6873746867843277e-14,1.7175376596180138e-14
1787946027400443130,3.26681756232215e-16,1.719961642615525e-14,1.6873700848942636e-14,1.7175376596180138e-14
1787946027500633811,3.2672760317226458e-16,1.719961642615525e-14,1.687365500408435e-14,1.7175376596180138e-14
1787946027600651667,3.267848436665721e-16,1.719961642615525e-14,1.6873597766189164e-14,1.7175376596180138e-14
1787946027700608038,3.268310178662261e-16,1.719961642615525e-14,1.6873551594086162e-14,1.7175376596180138e-14
1787946027800586640,3.2689221787887157e-16,1.719961642615525e-14,1.6873490396852468e-14,1.7175376596180138e-14
1787946027900633962,3.2694854786496826e-16,1.719961642615525e-14,1.6873434069424198e-14,1.7175376596180138e-14
1787946028000611352,3.2699246214900104e-16,1.719961642615525e-14,1.687339015713424e-14,1.7175376596180138e-14
1787946028100672185,3.270401566776364e-16,1.719961642615525e-14,1.687334246477134e-14,1.7175376596180138e-14
1787946028200450147,3.270934056321139e-16,1.719961642615525e-14,1.6873289218234832e-14,1.7175376596180138e-14
1787946028300720523,3.2715415357267456e-16,1.719961642615525e-14,1.6873228473052777e-14,1.7175376596180138e-14
1787946028400468348,3.272084282908904e-16,1.719961642615525e-14,1.6873174200799143e-14,1.7175376596180138e-14
1787946028500568225,3.2724699973040086e-16,1.719961642615525e-14,1.6873135631111152e-14,1.7175376596180138e-14
1787946028600534801,3.2730625438515537e-16,1.719961642615525e-14,1.6873076379147143e-14,1.7175376596180138e-14
1787946028701131820,3.2735459400031784e-16,1.719961642615525e-14,1.687302804172709e-14,1.7175376596180138e-14
1787946028800393373,3.274053076978688e-16,1.719961642615525e-14,1.687297733033247e-14,1.7175376596180138e-14
1787946028901049974,3.274575136866295e-16,1.719961642615525e-14,1.6872925126714423e-14,1.7175376596180138e-14
1787946029000806536,3.27506269183467e-16,1.719961642615525e-14,1.6872876373431623e-14,1.7175376596180138e-14
1787946029101786500,3.275457774020954e-16,1.719961642615525e-14,1.6872836867007113e-14,1.7175376596180138e-14
1787946029200688404,3.2759173703530255e-16,1.719961642615525e-14,1.6872790909461e-14,1.7175376596180138e-14
1787946029300701002,3.2764130748739035e-16,1.719961642615525e-14,1.687274134125999e-14,1.7175376596180138e-14
1787946029400913556,3.276928334273684e-16,1.719961642615525e-14,1.6872689817659907e-14,1.7175376596180138e-14
1787946029500941683,3.2775089564961925e-16,1.719961642615525e-14,1.6872631758074398e-14,1.7175376596180138e-14
1787946029600917192,3.278096859394908e-16,1.719961642615525e-14,1.6872572970454343e-14,1.7175376596180138e-14
1787946029700882362,3.278607601534467e-16,1.719961642615525e-14,1.6872521898559816e-14,1.7175376596180138e-14
1787946029800534864,3.2791446979636776e-16,1.719961642615525e-14,1.687246819135602e-14,1.7175376596180138e-14
1787946029900655415,3.2795992263556345e-16,1.719961642615525e-14,1.6872422740580997e-14,1.7175376596180138e-14
1787946030001319436,3.28005696153378e-16,1.719961642615525e-14,1.687237696914193e-14,1.7175376596180138e-14
1787946030100700786,3.2805891435998083e-16,1.719961642615525e-14,1.6872323753352174e-14,1.7175376596180138e-14
1787946030200493728,3.2811312812291075e-16,1.719961642615525e-14,1.6872269542051326e-14,1.7175376596180138e-14
1787946030300609646,3.2816138340057874e-16,1.719961642615525e-14,1.6872221288965148e-14,1.7175376596180138e-14
1787946030400522343,3.282155553193247e-16,1.719961642615525e-14,1.6872167119506608e-14,1.7175376596180138e-14
1787946030500659912,3.2827234092192274e-16,1.719961642615525e-14,1.6872110336482933e-14,1.7175376596180138e-14
1787946030600610270,3.2832438999929513e-16,1.719961642615525e-14,1.6872058289769392e-14,1.7175376596180138e-14
1787946030700532054,3.28376420846345e-16,1.719961642615525e-14,1.6872006261285357e-14,1.7175376596180138e-14
1787946030800545560,3.284134331481221e-16,1.719961642615525e-14,1.6871969250664526e-14,1.7175376596180138e-14
1787946030900553195,3.2846603275460724e-16,1.719961642615525e-14,1.6871916653446914e-14,1.7175376596180138e-14
1787946031000541414,3.285175712776581e-16,1.719961642615525e-14,1.687186511726456e-14,1.7175376596180138e-14
1787946031100546280,3.2856040905312344e-16,1.719961642615525e-14,1.6871822281434646e-14,1.7175376596180138e-14
1787946031200706768,3.2861298533667635e-16,1.719961642615525e-14,1.6871769707538947e-14,1.7175376596180138e-14
1787946031300513712,3.286625145832805e-16,1.719961642615525e-14,1.6871720180541822e-14,1.7175376596180138e-14
1787946031400629527,3.2871427045655363e-16,1.719961642615525e-14,1.6871668427019172e-14,1.7175376596180138e-14
1787946031500528504,3.2877427588608144e-16,1.719961642615525e-14,1.6871608424314958e-14,1.7175376596180138e-14
1787946031600559950,3.288255817647309e-16,1.719961642615525e-14,1.6871557120766526e-14,1.7175376596180138e-14
1787946031700581136,3.2887023013198857e-16,1.719961642615525e-14,1.687151247442712e-14,1.7175376596180138e-14
1787946031800548051,3.2892567799754354e-16,1.719961642615525e-14,1.6871457029079932e-14,1.7175376596180138e-14
1787946031900596980,3.2896775023090896e-16,1.719961642615525e-14,1.687141495875744e-14,1.7175376596180138e-14
1787946032000440373,3.2902319969565627e-16,1.719961642615525e-14,1.6871359511811163e-14,1.7175376596180138e-14
1787946032100490670,3.2906951805678806e-16,1.719961642615525e-14,1.6871313195553786e-14,1.7175376596180138e-14
1787946032200531680,3.2912344018936496e-16,1.719961642615525e-14,1.6871259275870334e-14,1.7175376596180138e-14
1787946032300555698,3.291762126592328e-16,1.719961642615525e-14,1.687120650579739e-14,1.7175376596180138e-14
1787946032400767899,3.2923527212041676e-16,1.719961642615525e-14,1.6871147449018703e-14,1.7175376596180138e-14
1787946032500447550,3.2928322511225127e-16,1.719961642615525e-14,1.687109949820492e-14,1.7175376596180138e-14
1787946032600517034,3.293328812471121e-16,1.719961642615525e-14,1.6871049844325487e-14,1.7175376596180138e-14
1787946032700523078,3.2939437220783207e-16,1.719961642615525e-14,1.6870988356157752e-14,1.7175376596180138e-14
1787946032800451256,3.294462339497515e-16,1.719961642615525e-14,1.6870936496771467e-14,1.7175376596180138e-14
1787946032900396195,3.294847945529758e-16,1.719961642615525e-14,1.687089793791973e-14,1.7175376596180138e-14
1787946033000547512,3.295319338776274e-16,1.719961642615525e-14,1.6870850800736237e-14,1.7175376596180138e-14
1787946033100965736,3.2958309547379593e-16,1.719961642615525e-14,1.687079964146394e-14,1.7175376596180138e-14
1787946033200599307,3.296235810983797e-16,1.719961642615525e-14,1.6870759157678314e-14,1.7175376596180138e-14
1787946033300937401,3.29682720713395e-16,1.719961642615525e-14,1.6870700020749577e-14,1.7175376596180138e-14
1787946033400724961,3.297243437070588e-16,1.719961642615525e-14,1.6870658399646555e-14,1.7175376596180138e-14
1787946033500590918,3.297738808632181e-16,1.719961642615525e-14,1.687060886474053e-14,1.7175376596180138e-14
1787946033600586038,3.298254430279345e-16,1.719961642615525e-14,1.6870557304917947e-14,1.7175376596180138e-14
1787946033700560860,3.2988157357976324e-16,1.719961642615525e-14,1.687050117691578e-14,1.7175376596180138e-14
1787946033800499734,3.2992781437050085e-16,1.719961642615525e-14,1.6870454938225488e-14,1.7175376596180138e-14
1787946033900512868,3.299803373474415e-16,1.719961642615525e-14,1.687040241763437e-14,1.7175376596180138e-14
1787946034000543564,3.3002659662614434e-16,1.719961642615525e-14,1.6870356160456972e-14,1.7175376596180138e-14
1787946034100693761,3.30072777154683e-16,1.719961642615525e-14,1.6870309982026176e-14,1.7175376596180138e-14
1787946034200550467,3.3012205346904995e-16,1.719961642615525e-14,1.687026070795019e-14,1.7175376596180138e-14
1787946034300527549,3.301681556792928e-16,1.719961642615525e-14,1.6870214607834153e-14,1.7175376596180138e-14
1787946034400535559,3.3022173200823304e-16,1.719961642615525e-14,1.6870161033938952e-14,1.7175376596180138e-14
1787946034500686818,3.302751254494455e-16,1.719961642615525e-14,1.6870107642923185e-14,1.7175376596180138e-14
1787946034600537923,3.303379061182367e-16,1.719961642615525e-14,1.687004486510628e-14,1.7175376596180138e-14
1787946034700602479,3.3038553459736145e-16,1.719961642615525e-14,1.6869997238790754e-14,1.7175376596180138e-14
1787946034800810645,3.3043001039166877e-16,1.719961642615525e-14,1.6869952765016834e-14,1.7175376596180138e-14
1787946034900745899,3.304865821719663e-16,1.719961642615525e-14,1.6869896195806426e-14,1.7175376596180138e-14
1787946035000717621,3.305423058906452e-16,1.719961642615525e-14,1.6869840474619128e-14,1.7175376596180138e-14
1787946035100540239,3.3060622381593137e-16,1.719961642615525e-14,1.6869776559597483e-14,1.7175376596180138e-14
1787946035200561570,3.306573911079831e-16,1.719961642615525e-14,1.6869725394629855e-14,1.7175376596180138e-14
1787946035300582200,3.30701479082028e-16,1.719961642615525e-14,1.686968130865865e-14,1.7175376596180138e-14
1787946035400491260,3.3075057707723958e-16,1.719961642615525e-14,1.6869632212893886e-14,1.7175376596180138e-14
1787946035500574888,3.307996667513692e-16,1.719961642615525e-14,1.6869583125449837e-14,1.7175376596180138e-14
1787946035600717787,3.308588636015371e-16,1.719961642615525e-14,1.6869523931288924e-14,1.7175376596180138e-14
1787946035700837773,3.3091581717602856e-16,1.719961642615525e-14,1.6869466980301796e-14,1.7175376596180138e-14
1787946035800580452,3.3095848309543984e-16,1.719961642615525e-14,1.686942431632068e-14,1.7175376596180138e-14
1787946035900484072,3.310042112248807e-16,1.719961642615525e-14,1.6869378590268662e-14,1.7175376596180138e-14
1787946036000485586,3.310566641203623e-16,1.719961642615525e-14,1.6869326139756122e-14,1.7175376596180138e-14
1787946036100493858,3.3111591346950403e-16,1.719961642615525e-14,1.6869266893098702e-14,1.7175376596180138e-14
1787946036200462727,3.311651910304233e-16,1.719961642615525e-14,1.6869217617776498e-14,1.7175376596180138e-14
1787946036300443218,3.312232239839496e-16,1.719961642615525e-14,1.6869159587459464e-14,1.7175376596180138e-14
1787946036400426814,3.312693649635713e-16,1.719961642615525e-14,1.6869113448576086e-14,1.7175376596180138e-14
1787946036500684845,3.313177578887678e-16,1.719961642615525e-14,1.6869065057849454e-14,1.7175376596180138e-14
1787946036600692767,3.313615662177588e-16,1.719961642615525e-14,1.6869021251510753e-14,1.7175376596180138e-14
1787946036700702573,3.3140334094281057e-16,1.719961642615525e-14,1.686897947868361e-14,1.7175376596180138e-14
1787946036800567787,3.314544397050377e-16,1.719961642615525e-14,1.6868928382242917e-14,1.7175376596180138e-14
1787946036900523190,3.315037823907806e-16,1.719961642615525e-14,1.686887904179894e-14,1.7175376596180138e-14
1787946037000532194,3.3155129829249804e-16,1.719961642615525e-14,1.6868831528056e-14,1.7175376596180138e-14
1787946037100469360,3.3160031848667e-16,1.719961642615525e-14,1.6868782510088963e-14,1.7175376596180138e-14
1787946037201046546,3.316422607090106e-16,1.719961642615525e-14,1.6868740569772195e-14,1.7175376596180138e-14
1787946037300792272,3.3169715925431006e-16,1.719961642615525e-14,1.6868685673721133e-14,1.7175376596180138e-14
1787946037401017618,3.3174583470578947e-16,1.719961642615525e-14,1.6868637000481168e-14,1.7175376596180138e-14
1787946037500814480,3.317758680330531e-16,1.719961642615525e-14,1.686860696851844e-14,1.7175376596180138e-14
1787946037600832497,3.318204309171537e-16,1.719961642615525e-14,1.6868562407659017e-14,1.7175376596180138e-14
1787946037701672747,3.318694368541872e-16,1.719961642615525e-14,1.6868513403948543e-14,1.7175376596180138e-14
1787946037800676190,3.319196854435887e-16,1.719961642615525e-14,1.6868463157642174e-14,1.7175376596180138e-14
1787946037900551159,3.3197045277071607e-16,1.719961642615525e-14,1.6868412392621664e-14,1.7175376596180138e-14
1787946038000678621,3.320125148132291e-16,1.719961642615525e-14,1.6868370332490254e-14,1.7175376596180138e-14
1787946038100743192,3.3205709748165686e-16,1.719961642615525e-14,1.6868325751847463e-14,1.7175376596180138e-14
1787946038202686678,3.321090684605874e-16,1.719961642615525e-14,1.6868273783229874e-14,1.7175376596180138e-14
1787946038300897720,3.321581947901682e-16,1.719961642615525e-14,1.6868224659132398e-14,1.7175376596180138e-14
1787946038400547993,3.3221760294936484e-16,1.719961642615525e-14,1.6868165253672494e-14,1.7175376596180138e-14
1787946038500484263,3.32265642746831e-16,1.719961642615525e-14,1.686811721605779e-14,1.7175376596180138e-14
1787946038600565605,3.323096286597074e-16,1.719961642615525e-14,1.6868073232143496e-14,1.7175376596180138e-14
1787946038700648510,3.323561843558878e-16,1.719961642615525e-14,1.6868026678562674e-14,1.7175376596180138e-14
1787946038800600810,3.323979506945945e-16,1.719961642615525e-14,1.686798491412172e-14,1.7175376596180138e-14
1787946038900514557,3.324500956148943e-16,1.719961642615525e-14,1.686793277157076e-14,1.7175376596180138e-14
1787946039000465424,3.3249995532274645e-16,1.719961642615525e-14,1.6867882914128427e-14,1.7175376596180138e-14
1787946039100611023,3.325500307866398e-16,1.719961642615525e-14,1.686783284093987e-14,1.7175376596180138e-14
1787946039200638650,3.3259506999766746e-16,1.719961642615525e-14,1.6867787803775358e-14,1.7175376596180138e-14
1787946039300500005,3.326364798481954e-16,1.719961642615525e-14,1.6867746395806435e-14,1.7175376596180138e-14
1787946039400491314,3.3268577452347956e-16,1.719961642615525e-14,1.6867697103371045e-14,1.7175376596180138e-14
1787946039500661710,3.3273264047900226e-16,1.719961642615525e-14,1.6867650239545072e-14,1.7175376596180138e-14
1787946039600541980,3.3277424417318e-16,1.719961642615525e-14,1.686760863774134e-14,1.7175376596180138e-14
1787946039700550922,3.328149581371012e-16,1.719961642615525e-14,1.6867567925627447e-14,1.7175376596180138e-14
1787946039801087745,3.3285677386139597e-16,1.719961642615525e-14,1.686752611180325e-14,1.7175376596180138e-14
1787946039900635542,3.328899570333645e-16,1.719961642615525e-14,1.6867492930139127e-14,1.7175376596180138e-14
1787946040000546120,3.3292926985143624e-16,1.719961642615525e-14,1.686745361910744e-14,1.7175376596180138e-14
1787946040100464478,3.3298295470139495e-16,1.719961642615525e-14,1.6867399936696947e-14,1.7175376596180138e-14
1787946040200589234,3.330327527973313e-16,1.719961642615525e-14,1.6867350140863874e-14,1.7175376596180138e-14
1787946040300484549,3.330828753512353e-16,1.719961642615525e-14,1.6867300020587593e-14,1.7175376596180138e-14
1787946040400713830,3.33126614418409e-16,1.719961642615525e-14,1.6867256283507976e-14,1.7175376596180138e-14
1787946040500541679,3.33171883987203e-16,1.719961642615525e-14,1.68672110159963e-14,1.7175376596180138e-14
1787946040600515782,3.332248460078299e-16,1.719961642615525e-14,1.6867158056382362e-14,1.7175376596180138e-14
1787946040700472312,3.3328214738643585e-16,1.719961642615525e-14,1.6867100757607653e-14,1.7175376596180138e-14
1787946040800741759,3.333230909079637e-16,1.719961642615525e-14,1.686705981594669e-14,1.7175376596180138e-14
1787946040900526015,3.3337350954156866e-16,1.719961642615525e-14,1.686700939960424e-14,1.7175376596180138e-14
1787946041000571753,3.334244073763413e-16,1.719961642615525e-14,1.6866958504082412e-14,1.7175376596180138e-14
1787946041100566871,3.3347287902313505e-16,1.719961642615525e-14,1.6866910034638323e-14,1.7175376596180138e-14
1787946041200528667,3.335208812846655e-16,1.719961642615525e-14,1.6866862034558177e-14,1.7175376596180138e-14
1787946041300524136,3.335758344613105e-16,1.719961642615525e-14,1.6866807083878806e-14,1.7175376596180138e-14
1787946041400497985,3.3362754112949805e-16,1.719961642615525e-14,1.6866755379560376e-14,1.7175376596180138e-14
1787946041500640189,3.3367164192744984e-16,1.719961642615525e-14,1.686671128076655e-14,1.7175376596180138e-14
1787946041600564946,3.337153519149352e-16,1.719961642615525e-14,1.6866667572765438e-14,1.7175376596180138e-14
1787946041700743138,3.337737743321346e-16,1.719961642615525e-14,1.6866609153003233e-14,1.7175376596180138e-14
1787946041800669657,3.338215485136817e-16,1.719961642615525e-14,1.6866561380992787e-14,1.7175376596180138e-14
1787946041900521587,3.3388076114884947e-16,1.719961642615525e-14,1.6866502171048553e-14,1.7175376596180138e-14
1787946042000601625,3.3393499808446746e-16,1.719961642615525e-14,1.6866447936577764e-14,1.7175376596180138e-14
1787946042100551334,3.33987643846452e-16,1.719961642615525e-14,1.6866395293208315e-14,1.7175376596180138e-14
1787946042200566296,3.3404288714324996e-16,1.719961642615525e-14,1.6866340052422115e-14,1.7175376596180138e-14
1787946042300539069,3.341012413267613e-16,1.719961642615525e-14,1.6866281700890598e-14,1.7175376596180138e-14
1787946042400700926,3.3414829181029756e-16,1.719961642615525e-14,1.6866234652545354e-14,1.7175376596180138e-14
1787946042500716329,3.341984943494311e-16,1.719961642615525e-14,1.6866184452287775e-14,1.7175376596180138e-14
1787946042600689472,3.3425116909405256e-16,1.719961642615525e-14,1.686613177993708e-14,1.7175376596180138e-14
1787946042700628391,3.343030959174651e-16,1.719961642615525e-14,1.686607985547362e-14,1.7175376596180138e-14
1787946042800625449,3.3435824403503743e-16,1.719961642615525e-14,1.6866024709862413e-14,1.7175376596180138e-14
1787946042900494377,3.3441640664083914e-16,1.719961642615525e-14,1.6865966549899995e-14,1.7175376596180138e-14
1787946043000580513,3.3447273651958364e-16,1.719961642615525e-14,1.6865910222581358e-14,1.7175376596180138e-14
1787946043100524407,3.345276375788469e-16,1.719961642615525e-14,1.6865855324017284e-14,1.7175376596180138e-14
1787946043200513076,3.3457504610928527e-16,1.719961642615525e-14,1.6865807917641516e-14,1.7175376596180138e-14
1787946043300529026,3.3462696172818247e-16,1.719961642615525e-14,1.6865756004382153e-14,1.7175376596180138e-14
1787946043400535828,3.3468134983134095e-16,1.719961642615525e-14,1.6865701618750914e-14,1.7175376596180138e-14
1787946043500749890,3.3474057346354645e-16,1.719961642615525e-14,1.6865642397810416e-14,1.7175376596180138e-14
1787946043600667435,3.3478861954294515e-16,1.719961642615525e-14,1.6865594353914723e-14,1.7175376596180138e-14
1787946043700839487,3.348384098480541e-16,1.719961642615525e-14,1.686554456587261e-14,1.7175376596180138e-14
1787946043800605478,3.348898981408309e-16,1.719961642615525e-14,1.6865493079920015e-14,1.7175376596180138e-14
1787946043900657225,3.349422464063879e-16,1.719961642615525e-14,1.6865440734033743e-14,1.7175376596180138e-14
1787946044000511462,3.349884729730308e-16,1.719961642615525e-14,1.6865394509568158e-14,1.7175376596180138e-14
1787946044100494616,3.350414859451543e-16,1.719961642615525e-14,1.6865341499005557e-14,1.7175376596180138e-14
1787946044200504951,3.350927557607523e-16,1.719961642615525e-14,1.686529023152027e-14,1.7175376596180138e-14
1787946044300533802,3.351413729755217e-16,1.719961642615525e-14,1.6865241616515254e-14,1.7175376596180138e-14
1787946044400573943,3.3519527809985665e-16,1.719961642615525e-14,1.6865187713841035e-14,1.7175376596180138e-14
1787946044500451720,3.3524012126472057e-16,1.719961642615525e-14,1.6865142872714414e-14,1.7175376596180138e-14
1787946044600671658,3.352943332278283e-16,1.719961642615525e-14,1.68650886632154e-14,1.7175376596180138e-14
1787946044700541660,3.3533277367250976e-16,1.719961642615525e-14,1.686505022451796e-14,1.7175376596180138e-14
1787946044800516589,3.3537873670100605e-16,1.719961642615525e-14,1.6865004263578638e-14,1.7175376596180138e-14
1787946044901021382,3.3543953830955896e-16,1.719961642615525e-14,1.6864943464733746e-14,1.7175376596180138e-14
1787946045000518645,3.354762420028249e-16,1.719961642615525e-14,1.6864906762708807e-14,1.7175376596180138e-14
1787946045100511113,3.355240014989542e-16,1.719961642615525e-14,1.6864859005383546e-14,1.7175376596180138e-14
1787946045200617585,3.355757095198908e-16,1.719961642615525e-14,1.686480729971297e-14,1.7175376596180138e-14
1787946045300942667,3.356177391627609e-16,1.719961642615525e-14,1.6864765271980545e-14,1.7175376596180138e-14
1787946045400598804,3.3565894887231023e-16,1.719961642615525e-14,1.686472406414418e-14,1.7175376596180138e-14
1787946045500851651,3.35707951471839e-16,1.719961642615525e-14,1.6864675063772075e-14,1.7175376596180138e-14
1787946045600651127,3.3577286259839073e-16,1.719961642615525e-14,1.686461015559609e-14,1.7175376596180138e-14
1787946045700691324,3.3582442377915205e-16,1.719961642615525e-14,1.6864558596759085e-14,1.7175376596180138e-14
1787946045801829822,3.358701841616566e-16,1.719961642615525e-14,1.6864512838456668e-14,1.7175376596180138e-14
1787946045900967587,3.359164230448755e-16,1.719961642615525e-14,1.6864466601675295e-14,1.7175376596180138e-14
1787946046001007073,3.359658684641011e-16,1.719961642615525e-14,1.686441715850369e-14,1.7175376596180138e-14
1787946046100554041,3.360157674902952e-16,1.719961642615525e-14,1.686436726174575e-14,1.7175376596180138e-14
1787946046200607880,3.360712726527859e-16,1.719961642615525e-14,1.6864311759106363e-14,1.7175376596180138e-14
1787946046300530253,3.3612556969111437e-16,1.719961642615525e-14,1.6864257464536238e-14,1.7175376596180138e-14
1787946046400613969,3.3617819419458e-16,1.719961642615525e-14,1.6864204842424962e-14,1.7175376596180138e-14
1787946046500571277,3.3623338037870094e-16,1.719961642615525e-14,1.686414965874949e-14,1.7175376596180138e-14
1787946046600589299,3.3627769167704436e-16,1.719961642615525e-14,1.6864105349465463e-14,1.7175376596180138e-14
1787946046700643559,3.3632810040252045e-16,1.719961642615525e-14,1.6864054943031494e-14,1.7175376596180138e-14
1787946046800645471,3.3637643130972654e-16,1.719961642615525e-14,1.686400661432135e-14,1.7175376596180138e-14
1787946046900497752,3.3643076545166905e-16,1.719961642615525e-14,1.6863952282649388e-14,1.7175376596180138e-14
1787946047000590615,3.364868170549826e-16,1.719961642615525e-14,1.6863896233594146e-14,1.7175376596180138e-14
1787946047100514205,3.3653717183937796e-16,1.719961642615525e-14,1.6863845881098857e-14,1.7175376596180138e-14
1787946047200567019,3.3659092391993577e-16,1.719961642615525e-14,1.6863792131461867e-14,1.7175376596180138e-14
1787946047300447690,3.3664934646575743e-16,1.719961642615525e-14,1.686373371157195e-14,1.7175376596180138e-14
1787946047400570815,3.3670303962193474e-16,1.719961642615525e-14,1.686368002085669e-14,1.7175376596180138e-14
1787946047500521647,3.36758122085902e-16,1.719961642615525e-14,1.686362494089682e-14,1.7175376596180138e-14
1787946047600817667,3.368045162191772e-16,1.719961642615525e-14,1.686357854887267e-14,1.7175376596180138e-14
1787946047700544248,3.368582748589862e-16,1.719961642615525e-14,1.6863524792676802e-14,1.7175376596180138e-14
1787946047800545956,3.3691831985026776e-16,1.719961642615525e-14,1.686346475041527e-14,1.7175376596180138e-14
1787946047900501798,3.3698138435024215e-16,1.719961642615525e-14,1.6863401688782332e-14,1.7175376596180138e-14
1787946048000711295,3.370386620008533e-16,1.719961642615525e-14,1.6863344413735697e-14,1.7175376596180138e-14
1787946048100576884,3.370835416353506e-16,1.719961642615525e-14,1.6863299536141545e-14,1.7175376596180138e-14
1787946048200498587,3.3713163345728613e-16,1.719961642615525e-14,1.6863251446506003e-14,1.7175376596180138e-14
1787946048300602353,3.371872014721705e-16,1.719961642615525e-14,1.6863195881017415e-14,1.7175376596180138e-14
1787946048400626949,3.3724985610246105e-16,1.719961642615525e-14,1.6863133229235618e-14,1.7175376596180138e-14
1787946048500522594,3.3730016093620957e-16,1.719961642615525e-14,1.6863082926688916e-14,1.7175376596180138e-14
1787946048600521222,3.3735112274446597e-16,1.719961642615525e-14,1.686303196719759e-14,1.7175376596180138e-14
1787946048700543605,3.374015439510858e-16,1.719961642615525e-14,1.6862981548283336e-14,1.7175376596180138e-14
1787946048800572430,3.374567365047556e-16,1.719961642615525e-14,1.6862926358238976e-14,1.7175376596180138e-14
1787946048900442106,3.375040134630637e-16,1.719961642615525e-14,1.6862879083430105e-14,1.7175376596180138e-14
1787946049000431517,3.3755492042811564e-16,1.719961642615525e-14,1.6862828178779546e-14,1.7175376596180138e-14
1787946049100408450,3.376044203337163e-16,1.719961642615525e-14,1.6862778681124476e-14,1.7175376596180138e-14
1787946049200712758,3.3765674642056375e-16,1.719961642615525e-14,1.686272635741667e-14,1.7175376596180138e-14
1787946049300718145,3.377161753349743e-16,1.719961642615525e-14,1.6862666931204254e-14,1.7175376596180138e-14
1787946049400646988,3.3775761567679254e-16,1.719961642615525e-14,1.6862625492746576e-14,1.7175376596180138e-14
1787946049500618211,3.377960407023884e-16,1.719961642615525e-14,1.6862587069468027e-14,1.7175376596180138e-14
1787946049600582360,3.3784521383026328e-16,1.719961642615525e-14,1.6862537898575892e-14,1.7175376596180138e-14
1787946049700662487,3.3789821311909977e-16,1.719961642615525e-14,1.6862484901696774e-14,1.7175376596180138e-14
1787946049800650933,3.379557462559869e-16,1.719961642615525e-14,1.6862427371175763e-14,1.7175376596180138e-14
1787946049900608570,3.3801066809684163e-16,1.719961642615525e-14,1.686237245183207e-14,1.7175376596180138e-14
1787946050000642470,3.3805498239008597e-16,1.719961642615525e-14,1.68623281395537e-14,1.7175376596180138e-14
1787946050100826819,3.3811466962520995e-16,1.719961642615525e-14,1.6862268455032444e-14,1.7175376596180138e-14
1787946050200736893,3.3816810425423035e-16,1.719961642615525e-14,1.6862215022833013e-14,1.7175376596180138e-14
1787946050300673067,3.382223552685028e-16,1.719961642615525e-14,1.6862160774285466e-14,1.7175376596180138e-14
1787946050401275971,3.382737157053004e-16,1.719961642615525e-14,1.6862109416183976e-14,1.7175376596180138e-14
1787946050500659317,3.3832996576276866e-16,1.719961642615525e-14,1.686205316868416e-14,1.7175376596180138e-14
1787946050600561396,3.383819412060021e-16,1.719961642615525e-14,1.6862001195604227e-14,1.7175376596180138e-14
1787946050700542343,3.3843713370549223e-16,1.719961642615525e-14,1.6861946005614333e-14,1.7175376596180138e-14
1787946050800559709,3.3848317123366383e-16,1.719961642615525e-14,1.6861899970179495e-14,1.7175376596180138e-14
1787946050900692481,3.3852693586802044e-16,1.719961642615525e-14,1.6861856207535134e-14,1.7175376596180138e-14
1787946051000570725,3.3857691286471715e-16,1.719961642615525e-14,1.686180623281092e-14,1.7175376596180138e-14
1787946051100507015,3.386198337027466e-16,1.719961642615525e-14,1.6861763313924545e-14,1.7175376596180138e-14
1787946051200628913,3.38674079129556e-16,1.719961642615525e-14,1.6861709070964335e-14,1.7175376596180138e-14
1787946051300647397,3.387201393325086e-16,1.719961642615525e-14,1.6861663012855808e-14,1.7175376596180138e-14
1787946051400594266,3.3877601173101374e-16,1.719961642615525e-14,1.6861607142997916e-14,1.7175376596180138e-14
1787946051500898676,3.3882398581113363e-16,1.719961642615525e-14,1.6861559171099273e-14,1.7175376596180138e-14
1787946051600581080,3.3887442836649755e-16,1.719961642615525e-14,1.6861508730837646e-14,1.7175376596180138e-14
1787946051700670376,3.3892513033149854e-16,1.719961642615525e-14,1.6861458031178187e-14,1.7175376596180138e-14
1787946051800627705,3.3897813807153207e-16,1.719961642615525e-14,1.6861405025848567e-14,1.7175376596180138e-14
1787946051900639647,3.3903148034331004e-16,1.719961642615525e-14,1.6861351686002427e-14,1.7175376596180138e-14
1787946052000493482,3.3909059206254896e-16,1.719961642615525e-14,1.6861292576971198e-14,1.7175376596180138e-14
1787946052100565162,3.3914447692882744e-16,1.719961642615525e-14,1.6861238694555264e-14,1.7175376596180138e-14
1787946052200663632,3.39188896911469e-16,1.719961642615525e-14,1.6861194276592572e-14,1.7175376596180138e-14
1787946052300527822,3.3924313903719265e-16,1.719961642615525e-14,1.686114003693347e-14,1.7175376596180138e-14
1787946052400511267,3.393038069609898e-16,1.719961642615525e-14,1.686107937176852e-14,1.7175376596180138e-14
1787946052500486305,3.393558165770238e-16,1.719961642615525e-14,1.6861027364517615e-14,1.7175376596180138e-14
1787946052600588462,3.3940570053330805e-16,1.719961642615525e-14,1.686097748282981e-14,1.7175376596180138e-14
1787946052700559774,3.3944947331284003e-16,1.719961642615525e-14,1.6860933712040863e-14,1.7175376596180138e-14
1787946052801002429,3.3950559056802864e-16,1.719961642615525e-14,1.6860877597337642e-14,1.7175376596180138e-14
1787946052901102182,3.3955806181068614e-16,1.719961642615525e-14,1.686082512848116e-14,1.7175376596180138e-14
1787946053001243332,3.3960923112523637e-16,1.719961642615525e-14,1.6860773961493597e-14,1.7175376596180138e-14
1787946053100807947,3.396610339959268e-16,1.719961642615525e-14,1.686072216097872e-14,1.7175376596180138e-14
1787946053200680449,3.3971327847297483e-16,1.719961642615525e-14,1.686066991887758e-14,1.7175376596180138e-14
1787946053300609758,3.3975778265125706e-16,1.719961642615525e-14,1.6860625416723215e-14,1.7175376596180138e-14
1787946053400566088,3.398068274389972e-16,1.719961642615525e-14,1.68605763741659e-14,1.7175376596180138e-14
1787946053500424874,3.3986448690043805e-16,1.719961642615525e-14,1.6860518717326672e-14,1.7175376596180138e-14
1787946053600890249,3.39913880625467e-16,1.719961642615525e-14,1.6860469325847963e-14,1.7175376596180138e-14
1787946053700580540,3.399700682460547e-16,1.719961642615525e-14,1.6860413140782684e-14,1.7175376596180138e-14
1787946053800686931,3.400159340722629e-16,1.719961642615525e-14,1.686036727704238e-14,1.7175376596180138e-14
1787946053900724413,3.400585212599752e-16,1.719961642615525e-14,1.6860324691791478e-14,1.7175376596180138e-14
1787946054000859267,3.4012108998100555e-16,1.719961642615525e-14,1.686026212591601e-14,1.7175376596180138e-14
1787946054100510751,3.4017768649720313e-16,1.719961642615525e-14,1.6860205531973777e-14,1.7175376596180138e-14
1787946054200869983,3.40234465839341e-16,1.719961642615525e-14,1.686014875521394e-14,1.7175376596180138e-14
1787946054300709459,3.4028486577893525e-16,1.719961642615525e-14,1.6860098357566526e-14,1.7175376596180138e-14
1787946054400708415,3.403351218001045e-16,1.719961642615525e-14,1.686004810383101e-14,1.7175376596180138e-14
1787946054500642910,3.403869073485351e-16,1.719961642615525e-14,1.6859996320637808e-14,1.7175376596180138e-14
1787946054600635644,3.4044277126226606e-16,1.719961642615525e-14,1.6859940459264805e-14,1.7175376596180138e-14
1787946054700566632,3.4050242811510884e-16,1.719961642615525e-14,1.6859880805125213e-14,1.7175376596180138e-14
1787946054800824955,3.405491348254671e-16,1.719961642615525e-14,1.6859834100539138e-14,1.7175376596180138e-14
1787946054900596634,3.4059591379485394e-16,1.719961642615525e-14,1.6859787323697332e-14,1.7175376596180138e-14
1787946055000769777,3.4064243433300707e-16,1.719961642615525e-14,1.6859740805275018e-14,1.7175376596180138e-14
1787946055100859990,3.4071022595054646e-16,1.719961642615525e-14,1.6859673016740786e-14,1.7175376596180138e-14
1787946055200787508,3.4076196888699376e-16,1.719961642615525e-14,1.685962127615773e-14,1.7175376596180138e-14
1787946055300836213,3.408087477327088e-16,1.719961642615525e-14,1.6859574499439642e-14,1.7175376596180138e-14
1787946055400641352,3.408530205735994e-16,1.719961642615525e-14,1.685953022861241e-14,1.7175376596180138e-14
1787946055500565914,3.409116024605493e-16,1.719961642615525e-14,1.6859471649389954e-14,1.7175376596180138e-14
1787946055600582630,3.409622163480749e-16,1.719961642615525e-14,1.6859421037804525e-14,1.7175376596180138e-14
1787946055700709582,3.4100975609656146e-16,1.719961642615525e-14,1.6859373500218328e-14,1.7175376596180138e-14
1787946055800518117,3.4106713784114182e-16,1.719961642615525e-14,1.6859316121083703e-14,1.7175376596180138e-14
1787946055900602158,3.411147500239498e-16,1.719961642615525e-14,1.68592685110665e-14,1.7175376596180138e-14
1787946056000727888,3.411662808029356e-16,1.719961642615525e-14,1.6859216982631374e-14,1.7175376596180138e-14
1787946056100503768,3.412176491009626e-16,1.719961642615525e-14,1.685916561666983e-14,1.7175376596180138e-14
1787946056200524808,3.4127348264244795e-16,1.719961642615525e-14,1.6859109785667943e-14,1.7175376596180138e-14
1787946056300483861,3.413327141950272e-16,1.719961642615525e-14,1.6859050556809538e-14,1.7175376596180138e-14
1787946056400759007,3.4138945437232543e-16,1.719961642615525e-14,1.685899381921311e-14,1.7175376596180138e-14
1787946056500541990,3.4143845360529965e-16,1.719961642615525e-14,1.6858944822208922e-14,1.7175376596180138e-14
1787946056600550647,3.4148396778513156e-16,1.719961642615525e-14,1.6858899310099363e-14,1.7175376596180138e-14
1787946056700522334,3.4154020255562947e-16,1.719961642615525e-14,1.6858843077886793e-14,1.7175376596180138e-14
1787946056800760110,3.4158910416018e-16,1.719961642615525e-14,1.6858794178506626e-14,1.7175376596180138e-14
1787946056900612003,3.4164721056865743e-16,1.719961642615525e-14,1.6858736074741246e-14,1.7175376596180138e-14
1787946057000664832,3.416980429097504e-16,1.719961642615525e-14,1.6858685244712387e-14,1.7175376596180138e-14
1787946057100647345,3.4175255694178237e-16,1.719961642615525e-14,1.6858630733160075e-14,1.7175376596180138e-14
1787946057200739314,3.417924791125544e-16,1.719961642615525e-14,1.6858590812805287e-14,1.7175376596180138e-14
1787946057300577557,3.418407579960396e-16,1.719961642615525e-14,1.6858542536117925e-14,1.7175376596180138e-14
1787946057400497894,3.4190257589982467e-16,1.719961642615525e-14,1.6858480721026146e-14,1.7175376596180138e-14
1787946057500611504,3.4196094168747324e-16,1.719961642615525e-14,1.6858422357893492e-14,1.7175376596180138e-14
1787946057600524768,3.420191706412858e-16,1.719961642615525e-14,1.6858364131588466e-14,1.7175376596180138e-14
1787946057700999715,3.420677978988091e-16,1.719961642615525e-14,1.685831550654297e-14,1.7175376596180138e-14
1787946057800758709,3.4212829847420625e-16,1.719961642615525e-14,1.6858255008719733e-14,1.7175376596180138e-14
1787946057900920569,3.421758130152991e-16,1.719961642615525e-14,1.6858207496340078e-14,1.7175376596180138e-14
1787946058000616155,3.422317766154149e-16,1.719961642615525e-14,1.685815153528577e-14,1.7175376596180138e-14
1787946058100800764,3.422820043832314e-16,1.719961642615525e-14,1.6858101309802848e-14,1.7175376596180138e-14
1787946058200684699,3.4233563813131774e-16,1.719961642615525e-14,1.6858047678494606e-14,1.7175376596180138e-14
1787946058300700701,3.4238606622962416e-16,1.719961642615525e-14,1.6857997252690337e-14,1.7175376596180138e-14
1787946058400792196,3.424396707624077e-16,1.719961642615525e-14,1.68579436505961e-14,1.7175376596180138e-14
1787946058500712739,3.42493626967192e-16,1.719961642615525e-14,1.685788969684588e-14,1.7175376596180138e-14
1787946058600976527,3.4255566782043775e-16,1.719961642615525e-14,1.6857827658815002e-14,1.7175376596180138e-14
1787946058700871172,3.426084351533541e-16,1.719961642615525e-14,1.6857774893882598e-14,1.7175376596180138e-14
1787946058801610081,3.4265733212935126e-16,1.719961642615525e-14,1.6857725999131053e-14,1.7175376596180138e-14
1787946058900712109,3.4270995068867943e-16,1.719961642615525e-14,1.6857673382965498e-14,1.7175376596180138e-14
1787946059000792382,3.427561456518451e-16,1.719961642615525e-14,1.685762719010389e-14,1.7175376596180138e-14
1787946059100595392,3.428220825078522e-16,1.719961642615525e-14,1.6857561256247582e-14,1.7175376596180138e-14
1787946059200748798,3.4286659671954116e-16,1.719961642615525e-14,1.6857516744061014e-14,1.7175376596180138e-14
1787946059301566381,3.4291724401757655e-16,1.719961642615525e-14,1.685746609906713e-14,1.7175376596180138e-14
1787946059401058507,3.4295910618175546e-16,1.719961642615525e-14,1.685742423880744e-14,1.7175376596180138e-14
1787946059500949702,3.430093788381735e-16,1.719961642615525e-14,1.6857373968438155e-14,1.7175376596180138e-14
1787946059600872516,3.4306918033761997e-16,1.719961642615525e-14,1.685731416965937e-14,1.7175376596180138e-14
1787946059700668763,3.4312883686479e-16,1.719961642615525e-14,1.6857254515846287e-14,1.7175376596180138e-14
1787946059800756356,3.43188213745923e-16,1.719961642615525e-14,1.6857195141666532e-14,1.7175376596180138e-14
1787946059900770902,3.432357174109111e-16,1.719961642615525e-14,1.6857147640162764e-14,1.7175376596180138e-14
1787946060000601393,3.432878349084798e-16,1.719961642615525e-14,1.6857095525036333e-14,1.7175376596180138e-14
1787946060100517631,3.4334329971037945e-16,1.719961642615525e-14,1.685704006275788e-14,1.7175376596180138e-14
1787946060200838017,3.4339289450238597e-16,1.719961642615525e-14,1.6856990470222267e-14,1.7175376596180138e-14
1787946060300626205,3.434516895969604e-16,1.719961642615525e-14,1.6856931677802688e-14,1.7175376596180138e-14
1787946060400850842,3.434998310494095e-16,1.719961642615525e-14,1.6856883538540544e-14,1.7175376596180138e-14
1787946060502824840,3.435550830766325e-16,1.719961642615525e-14,1.685682828902715e-14,1.7175376596180138e-14
1787946060600936894,3.436091415794039e-16,1.719961642615525e-14,1.685677423298392e-14,1.7175376596180138e-14
1787946060700519837,3.436586872432827e-16,1.719961642615525e-14,1.6856724689574275e-14,1.7175376596180138e-14
1787946060801519898,3.437162079688819e-16,1.719961642615525e-14,1.6856667171465772e-14,1.7175376596180138e-14
1787946060900485513,3.4376909061975006e-16,1.719961642615525e-14,1.6856614291220995e-14,1.7175376596180138e-14
1787946061000510835,3.438259596846259e-16,1.719961642615525e-14,1.6856557424743602e-14,1.7175376596180138e-14
1787946061100729296,3.438696413299252e-16,1.719961642615525e-14,1.6856513745085783e-14,1.7175376596180138e-14
1787946061200780975,3.4391436929565075e-16,1.719961642615525e-14,1.6856469019155157e-14,1.7175376596180138e-14
1787946061301216573,3.43971475219185e-16,1.719961642615525e-14,1.6856411915829926e-14,1.7175376596180138e-14
1787946061400629443,3.44032343487826e-16,1.719961642615525e-14,1.6856351050330794e-14,1.7175376596180138e-14
1787946061501579687,3.4408804743799336e-16,1.719961642615525e-14,1.6856295348915177e-14,1.7175376596180138e-14
1787946061600866832,3.4413985916775005e-16,1.719961642615525e-14,1.6856243539542888e-14,1.7175376596180138e-14
1787946061700759922,3.441831990764908e-16,1.719961642615525e-14,1.6856200201606155e-14,1.7175376596180138e-14
1787946061800698168,3.442254816360029e-16,1.719961642615525e-14,1.6856157920970543e-14,1.7175376596180138e-14
1787946061900733335,3.4429128259947687e-16,1.719961642615525e-14,1.6856092123001114e-14,1.7175376596180138e-14
1787946062000913094,3.443516684940115e-16,1.719961642615525e-14,1.6856031739854242e-14,1.7175376596180138e-14
1787946062100648485,3.4440293818026395e-16,1.719961642615525e-14,1.685598047250087e-14,1.7175376596180138e-14
1787946062200752097,3.4445182627504877e-16,1.719961642615525e-14,1.6855931586630604e-14,1.7175376596180138e-14
1787946062300684789,3.4449222377283757e-16,1.719961642615525e-14,1.6855891190971006e-14,1.7175376596180138e-14
1787946062400848794,3.445452797131201e-16,1.719961642615525e-14,1.6855838137444922e-14,1.7175376596180138e-14
1787946062500653425,3.446057397740375e-16,1.719961642615525e-14,1.6855777680135126e-14,1.7175376596180138e-14
1787946062600596326,3.4464905677149264e-16,1.719961642615525e-14,1.6855734365108744e-14,1.7175376596180138e-14
1787946062700746004,3.4469647544658245e-16,1.719961642615525e-14,1.6855686948591377e-14,1.7175376596180138e-14
1787946062800790235,3.4474868448839843e-16,1.719961642615525e-14,1.685563474192528e-14,1.7175376596180138e-14
1787946062900880592,3.448044333339706e-16,1.719961642615525e-14,1.6855578995616516e-14,1.7175376596180138e-14
1787946063000637093,3.4485812541451183e-16,1.719961642615525e-14,1.6855525305979207e-14,1.7175376596180138e-14
1787946063100663327,3.448997374179901e-16,1.719961642615525e-14,1.6855483695869277e-14,1.7175376596180138e-14
1787946063200942434,3.449552600249653e-16,1.719961642615525e-14,1.6855428175788858e-14,1.7175376596180138e-14
1787946063300546956,3.450058467104139e-16,1.719961642615525e-14,1.6855377591405376e-14,1.7175376596180138e-14
1787946063400748378,3.4505025712823984e-16,1.719961642615525e-14,1.685533318300847e-14,1.7175376596180138e-14
1787946063500612678,3.451028953587279e-16,1.719961642615525e-14,1.685528054717333e-14,1.7175376596180138e-14
1787946063600865916,3.4515412750613787e-16,1.719961642615525e-14,1.6855229317357295e-14,1.7175376596180138e-14
1787946063700888433,3.4520763208321754e-16,1.719961642615525e-14,1.685517581521502e-14,1.7175376596180138e-14
1787946063800690706,3.4525412511680746e-16,1.719961642615525e-14,1.6855129324297175e-14,1.7175376596180138e-14
1787946063900779116,3.4530135134658346e-16,1.719961642615525e-14,1.685508210021652e-14,1.7175376596180138e-14
1787946064000815588,3.453578466739604e-16,1.719961642615525e-14,1.6855025607460087e-14,1.7175376596180138e-14
1787946064100944009,3.453964909281379e-16,1.719961642615525e-14,1.685498696496451e-14,1.7175376596180138e-14
1787946064200623108,3.454486736303202e-16,1.719961642615525e-14,1.6854934784637048e-14,1.7175376596180138e-14
1787946064300594765,3.455054401336995e-16,1.719961642615525e-14,1.6854878020716997e-14,1.7175376596180138e-14
1787946064400629570,3.455570912880595e-16,1.719961642615525e-14,1.6854826371913195e-14,1.7175376596180138e-14
1787946064501847525,3.4560116678348304e-16,1.719961642615525e-14,1.6854782298423584e-14,1.7175376596180138e-14
1787946064600557315,3.456596171556755e-16,1.719961642615525e-14,1.68547238507114e-14,1.7175376596180138e-14
1787946064700610515,3.4571611531816963e-16,1.719961642615525e-14,1.6854667355120092e-14,1.7175376596180138e-14
1787946064800622238,3.457639273454601e-16,1.719961642615525e-14,1.6854619545268698e-14,1.7175376596180138e-14
1787946064900617078,3.4581069350671955e-16,1.719961642615525e-14,1.6854572781235756e-14,1.7175376596180138e-14
1787946065000567826,3.4585684082973913e-16,1.719961642615525e-14,1.6854526636012896e-14,1.7175376596180138e-14
1787946065100662410,3.459152961445986e-16,1.719961642615525e-14,1.685446818335835e-14,1.7175376596180138e-14
1787946065200862632,3.459777147922002e-16,1.719961642615525e-14,1.6854405767551457e-14,1.7175376596180138e-14
1787946065300573937,3.460274392313004e-16,1.719961642615525e-14,1.685435604537536e-14,1.7175376596180138e-14
1787946065400743532,3.4608011255839797e-16,1.719961642615525e-14,1.6854303374445482e-14,1.7175376596180138e-14
1787946065500969793,3.461353653386709e-16,1.719961642615525e-14,1.6854248124179843e-14,1.7175376596180138e-14
1787946065600657534,3.4619677315971183e-16,1.719961642615525e-14,1.685418671915358e-14,1.7175376596180138e-14
1787946065701046149,3.46241891445333e-16,1.719961642615525e-14,1.6854141602921383e-14,1.7175376596180138e-14
1787946065800641387,3.4629491218701604e-16,1.719961642615525e-14,1.6854088584592797e-14,1.7175376596180138e-14
1787946065900667753,3.463549832519073e-16,1.719961642615525e-14,1.6854028516261894e-14,1.7175376596180138e-14
1787946066000969946,3.464083399044883e-16,1.719961642615525e-14,1.685397516203773e-14,1.7175376596180138e-14
1787946066100675076,3.46455875485207e-16,1.719961642615525e-14,1.6853927628620506e-14,1.7175376596180138e-14
1787946066200637128,3.4649460982268645e-16,1.719961642615525e-14,1.6853888896045957e-14,1.7175376596180138e-14
1787946066300775430,3.465393989217645e-16,1.719961642615525e-14,1.6853844108985395e-14,1.7175376596180138e-14
1787946066400676046,3.4658858661991624e-16,1.719961642615525e-14,1.6853794923525966e-14,1.7175376596180138e-14
1787946066500664848,3.4664467505565867e-16,1.719961642615525e-14,1.6853738837643042e-14,1.7175376596180138e-14
1787946066600877359,3.466981498374585e-16,1.719961642615525e-14,1.685368536529512e-14,1.7175376596180138e-14
1787946066700934800,3.467397902944987e-16,1.719961642615525e-14,1.6853643726733334e-14,1.7175376596180138e-14
1787946066801165526,3.4678272472632235e-16,1.719961642615525e-14,1.6853600794255667e-14,1.7175376596180138e-14
1787946066901141253,3.4683529348774417e-16,1.719961642615525e-14,1.6853548227886928e-14,1.7175376596180138e-14
1787946067002101627,3.468926386367897e-16,1.719961642615525e-14,1.6853490885347974e-14,1.7175376596180138e-14
1787946067100706109,3.4694813004196867e-16,1.719961642615525e-14,1.685343539646853e-14,1.7175376596180138e-14
1787946067200695498,3.469917577016881e-16,1.719961642615525e-14,1.685339177079457e-14,1.7175376596180138e-14
1787946067300793551,3.470429622873016e-16,1.719961642615525e-14,1.6853340568539602e-14,1.7175376596180138e-14
1787946067400762702,3.470923483281332e-16,1.719961642615525e-14,1.6853291184746658e-14,1.7175376596180138e-14
1787946067500725702,3.4714853673855457e-16,1.719961642615525e-14,1.6853234998893755e-14,1.7175376596180138e-14
1787946067600787277,3.4719996239624823e-16,1.719961642615525e-14,1.6853183575576813e-14,1.7175376596180138e-14
1787946067700676148,3.4724987607502764e-16,1.719961642615525e-14,1.6853133664169978e-14,1.7175376596180138e-14
1787946067800716392,3.472948956520512e-16,1.719961642615525e-14,1.6853088646642144e-14,1.7175376596180138e-14
1787946067900709999,3.473492811778386e-16,1.719961642615525e-14,1.6853034263591875e-14,1.7175376596180138e-14
1787946068000637523,3.4739323217273033e-16,1.719961642615525e-14,1.6852990314597556e-14,1.7175376596180138e-14
1787946068100624864,3.474448645550211e-16,1.719961642615525e-14,1.6852938684565495e-14,1.7175376596180138e-14
1787946068200679482,3.475028316275911e-16,1.719961642615525e-14,1.6852880720131517e-14,1.7175376596180138e-14
1787946068300697562,3.475488891824492e-16,1.719961642615525e-14,1.6852834664673155e-14,1.7175376596180138e-14
1787946068400623929,3.4759110353781298e-16,1.719961642615525e-14,1.685279245223936e-14,1.7175376596180138e-14
1787946068500963952,3.476407392346577e-16,1.719961642615525e-14,1.6852742818801913e-14,1.7175376596180138e-14
1787946068600719028,3.4768933142849275e-16,1.719961642615525e-14,1.6852694228819985e-14,1.7175376596180138e-14
1787946068700881478,3.477415824350572e-16,1.719961642615525e-14,1.6852641980191892e-14,1.7175376596180138e-14
1787946068800920758,3.477903910468187e-16,1.719961642615525e-14,1.6852593173801916e-14,1.7175376596180138e-14
1787946068900856943,3.4784379844408887e-16,1.719961642615525e-14,1.6852539768835787e-14,1.7175376596180138e-14
1787946069000690667,3.478895354626694e-16,1.719961642615525e-14,1.68524940338992e-14,1.7175376596180138e-14
1787946069101133229,3.479388370317325e-16,1.719961642615525e-14,1.68524447345744e-14,1.7175376596180138e-14
1787946069200665113,3.4798545485245337e-16,1.719961642615525e-14,1.685239811887579e-14,1.7175376596180138e-14
1787946069300615281,3.4803634614197304e-16,1.719961642615525e-14,1.685234722990293e-14,1.7175376596180138e-14
1787946069400700523,3.480848450011792e-16,1.719961642615525e-14,1.6852298733251486e-14,1.7175376596180138e-14
1787946069500569298,3.4812797606266794e-16,1.719961642615525e-14,1.685225560415342e-14,1.7175376596180138e-14
1787946069600597413,3.48182810169633e-16,1.719961642615525e-14,1.685220077254264e-14,1.7175376596180138e-14
1787946069700588017,3.4822932192747997e-16,1.719961642615525e-14,1.6852154262902136e-14,1.7175376596180138e-14
1787946069800600522,3.482794521985296e-16,1.719961642615525e-14,1.6852104134913168e-14,1.7175376596180138e-14
1787946069900860141,3.4833251191521265e-16,1.719961642615525e-14,1.6852051077611937e-14,1.7175376596180138e-14
1787946070000701796,3.4838150249821124e-16,1.719961642615525e-14,1.6852002089259168e-14,1.7175376596180138e-14
1787946070100472424,3.484254283060061e-16,1.719961642615525e-14,1.685195816545104e-14,1.7175376596180138e-14
1787946070200663631,3.4848587949562085e-16,1.719961642615525e-14,1.6851897717013412e-14,1.7175376596180138e-14
1787946070300586003,3.4853022622660404e-16,1.719961642615525e-14,1.6851853372301288e-14,1.7175376596180138e-14
1787946070401351216,3.4857397219550693e-16,1.719961642615525e-14,1.6851809628323904e-14,1.7175376596180138e-14
1787946070500427923,3.48629654634436e-16,1.719961642615525e-14,1.6851753948419912e-14,1.7175376596180138e-14
1787946070600770854,3.48666632527296e-16,1.719961642615525e-14,1.6851716972210474e-14,1.7175376596180138e-14
1787946070700509262,3.487153453894918e-16,1.719961642615525e-14,1.685166826156595e-14,1.7175376596180138e-14
1787946070800762294,3.4876149722618894e-16,1.719961642615525e-14,1.6851622111830345e-14,1.7175376596180138e-14
1787946070900665772,3.488163708145493e-16,1.719961642615525e-14,1.6851567240740157e-14,1.7175376596180138e-14
1787946071000724650,3.4885445186590673e-16,1.719961642615525e-14,1.685152916142248e-14,1.7175376596180138e-14
1787946071100668309,3.4889471992484096e-16,1.719961642615525e-14,1.6851488895196808e-14,1.7175376596180138e-14
1787946071200624662,3.48943145653205e-16,1.719961642615525e-14,1.6851440471673104e-14,1.7175376596180138e-14
1787946071300489663,3.4899217679604457e-16,1.719961642615525e-14,1.6851391442762497e-14,1.7175376596180138e-14
1787946071401395596,3.490390613124222e-16,1.719961642615525e-14,1.6851344560380638e-14,1.7175376596180138e-14
1787946071500604487,3.490850724909946e-16,1.719961642615525e-14,1.6851298551296834e-14,1.7175376596180138e-14
1787946071600616925,3.491232044768053e-16,1.719961642615525e-14,1.6851260421047083e-14,1.7175376596180138e-14
1787946071700589568,3.4917740007246837e-16,1.719961642615525e-14,1.6851206227918828e-14,1.7175376596180138e-14
1787946071800742650,3.492248053561914e-16,1.719961642615525e-14,1.685115882479338e-14,1.7175376596180138e-14
1787946071900573076,3.492723429489072e-16,1.719961642615525e-14,1.6851111289364972e-14,1.7175376596180138e-14
1787946072000617554,3.4932071517345256e-16,1.719961642615525e-14,1.6851062919342753e-14,1.7175376596180138e-14
1787946072100724315,3.4937211860553315e-16,1.719961642615525e-14,1.6851011518251013e-14,1.7175376596180138e-14
1787946072200700371,3.4941589896734027e-16,1.719961642615525e-14,1.685096773988249e-14,1.7175376596180138e-14
1787946072300556111,3.494573531519941e-16,1.719961642615525e-14,1.6850926287585222e-14,1.7175376596180138e-14
1787946072400628047,3.4951869280200006e-16,1.719961642615525e-14,1.685086495072799e-14,1.7175376596180138e-14
1787946072500656050,3.4957773049489994e-16,1.719961642615525e-14,1.6850805915723076e-14,1.7175376596180138e-14
1787946072600683552,3.4963148473908164e-16,1.719961642615525e-14,1.6850752163926343e-14,1.7175376596180138e-14
1787946072700845036,3.496769221065144e-16,1.719961642615525e-14,1.6850706728627697e-14,1.7175376596180138e-14
1787946072800609375,3.4973686445849157e-16,1.719961642615525e-14,1.685064678900495e-14,1.7175376596180138e-14
1787946072900654771,3.497894577554147e-16,1.719961642615525e-14,1.685059419810266e-14,1.7175376596180138e-14
1787946073000508147,3.4984008105991594e-16,1.719961642615525e-14,1.685054357710311e-14,1.7175376596180138e-14
1787946073100934393,3.498902868531649e-16,1.719961642615525e-14,1.685049337359582e-14,1.7175376596180138e-14
1787946073200926866,3.4993889165987243e-16,1.719961642615525e-14,1.6850444771002184e-14,1.7175376596180138e-14
1787946073301613611,3.4999168463983173e-16,1.719961642615525e-14,1.685039198042601e-14,1.7175376596180138e-14
1787946073400693322,3.5004152482468024e-16,1.719961642615525e-14,1.685034214251051e-14,1.7175376596180138e-14
1787946073500885851,3.5008828281577495e-16,1.719961642615525e-14,1.6850295386648437e-14,1.7175376596180138e-14
1787946073600665795,3.5013821775690245e-16,1.719961642615525e-14,1.6850245453981003e-14,1.7175376596180138e-14
1787946073700872981,3.5018880238235337e-16,1.719961642615525e-14,1.685019487165884e-14,1.7175376596180138e-14
1787946073800813116,3.502451451074107e-16,1.719961642615525e-14,1.685013853149927e-14,1.7175376596180138e-14
1787946073901450338,3.5028850931110867e-16,1.719961642615525e-14,1.685009516927011e-14,1.7175376596180138e-14
1787946074000948544,3.503374941469386e-16,1.719961642615525e-14,1.6850046186664764e-14,1.7175376596180138e-14
1787946074100993071,3.503886844413003e-16,1.719961642615525e-14,1.6849994998701326e-14,1.7175376596180138e-14
1787946074200658096,3.504332114006622e-16,1.719961642615525e-14,1.6849950473769483e-14,1.7175376596180138e-14
1787946074300540008,3.5048320184529085e-16,1.719961642615525e-14,1.6849900485601163e-14,1.7175376596180138e-14
1787946074400841707,3.505282970059227e-16,1.719961642615525e-14,1.684985539249395e-14,1.7175376596180138e-14
1787946074500512955,3.505775114060716e-16,1.719961642615525e-14,1.68498061803348e-14,1.7175376596180138e-14
1787946074600565857,3.506329190659446e-16,1.719961642615525e-14,1.6849750775197957e-14,1.7175376596180138e-14
1787946074700520556,3.5069132069439865e-16,1.719961642615525e-14,1.684969237622888e-14,1.7175376596180138e-14
1787946074800519758,3.5074416918761363e-16,1.719961642615525e-14,1.684963953014219e-14,1.7175376596180138e-14
1787946074900847065,3.5079490777967977e-16,1.719961642615525e-14,1.684958879386059e-14,1.7175376596180138e-14
1787946075000430989,3.5084195960308507e-16,1.719961642615525e-14,1.6849541744179776e-14,1.7175376596180138e-14
1787946075100563096,3.5088851670662216e-16,1.719961642615525e-14,1.6849495189196315e-14,1.7175376596180138e-14
1787946075200404689,3.509281902799126e-16,1.719961642615525e-14,1.6849455517429657e-14,1.7175376596180138e-14
1787946075301139116,3.50990464057662e-16,1.719961642615525e-14,1.6849393246487707e-14,1.7175376596180138e-14
1787946075402441057,3.510410400171236e-16,1.719961642615525e-14,1.684934267283137e-14,1.7175376596180138e-14
1787946075501397320,3.5107726542546417e-16,1.719961642615525e-14,1.6849306449072668e-14,1.7175376596180138e-14
1787946075602150302,3.5112612010423506e-16,1.719961642615525e-14,1.684925759661866e-14,1.7175376596180138e-14
1787946075700977232,3.51174336799893e-16,1.719961642615525e-14,1.6849209382118725e-14,1.7175376596180138e-14
1787946075800814547,3.5122129886031705e-16,1.719961642615525e-14,1.6849162422196903e-14,1.7175376596180138e-14
1787946075900608841,3.5127512263853586e-16,1.719961642615525e-14,1.6849108600869778e-14,1.7175376596180138e-14
1787946076002394599,3.5132263846396744e-16,1.719961642615525e-14,1.6849061087208195e-14,1.7175376596180138e-14
1787946076100578049,3.513710215396903e-16,1.719961642615525e-14,1.684901270633582e-14,1.7175376596180138e-14
1787946076201202566,3.514220874897142e-16,1.719961642615525e-14,1.6848961642711343e-14,1.7175376596180138e-14
1787946076301569120,3.5146440215636114e-16,1.719961642615525e-14,1.6848919329971714e-14,1.7175376596180138e-14
1787946076400987686,3.5151509185963174e-16,1.719961642615525e-14,1.6848868642576878e-14,1.7175376596180138e-14
1787946076500773791,3.515727119243565e-16,1.719961642615525e-14,1.6848811025136218e-14,1.7175376596180138e-14
1787946076600745785,3.5161326752721034e-16,1.719961642615525e-14,1.6848770471380312e-14,1.7175376596180138e-14
1787946076700884291,3.5165265359376415e-16,1.719961642615525e-14,1.6848731087107448e-14,1.7175376596180138e-14
1787946076800518982,3.517065850852839e-16,1.719961642615525e-14,1.6848677158072053e-14,1.7175376596180138e-14
1787946076900897638,3.5175311481670297e-16,1.719961642615525e-14,1.6848630630459676e-14,1.7175376596180138e-14
1787946077000869071,3.5181274680251136e-16,1.719961642615525e-14,1.6848571001189638e-14,1.7175376596180138e-14
1787946077101001311,3.5186202927445e-16,1.719961642615525e-14,1.684852172096214e-14,1.7175376596180138e-14
1787946077200714236,3.5191764428415353e-16,1.719961642615525e-14,1.684846610848529e-14,1.7175376596180138e-14
1787946077300574857,3.5197072304113466e-16,1.719961642615525e-14,1.6848413032145672e-14,1.7175376596180138e-14
1787946077400730562,3.5201101651066187e-16,1.719961642615525e-14,1.684837274051124e-14,1.7175376596180138e-14
1787946077500543393,3.520569269538032e-16,1.719961642615525e-14,1.6848326832159016e-14,1.7175376596180138e-14
1787946077600417750,3.521133697207234e-16,1.719961642615525e-14,1.684827039196271e-14,1.7175376596180138e-14
1787946077700548759,3.5214773428527464e-16,1.719961642615525e-14,1.684823602896326e-14,1.7175376596180138e-14
1787946077800760097,3.521925416117626e-16,1.719961642615525e-14,1.6848191223677486e-14,1.7175376596180138e-14
1787946077900631058,3.5224494341212365e-16,1.719961642615525e-14,1.6848138824263736e-14,1.7175376596180138e-14
1787946078001107053,3.522958587949321e-16,1.719961642615525e-14,1.6848087911199852e-14,1.7175376596180138e-14
1787946078100803172,3.5233589891846235e-16,1.719961642615525e-14,1.684804787289995e-14,1.7175376596180138e-14
1787946078200723422,3.523918418054178e-16,1.719961642615525e-14,1.6847991932560926e-14,1.7175376596180138e-14
1787946078300814261,3.524420609516654e-16,1.719961642615525e-14,1.6847941715701936e-14,1.7175376596180138e-14
1787946078400858132,3.524881712510609e-16,1.719961642615525e-14,1.6847895607502666e-14,1.7175376596180138e-14
1787946078500538131,3.52530643121461e-16,1.719961642615525e-14,1.6847853137566693e-14,1.7175376596180138e-14
1787946078601525081,3.5257447083622777e-16,1.719961642615525e-14,1.6847809311848112e-14,1.7175376596180138e-14
1787946078700965350,3.52627669892865e-16,1.719961642615525e-14,1.684775611521451e-14,1.7175376596180138e-14
1787946078800631654,3.526786954296505e-16,1.719961642615525e-14,1.6847705092001773e-14,1.7175376596180138e-14
1787946078901462280,3.5273449153749256e-16,1.719961642615525e-14,1.684764929843528e-14,1.7175376596180138e-14
1787946079000695762,3.527898829966889e-16,1.719961642615525e-14,1.684759390949902e-14,1.7175376596180138e-14
1787946079100734119,3.5284156352998595e-16,1.719961642615525e-14,1.6847542231319652e-14,1.7175376596180138e-14
1787946079200539560,3.528948679367297e-16,1.719961642615525e-14,1.6847488929340813e-14,1.7175376596180138e-14
1787946079300538263,3.529537233016904e-16,1.719961642615525e-14,1.6847430076656613e-14,1.7175376596180138e-14
1787946079400517279,3.530145521461149e-16,1.719961642615525e-14,1.6847369250582855e-14,1.7175376596180138e-14
1787946079500588067,3.530534828324979e-16,1.719961642615525e-14,1.684733032166972e-14,1.7175376596180138e-14
1787946079600738705,3.530926530034758e-16,1.719961642615525e-14,1.684729115328291e-14,1.7175376596180138e-14
1787946079700548223,3.5314512332140134e-16,1.719961642615525e-14,1.6847238685354968e-14,1.7175376596180138e-14
1787946079800520637,3.531953219853201e-16,1.719961642615525e-14,1.684718848897758e-14,1.7175376596180138e-14
1787946079900576817,3.532476689835551e-16,1.719961642615525e-14,1.6847136144363742e-14,1.7175376596180138e-14
1787946080000706847,3.5330407408672685e-16,1.719961642615525e-14,1.684707974182983e-14,1.7175376596180138e-14
1787946080100714854,3.5335003113229693e-16,1.719961642615525e-14,1.6847033786877627e-14,1.7175376596180138e-14
1787946080200693195,3.5339710186358115e-16,1.719961642615525e-14,1.6846986718290446e-14,1.7175376596180138e-14
1787946080300808783,3.5344707553998415e-16,1.719961642615525e-14,1.6846936746890392e-14,1.7175376596180138e-14
1787946080400716843,3.534909534743005e-16,1.719961642615525e-14,1.6846892870954766e-14,1.7175376596180138e-14
1787946080500627096,3.535470304261291e-16,1.719961642615525e-14,1.6846836796557326e-14,1.7175376596180138e-14
1787946080600614234,3.5360124014209124e-16,1.719961642615525e-14,1.6846782589310715e-14,1.7175376596180138e-14
1787946080700545497,3.5364442734734275e-16,1.719961642615525e-14,1.6846739404072727e-14,1.7175376596180138e-14
1787946080800743329,3.536876123126492e-16,1.719961642615525e-14,1.6846696221074593e-14,1.7175376596180138e-14
1787946080901018397,3.5374164627115464e-16,1.719961642615525e-14,1.6846642189577473e-14,1.7175376596180138e-14
1787946081000632335,3.5379764507061713e-16,1.719961642615525e-14,1.6846586193328914e-14,1.7175376596180138e-14
1787946081100748952,3.538477645853938e-16,1.719961642615525e-14,1.6846536076097238e-14,1.7175376596180138e-14
1787946081200576877,3.538996392269816e-16,1.719961642615525e-14,1.6846484203818715e-14,1.7175376596180138e-14
1787946081300540337,3.5393170493960057e-16,1.719961642615525e-14,1.6846452139566808e-14,1.7175376596180138e-14
1787946081400691990,3.5398341739884083e-16,1.719961642615525e-14,1.6846400429463267e-14,1.7175376596180138e-14
1787946081500512501,3.5404515453107967e-16,1.719961642615525e-14,1.684633869514341e-14,1.7175376596180138e-14
1787946081600535432,3.540882821942805e-16,1.719961642615525e-14,1.6846295569444864e-14,1.7175376596180138e-14
1787946081700484976,3.54139882663008e-16,1.719961642615525e-14,1.6846243971326783e-14,1.7175376596180138e-14
1787946081800506535,3.541932488293182e-16,1.719961642615525e-14,1.6846190607591568e-14,1.7175376596180138e-14
1787946081900837093,3.542497841124333e-16,1.719961642615525e-14,1.6846134074883932e-14,1.7175376596180138e-14
1787946082001050060,3.5430761565069085e-16,1.719961642615525e-14,1.6846076245980224e-14,1.7175376596180138e-14
1787946082100434611,3.543683650645822e-16,1.719961642615525e-14,1.684601549933383e-14,1.7175376596180138e-14
1787946082200423544,3.54424057676517e-16,1.719961642615525e-14,1.6845959809259038e-14,1.7175376596180138e-14
1787946082300574963,3.54462711078893e-16,1.719961642615525e-14,1.6845921157617575e-14,1.7175376596180138e-14
1787946082400706424,3.54520298646252e-16,1.719961642615525e-14,1.6845863572673718e-14,1.7175376596180138e-14
1787946082502046170,3.545591268977024e-16,1.719961642615525e-14,1.6845824746191166e-14,1.7175376596180138e-14
1787946082601117514,3.546181541427898e-16,1.719961642615525e-14,1.6845765721635196e-14,1.7175376596180138e-14
1787946082701364642,3.5467676504278926e-16,1.719961642615525e-14,1.6845707113405368e-14,1.7175376596180138e-14
1787946082800891640,3.547222545317205e-16,1.719961642615525e-14,1.684566162598884e-14,1.7175376596180138e-14
1787946082901452666,3.54774272653912e-16,1.719961642615525e-14,1.68456096102365e-14,1.7175376596180138e-14
1787946083000910394,3.5481329060271097e-16,1.719961642615525e-14,1.6845570594065293e-14,1.7175376596180138e-14
1787946083101261093,3.548631280972058e-16,1.719961642615525e-14,1.6845520758841325e-14,1.7175376596180138e-14
1787946083201268167,3.549147301200936e-16,1.719961642615525e-14,1.6845469159169368e-14,1.7175376596180138e-14
1787946083301308273,3.549728696592969e-16,1.719961642615525e-14,1.6845411022278954e-14,1.7175376596180138e-14
1787946083401155147,3.550251707816626e-16,1.719961642615525e-14,1.68453587235394e-14,1.7175376596180138e-14
1787946083501321881,3.550687394822641e-16,1.719961642615525e-14,1.6845315156823778e-14,1.7175376596180138e-14
1787946083601244226,3.5511477857843744e-16,1.719961642615525e-14,1.6845269119825143e-14,1.7175376596180138e-14
1787946083701549019,3.551566410164736e-16,1.719961642615525e-14,1.684522725929437e-14,1.7175376596180138e-14
1787946083800722740,3.552121859797544e-16,1.719961642615525e-14,1.6845171716861745e-14,1.7175376596180138e-14
1787946083901164850,3.5527069057889367e-16,1.719961642615525e-14,1.684511321492812e-14,1.7175376596180138e-14
1787946084000886289,3.55311150086146e-16,1.719961642615525e-14,1.684507275726425e-14,1.7175376596180138e-14
1787946084101190787,3.553550998858697e-16,1.719961642615525e-14,1.6845028809466934e-14,1.7175376596180138e-14
1787946084201038930,3.554163281907946e-16,1.719961642615525e-14,1.6844967583951665e-14,1.7175376596180138e-14
1787946084301140228,3.5547371291844013e-16,1.719961642615525e-14,1.684491020183858e-14,1.7175376596180138e-14
1787946084401329009,3.555239027195296e-16,1.719961642615525e-14,1.6844860014324243e-14,1.7175376596180138e-14
1787946084500592025,3.555716275609602e-16,1.719961642615525e-14,1.6844812291657274e-14,1.7175376596180138e-14
1787946084601457294,3.5561992072859244e-16,1.719961642615525e-14,1.684476400069001e-14,1.7175376596180138e-14
1787946084700601517,3.5567210858834035e-16,1.719961642615525e-14,1.6844711815208097e-14,1.7175376596180138e-14
1787946084800613828,3.557208385757254e-16,1.719961642615525e-14,1.6844663087441007e-14,1.7175376596180138e-14
1787946084900955716,3.557752052790704e-16,1.719961642615525e-14,1.68446087232148e-14,1.7175376596180138e-14
1787946085000766990,3.558377863460427e-16,1.719961642615525e-14,1.6844546144999263e-14,1.7175376596180138e-14
1787946085100638513,3.558897835200376e-16,1.719961642615525e-14,1.6844494150194474e-14,1.7175376596180138e-14
1787946085200757109,3.5593588223282393e-16,1.719961642615525e-14,1.684444805358215e-14,1.7175376596180138e-14
1787946085300715595,3.5598399786578296e-16,1.719961642615525e-14,1.6844399940141566e-14,1.7175376596180138e-14
1787946085400670715,3.560338467766668e-16,1.719961642615525e-14,1.6844350093502042e-14,1.7175376596180138e-14
1787946085500705745,3.5608738634928535e-16,1.719961642615525e-14,1.6844296556368968e-14,1.7175376596180138e-14
1787946085600650906,3.5614114692433536e-16,1.719961642615525e-14,1.6844242798243548e-14,1.7175376596180138e-14
1787946085700915726,3.5619417999069604e-16,1.719961642615525e-14,1.684418976759368e-14,1.7175376596180138e-14
1787946085800854405,3.5623108760124337e-16,1.719961642615525e-14,1.6844152861664867e-14,1.7175376596180138e-14
1787946085901538752,3.5628026955216854e-16,1.719961642615525e-14,1.684410368195498e-14,1.7175376596180138e-14
1787946086000786135,3.563291551813259e-16,1.719961642615525e-14,1.6844054798553374e-14,1.7175376596180138e-14
1787946086101188199,3.563872848823336e-16,1.719961642615525e-14,1.684399667150115e-14,1.7175376596180138e-14
1787946086200646353,3.5643049404552176e-16,1.719961642615525e-14,1.684395346430688e-14,1.7175376596180138e-14
1787946086300767571,3.564725204910042e-16,1.719961642615525e-14,1.6843911439776427e-14,1.7175376596180138e-14
1787946086400661452,3.5652311896930723e-16,1.719961642615525e-14,1.6843860843603775e-14,1.7175376596180138e-14
1787946086500981963,3.565775409028982e-16,1.719961642615525e-14,1.6843806424150077e-14,1.7175376596180138e-14
1787946086600655923,3.5663486081415795e-16,1.719961642615525e-14,1.684374910685078e-14,1.7175376596180138e-14
1787946086700668306,3.5669426264585684e-16,1.719961642615525e-14,1.6843689707725932e-14,1.7175376596180138e-14
1787946086800819300,3.567455865494523e-16,1.719961642615525e-14,1.684363838616111e-14,1.7175376596180138e-14
1787946086900910501,3.5680070044778626e-16,1.719961642615525e-14,1.6843583274774263e-14,1.7175376596180138e-14
1787946087000670471,3.568517043306203e-16,1.719961642615525e-14,1.6843532273215644e-14,1.7175376596180138e-14
1787946087100825569,3.569057560020443e-16,1.719961642615525e-14,1.6843478224007337e-14,1.7175376596180138e-14
1787946087200698467,3.569578298976692e-16,1.719961642615525e-14,1.6843426152484714e-14,1.7175376596180138e-14
1787946087300614707,3.570019268043627e-16,1.719961642615525e-14,1.6843382057587525e-14,1.7175376596180138e-14
1787946087400703770,3.5705893853380574e-16,1.719961642615525e-14,1.6843325048456133e-14,1.7175376596180138e-14
1787946087501060716,3.5710647617905177e-16,1.719961642615525e-14,1.6843277512977214e-14,1.7175376596180138e-14
1787946087601132748,3.571489076634426e-16,1.719961642615525e-14,1.6843235083426467e-14,1.7175376596180138e-14
1787946087700808427,3.572022717929045e-16,1.719961642615525e-14,1.6843181721728876e-14,1.7175376596180138e-14
1787946087800730938,3.5725479273473144e-16,1.719961642615525e-14,1.6843129203180513e-14,1.7175376596180138e-14
1787946087900555236,3.573037352911945e-16,1.719961642615525e-14,1.6843080262854447e-14,1.7175376596180138e-14
1787946088000678724,3.5734733200211425e-16,1.719961642615525e-14,1.6843036668130322e-14,1.7175376596180138e-14
1787946088101254447,3.5739893514535447e-16,1.719961642615525e-14,1.6842985067338754e-14,1.7175376596180138e-14
1787946088201279136,3.574519376793841e-16,1.719961642615525e-14,1.6842932067220188e-14,1.7175376596180138e-14
1787946088301145128,3.5750666712009787e-16,1.719961642615525e-14,1.6842877340273656e-14,1.7175376596180138e-14
1787946088401090369,3.575629488829334e-16,1.719961642615525e-14,1.6842821061075758e-14,1.7175376596180138e-14
1787946088501007767,3.576175229130683e-16,1.719961642615525e-14,1.6842766489532754e-14,1.7175376596180138e-14
1787946088601256527,3.5766191133971373e-16,1.719961642615525e-14,1.6842722103129057e-14,1.7175376596180138e-14
1787946088700995450,3.5771062156058956e-16,1.719961642615525e-14,1.68426733951281e-14,1.7175376596180138e-14
1787946088801093708,3.577513631991922e-16,1.719961642615525e-14,1.684263265534627e-14,1.7175376596180138e-14
1787946088901054788,3.5780618294202804e-16,1.719961642615525e-14,1.6842577838101818e-14,1.7175376596180138e-14
1787946089000875846,3.578409444377491e-16,1.719961642615525e-14,1.6842543078190344e-14,1.7175376596180138e-14
1787946089101030626,3.578921382426379e-16,1.719961642615525e-14,1.6842491886718612e-14,1.7175376596180138e-14
1787946089201507379,3.579359240232111e-16,1.719961642615525e-14,1.6842448102933586e-14,1.7175376596180138e-14
1787946089301210372,3.580020000411146e-16,1.719961642615525e-14,1.6842382029927134e-14,1.7175376596180138e-14
1787946089400999306,3.5804690300823467e-16,1.719961642615525e-14,1.6842337129006503e-14,1.7175376596180138e-14
1787946089503552843,3.5808961444389323e-16,1.719961642615525e-14,1.6842294419517467e-14,1.7175376596180138e-14
1787946089600872899,3.5814269517400186e-16,1.719961642615525e-14,1.6842241341206583e-14,1.7175376596180138e-14
1787946089700694454,3.5818855391475767e-16,1.719961642615525e-14,1.684219548455591e-14,1.7175376596180138e-14
1787946089800723077,3.5824494676162163e-16,1.719961642615525e-14,1.684213909427926e-14,1.7175376596180138e-14
1787946089900667212,3.5827769153373946e-16,1.719961642615525e-14,1.6842106350999555e-14,1.7175376596180138e-14
1787946090000656181,3.583239304007969e-16,1.719961642615525e-14,1.6842060114239942e-14,1.7175376596180138e-14
1787946090100680473,3.5836481481709233e-16,1.719961642615525e-14,1.684201923168706e-14,1.7175376596180138e-14
1787946090201117598,3.584164661617207e-16,1.719961642615525e-14,1.6841967582696585e-14,1.7175376596180138e-14
1787946090300956903,3.5845927339129207e-16,1.719961642615525e-14,1.6841924777418085e-14,1.7175376596180138e-14
1787946261138693929,1.9707235673420606e-18,1.719961642615525e-14,1.719839741591806e-14,1.719839741591806e-14
1787946262112987011,2.4643949598155895e-18,1.719961642615525e-14,1.719790376610376e-14,1.719839741591806e-14
1787946263113324496,2.9466516132284606e-18,1.719961642615525e-14,1.7197421530530784e-14,1.719839741591806e-14
1787946264113564274,3.4563106155828734e-18,1.719961642615525e-14,1.7196911893807965e-14,1.719839741591806e-14
1787946265113011734,3.962781209678342e-18,1.719961642615525e-14,1.7196405445355336e-14,1.719839741591806e-14
1787946266113178676,4.4017891161205255e-18,1.719961642615525e-14,1.7195966456642134e-14,1.719839741591806e-14
1787946267113655551,4.892480288767754e-18,1.719961642615525e-14,1.719547578692346e-14,1.719839741591806e-14
1787946268113491082,5.4128609601336974e-18,1.719961642615525e-14,1.7194955429005483e-14,1.719839741591806e-14
1787946269113717679,5.840657784124992e-18,1.719961642615525e-14,1.719452765088773e-14,1.719839741591806e-14
1787946270112986091,6.399047368891806e-18,1.719961642615525e-14,1.7193969285721023e-14,1.719839741591806e-14
1787946271112883424,6.9306913448259315e-18,1.719961642615525e-14,1.719343766499505e-14,1.719839741591806e-14
1787946272113193813,7.430237466309926e-18,1.719961642615525e-14,1.719293814072113e-14,1.719839741591806e-14
1787946273113429438,7.908773083681695e-18,1.719961642615525e-14,1.7192459626033624e-14,1.719839741591806e-14
1787946274113107537,8.365334702334852e-18,1.719961642615525e-14,1.7192003084384836e-14,1.719839741591806e-14
1787946275113762767,8.8413667917484e-18,1.719961642615525e-14,1.719152707311805e-14,1.719839741591806e-14
1787946276113419727,9.316999312584666e-18,1.719961642615525e-14,1.7191051461403513e-14,1.719839741591806e-14
1787946277113047137,9.79560660121114e-18,1.719961642615525e-14,1.719057287505248e-14,1.719839741591806e-14
1787946278113591075,1.0308044917564645e-17,1.719961642615525e-14,1.7190060459155015e-14,1.719839741591806e-14
1787946279113333811,1.0845517651996885e-17,1.719961642615525e-14,1.718952300993615e-14,1.719839741591806e-14
1787946280115010137,1.1402216600852056e-17,1.719961642615525e-14,1.7188966335345598e-14,1.719839741591806e-14
1787946281113801056,1.1963408215980657e-17,1.719961642615525e-14,1.718840516828695e-14,1.719839741591806e-14
1787946282112930253,1.2457862795820263e-17,1.719961642615525e-14,1.7187910735344652e-14,1.719839741591806e-14
1787946283113101052,1.2967558441860116e-17,1.719961642615525e-14,1.7187401062004418e-14,1.719839741591806e-14
1787946284113214540,1.3465450093263967e-17,1.719961642615525e-14,1.718690319214352e-14,1.719839741591806e-14
1787946285113122259,1.395454263459643e-17,1.719961642615525e-14,1.718641412100882e-14,1.719839741591806e-14
1787946286113050893,1.4454307663375756e-17,1.719961642615525e-14,1.7185914377855047e-14,1.719839741591806e-14
1787946287112930943,1.492085549724727e-17,1.719961642615525e-14,1.718544785044339e-14,1.719839741591806e-14
1787946288113746245,1.5383535282541492e-17,1.719961642615525e-14,1.71849851909121e-14,1.719839741591806e-14
1787946289113046653,1.586308677077573e-17,1.719961642615525e-14,1.7184505660417574e-14,1.719839741591806e-14
1787946290113182980,1.634839318575433e-17,1.719961642615525e-14,1.7184020375249443e-14,1.719839741591806e-14
1787946291112852890,1.6816523180534685e-17,1.719961642615525e-14,1.7183552265750657e-14,1.719839741591806e-14
1787946292113160779,1.7293917875799065e-17,1.719961642615525e-14,1.718307489195817e-14,1.719839741591806e-14
1787946293113020617,1.7806388036957897e-17,1.719961642615525e-14,1.7182562444236863e-14,1.719839741591806e-14
1787946294113516481,1.8329552745288928e-17,1.719961642615525e-14,1.7182039302438058e-14,1.719839741591806e-14
1787946295113104613,0.0017014999995829,0.0017014957952410112,4.213359305525142e-09,4.213359305525142e-09
1787946296113437244,0.2929496562837927,0.29257516664465444,0.002180830607633323,0.002180830607633323
1787946297113075643,1.05290976699687,1.0263015405530773,0.06911849250706531,0.06911849250706531
1787946298113223201,1.8429800976201107,1.8106978993066725,0.09913130237891184,0.09913130237891184
1787946299112915724,1.9742641391082927,2.0353003454202234,0.08558578666928213,0.09913130237891184
1787946300113688132,2.2077471767019583,2.2942941786293267,0.08667385589658406,0.09913130237891184
1787946301113149377,2.677856898339689,2.7459902465608432,0.08680007497369434,0.09913130237891184
1787946302113554993,3.040446391306241,3.1224260040637573,0.171613092460778,0.171613092460778
1787946303114956946,3.094137812683603,3.1898895923101933,0.1866912036185431,0.1866912036185431
1787946304114021099,3.094137812683603,3.189889592309985,0.18669120361907257,0.18669120361907257
1787946305113080299,3.094137812683603,3.189889592309985,0.18669120361907257,0.18669120361907257
1787946306113855272,3.094137812683603,3.189889592309985,0.18669120361907257,0.18669120361907257
1787946307113517372,3.094137812683603,3.189889592309985,0.18669120361907257,0.18669120361907257
1787946308113195680,3.094137812683603,3.189889592309985,0.18669120361907257,0.18669120361907257
1787946309113233416,3.094137812683603,3.189889592309985,0.18669120361907257,0.18669120361907257
1787946310113022996,3.094137812683603,3.189889592309985,0.18669120361907257,0.18669120361907257
1787946311113140294,3.094137812683603,3.189889592309985,0.18669120361907257,0.18669120361907257
1787946312113222534,3.094137812683603,3.189889592309985,0.18669120361907257,0.18669120361907257
1787946313113883182,3.094137812683603,3.189889592309985,0.18669120361907257,0.18669120361907257
1787946314113646020,3.094137812683603,3.189889592309985,0.18669120361907257,0.18669120361907257
1787946315113387405,3.094137812683603,3.189889592309985,0.18669120361907257,0.18669120361907257
1787946316113771758,3.094137812683603,3.189889592309985,0.18669120361907257,0.18669120361907257
1787946317113259144,3.094137812683603,3.189889592309985,0.18669120361907257,0.18669120361907257
1787946318112923176,3.094137812683603,3.189889592309985,0.18669120361907257,0.18669120361907257
1787946319113992351,3.094137812683603,3.189889592309985,0.18669120361907257,0.18669120361907257
1787946320113314900,3.094137812683603,3.189889592309985,0.18669120361907257,0.18669120361907257
1787946321113115930,3.094137812683603,3.189889592309985,0.18669120361907257,0.18669120361907257
1787946322113018779,3.1208112940227726,3.183007947750618,0.18985730975501358,0.18985730975501358
1787946323113124514,2.9485503500347847,2.989418147972834,0.19649535288750383,0.19649535288750383
1787946324113662083,2.289992315979795,2.3267747121896054,0.2122227867698179,0.2122227867698179
1787946325113655714,2.0437211569245477,1.9880075394365777,0.2162477200003856,0.2162477200003856
1787946326112965174,1.8044941764543947,1.7128905830714072,0.1862450591907655,0.2162477200003856
1787946327114089542,1.1975185969138775,1.0570273390106726,0.2378765222473514,0.2378765222473514
1787946328113814585,1.1788151894021628,0.9754408821647416,0.2688467646076805,0.2688467646076805
1787946329113586482,1.1788151894021628,0.9754408821647416,0.2688467646076805,0.2688467646076805
1787946330113698633,1.1788151894021628,0.9754408821647416,0.2688467646076805,0.2688467646076805
1787946331113783581,1.1788151894021628,0.9754408821647416,0.2688467646076805,0.2688467646076805
1787946332114217609,1.1788151894021628,0.9754408821647416,0.2688467646076805,0.2688467646076805
1787946333113554616,1.1788151894021628,0.9754408821647416,0.2688467646076805,0.2688467646076805
1787946334113488506,1.1788151894021628,0.9754408821647416,0.2688467646076805,0.2688467646076805
1787946335114197001,1.1788151894021628,0.9754408821647416,0.2688467646076805,0.2688467646076805
1787946336113389603,1.1788151894021628,0.9754408821647416,0.2688467646076805,0.2688467646076805
1787946337113882260,1.1788151894021628,0.9754408821647416,0.2688467646076805,0.2688467646076805
1787946338113575463,1.1788151894021628,0.9754408821647416,0.2688467646076805,0.2688467646076805
1787946339114234178,1.1788151894021628,0.9754408821647416,0.2688467646076805,0.2688467646076805
1787946340114777936,1.1788151894021628,0.9754408821647416,0.2688467646076805,0.2688467646076805
1787946341114601167,1.1788151894021628,0.9754408821647416,0.2688467646076805,0.2688467646076805
1787946342114310152,1.1788151894021628,0.9754408821647416,0.2688467646076805,0.2688467646076805
1787946343113855902,1.1788151894021628,0.9754408821647416,0.2688467646076805,0.2688467646076805
1787946344113529849,1.1788151894021628,0.9754408821647416,0.2688467646076805,0.2688467646076805
1787946345113438132,1.1788151894021628,0.9754408821647416,0.2688467646076805,0.2688467646076805
1787946346113250665,1.1788151894021628,0.9754408821647416,0.2688467646076805,0.2688467646076805
1787946347113211554,1.1788151894021628,0.9754408821647416,0.2688467646076805,0.2688467646076805
1787946348113489273,1.1788151894021628,0.9754408821647416,0.2688467646076805,0.2688467646076805
1787946349113518246,1.1788151894021628,0.9754408821647416,0.2688467646076805,0.2688467646076805
1787946350113399072,1.1788151894021628,0.9754408821647416,0.2688467646076805,0.2688467646076805
1787946351113461515,1.1788151894021628,0.9754408821647416,0.2688467646076805,0.2688467646076805
1787946352113603545,1.1788151894021628,0.9754408821647416,0.2688467646076805,0.2688467646076805
1787946353115276664,1.1788151894021628,0.9754408821647416,0.2688467646076805,0.2688467646076805
1787946354113226429,1.1788151894021628,0.9754408821647416,0.2688467646076805,0.2688467646076805
1787946355113287695,1.1788151894021628,0.9754408821647416,0.2688467646076805,0.2688467646076805
1787946356113429871,1.1788151894021628,0.9754408821647416,0.2688467646076805,0.2688467646076805
1787946357113320097,1.1788151894021628,0.9754408821647416,0.2688467646076805,0.2688467646076805
1787946358113380578,1.1788151894021628,0.9754408821647416,0.2688467646076805,0.2688467646076805
1787946359113410883,1.1788151894021628,0.9754408821647416,0.2688467646076805,0.2688467646076805
1787946360113597198,1.1788151894021628,0.9754408821647416,0.2688467646076805,0.2688467646076805
1787946361113626990,1.1788151894021628,0.9754408821647416,0.2688467646076805,0.2688467646076805
1787946362113817301,1.1788151894021628,0.9754408821647416,0.2688467646076805,0.2688467646076805
1787946363113433790,1.1788151894021628,0.9754408821647416,0.2688467646076805,0.2688467646076805
1787946364113973081,1.1788151894021628,0.9754408821647416,0.2688467646076805,0.2688467646076805
1787946365113654470,1.1788151894021628,0.9754408821647416,0.2688467646076805,0.2688467646076805
1787946366113329566,1.1788151894021628,0.9754408821647416,0.2688467646076805,0.2688467646076805
1787946367114236622,1.1788151894021628,0.9754408821647416,0.2688467646076805,0.2688467646076805
1787946368113453181,1.1788151894021628,0.9754408821647416,0.2688467646076805,0.2688467646076805
1787946369113902040,1.1788151894021628,0.9754408821647416,0.2688467646076805,0.2688467646076805
1787946370113338499,1.1788151894021628,0.9754408821647416,0.2688467646076805,0.2688467646076805
1787946371113705955,1.1788151894021628,0.9754408821647416,0.2688467646076805,0.2688467646076805
1787946372113346344,1.1788151894021628,0.9754408821647416,0.2688467646076805,0.2688467646076805
1787946373113324763,1.1788151894021628,0.9754408821647416,0.2688467646076805,0.2688467646076805
1787946374113339770,1.1788151894021628,0.9754408821647416,0.2688467646076805,0.2688467646076805
1787946375113318810,1.1788151894021628,0.9754408821647416,0.2688467646076805,0.2688467646076805
1787946376113429025,1.1788151894021628,0.9754408821647416,0.2688467646076805,0.2688467646076805
1787946377113259376,1.1788151894021628,0.9754408821647416,0.2688467646076805,0.2688467646076805
1787946378113381102,1.1788151894021628,0.9754408821647416,0.2688467646076805,0.2688467646076805
1787946379113420744,1.1788151894021628,0.9754408821647416,0.2688467646076805,0.2688467646076805
1787946380113329192,1.1788151894021628,0.9754408821647416,0.2688467646076805,0.2688467646076805
1787946381113180062,1.1788151894021628,0.9754408821647416,0.2688467646076805,0.2688467646076805
1787946382113438993,1.1788151894021628,0.9754408821647416,0.2688467646076805,0.2688467646076805
1787946383113308568,1.1788151894021628,0.9754408821647416,0.2688467646076805,0.2688467646076805
1787946384113536702,1.1788151894021628,0.9754408821647416,0.2688467646076805,0.2688467646076805
1787946385113417899,1.1788151894021628,0.9754408821647416,0.2688467646076805,0.2688467646076805
1787946386113608023,1.1788151894021628,0.9754408821647416,0.2688467646076805,0.2688467646076805
1787946387113375187,1.1788151894021628,0.9754408821647416,0.2688467646076805,0.2688467646076805
1787946388113423146,1.1788151894021628,0.9754408821647416,0.2688467646076805,0.2688467646076805
1787946389113405201,1.1788151894021628,0.9754408821647416,0.2688467646076805,0.2688467646076805
1787946390113362291,1.1788151894021628,0.9754408821647416,0.2688467646076805,0.2688467646076805
1787946391113693629,1.1788151894021628,0.9754408821647416,0.2688467646076805,0.2688467646076805
1787946392113405392,1.1788151894021628,0.9754408821647416,0.2688467646076805,0.2688467646076805
1787946393113660309,1.1788151894021628,0.9754408821647416,0.2688467646076805,0.2688467646076805
1787946394113228273,1.1788151894021628,0.9754408821647416,0.2688467646076805,0.2688467646076805
1787946395113621539,1.1788151894021628,0.9754408821647416,0.2688467646076805,0.2688467646076805
1787946396114066653,1.1788151894021628,0.9754408821647416,0.2688467646076805,0.2688467646076805
1787946397113556634,1.1788151894021628,0.9754408821647416,0.2688467646076805,0.2688467646076805
1787946398113379617,1.1788151894021628,0.9754408821647416,0.2688467646076805,0.2688467646076805
1787946399113253165,1.1788151894021628,0.9754408821647416,0.2688467646076805,0.2688467646076805
1787946400113306329,1.1788151894021628,0.9754408821647416,0.2688467646076805,0.2688467646076805
1787946401113290155,1.1788151894021628,0.9754408821647416,0.2688467646076805,0.2688467646076805
1787946402113615539,1.1788151894021628,0.9754408821647416,0.2688467646076805,0.2688467646076805
1787946403113389765,1.1788151894021628,0.9754408821647416,0.2688467646076805,0.2688467646076805
1787946404113850282,1.1788151894021628,0.9754408821647416,0.2688467646076805,0.2688467646076805
1787946405113793996,1.1788151894021628,0.9754408821647416,0.2688467646076805,0.2688467646076805
1787946406113265209,1.1788151894021628,0.9754408821647416,0.2688467646076805,0.2688467646076805
1787946407113714489,1.1788151894021628,0.9754408821647416,0.2688467646076805,0.2688467646076805
1787946408113277215,1.1788151894021628,0.9754408821647416,0.2688467646076805,0.2688467646076805
1787946409114260633,1.1788151894021628,0.9754408821647416,0.2688467646076805,0.2688467646076805
1787946410113462718,1.1788151894021628,0.9754408821647416,0.2688467646076805,0.2688467646076805
1787946411113732126,1.1788151894021628,0.9754408821647416,0.2688467646076805,0.2688467646076805
1787946412113787395,1.1788151894021628,0.9754408821647416,0.2688467646076805,0.2688467646076805
1787946413113976766,1.1788151894021628,0.9754408821647416,0.2688467646076805,0.2688467646076805
1787946414114654360,1.1788151894021628,0.9754408821647416,0.2688467646076805,0.2688467646076805
1787946415114000911,1.1788151894021628,0.9754408821647416,0.2688467646076805,0.2688467646076805
1787946449492915772,6.613631585576014e-18,1.719961642615525e-14,1.7193754710888407e-14,1.7193754710888407e-14
1787946450466055025,7.118396850078851e-18,1.719961642615525e-14,1.719324996769892e-14,1.7193754710888407e-14
1787946451465983434,7.622703220334846e-18,1.719961642615525e-14,1.7192745683384903e-14,1.7193754710888407e-14
1787946452466167403,8.08941697297065e-18,1.719961642615525e-14,1.7192278990045516e-14,1.7193754710888407e-14
1787946453466502265,8.559478550799264e-18,1.719961642615525e-14,1.7191808949028484e-14,1.7193754710888407e-14
1787946454466342197,9.019548315170624e-18,1.719961642615525e-14,1.7191348899388952e-14,1.7193754710888407e-14
1787946455466397373,9.50843213081637e-18,1.719961642615525e-14,1.7190860036959737e-14,1.7193754710888407e-14
1787946456466053468,1.0000565505348948e-17,1.719961642615525e-14,1.7190367925115022e-14,1.7193754710888407e-14
1787946457467063391,1.051973248723145e-17,1.719961642615525e-14,1.7189848780846952e-14,1.7193754710888407e-14
1787946458466737975,1.1051662069606021e-17,1.719961642615525e-14,1.7189316874538186e-14,1.7193754710888407e-14
1787946459467077743,1.1627611505549963e-17,1.719961642615525e-14,1.7188740950303483e-14,1.7193754710888407e-14
1787946460465890296,1.2153962496426142e-17,1.719961642615525e-14,1.7188214622345097e-14,1.7193754710888407e-14
1787946461466463605,1.2650719290180225e-17,1.719961642615525e-14,1.7187717887290114e-14,1.7193754710888407e-14
1787946462466186301,1.3167517551354334e-17,1.719961642615525e-14,1.7187201111646092e-14,1.7193754710888407e-14
1787946463466859132,1.3669450397772782e-17,1.719961642615525e-14,1.7186699200767557e-14,1.7193754710888407e-14
1787946464467065947,1.414280003516354e-17,1.719961642615525e-14,1.7186225871848238e-14,1.7193754710888407e-14
1787946465466136134,1.4642779933637598e-17,1.719961642615525e-14,1.7185725913834658e-14,1.7193754710888407e-14
1787946466466035211,1.5114928271692563e-17,1.719961642615525e-14,1.718525378616443e-14,1.7193754710888407e-14
1787946467466258596,1.5570092597462842e-17,1.719961642615525e-14,1.7184798641764104e-14,1.7193754710888407e-14
1787946468466140978,1.604136556903581e-17,1.719961642615525e-14,1.718432738942427e-14,1.7193754710888407e-14
1787946469466338120,1.6527602486582075e-17,1.719961642615525e-14,1.7183841173794752e-14,1.7193754710888407e-14
1787946470466034601,1.698471391233579e-17,1.719961642615525e-14,1.7183384082382974e-14,1.7193754710888407e-14
1787946471466567816,1.7494613274915955e-17,1.719961642615525e-14,1.718287420534687e-14,1.7193754710888407e-14
1787946472465917688,1.7998472563523684e-17,1.719961642615525e-14,1.7182370368121567e-14,1.7193754710888407e-14
1787946473466305428,1.8510434172794128e-17,1.719961642615525e-14,1.7181858428931722e-14,1.7193754710888407e-14
1787946474466956343,1.9007902937919092e-17,1.719961642615525e-14,1.7181360981952642e-14,1.7193754710888407e-14
1787946475466092856,1.946334529828156e-17,1.719961642615525e-14,1.7180905559538933e-14,1.7193754710888407e-14
1787946476466007284,1.9953140652095577e-17,1.719961642615525e-14,1.7180415785637484e-14,1.7193754710888407e-14
1787946477465973912,2.044074087265872e-17,1.719961642615525e-14,1.7179928206774358e-14,1.7193754710888407e-14
1787946478467593828,2.0891685008795168e-17,1.719961642615525e-14,1.717947728239116e-14,1.7193754710888407e-14
1787946479466105309,0.0633779999974414,0.06337797417493252,2.5911993064228588e-08,2.5911993064228588e-08
1787946480466327204,0.5630383396035817,0.554807653177376,0.03109311166355652,0.03109311166355652
1787946481466053118,1.3928739010191444,1.3410187443694446,0.10474645535405215,0.10474645535405215
1787946482466443785,1.6213899995195447,1.6090947843543433,0.15403327427944155,0.15403327427944155
1787946483466590570,1.909243532137189,1.8903830332520377,0.16253206946651477,0.16253206946651477
1787946484466506108,1.6173825300908824,1.6965018814255226,0.0,0.16253206946651477
1787946485466665134,0.8986179838247906,0.9863419438332477,0.0,0.16253206946651477
1787946486466602810,0.3739259021437953,0.4516421575882036,0.0,0.16253206946651477
1787946487467158914,0.14046357859752961,0.2509120343224682,0.0,0.16253206946651477
1787946488466632843,0.05303628874835055,0.1599795650612077,0.0,0.16253206946651477
1787946489466011338,0.029239359057132774,0.07784617767588894,0.15839461352389828,0.16253206946651477
1787946490465983695,-0.2873700941495853,-0.3123332182261321,0.09421113732121511,0.16253206946651477
1787946491466909062,-0.8855944411428073,-0.9611574032668468,0.08897072066534509,0.16253206946651477
1787946492465999982,-1.5137431652006206,-1.642437076835655,0.12869704672952811,0.16253206946651477
1787946493466207900,-2.0921423877667245,-2.2530884644880746,0.16188727661514352,0.16253206946651477
1787946494466856813,-2.292549377159516,-2.461300748076006,0.16882892166086108,0.16882892166086108
1787946495466490277,-2.3350237679873196,-2.475903420745989,0.0,0.16882892166086108
1787946496466911414,-2.4497599194753987,-2.5959535505647797,0.0,0.16882892166086108
1787946497466411117,-2.436836116287298,-2.5590120229108693,0.0,0.16882892166086108
1787946498466846558,-2.4332151153968153,-2.5486617162025373,0.0,0.16882892166086108
1787946499466496920,-2.4332151153968153,-2.5486617162025373,0.0,0.16882892166086108
1787946500466686762,-2.4332151153968153,-2.5486617162025373,0.0,0.16882892166086108
1787946501466440866,-2.4332151153968153,-2.5486617162025373,0.0,0.16882892166086108
1787946502467001858,-2.4332151153968153,-2.5486617162025373,0.0,0.16882892166086108
1787946503467423274,-2.4332151153968153,-2.5486617162025373,0.0,0.16882892166086108
1787946504466569617,-2.4332151153968153,-2.5486617162025373,0.0,0.16882892166086108
1787946505466640198,-2.4332151153968153,-2.5486617162025373,0.0,0.16882892166086108
1787946506467530972,-2.4332151153968153,-2.5486617162025373,0.0,0.16882892166086108
1787946507466631583,-2.4332151153968153,-2.5486617162025373,0.0,0.16882892166086108
1787946508467016392,-2.4332151153968153,-2.5486617162025373,0.0,0.16882892166086108
1787946509466718323,-2.4332151153968153,-2.5486617162025373,0.0,0.16882892166086108
1787946510467305979,-2.4332151153968153,-2.5486617162025373,0.0,0.16882892166086108
1787946511466358819,-2.4332151153968153,-2.5486617162025373,0.0,0.16882892166086108
1787946512466368607,-2.4332151153968153,-2.5486617162025373,0.0,0.16882892166086108
1787946513466314180,-2.4332151153968153,-2.5486617162025373,0.0,0.16882892166086108
1787946514466701842,-2.4332151153968153,-2.5486617162025373,0.0,0.16882892166086108
1787946515466598062,-2.4332151153968153,-2.5486617162025373,0.0,0.16882892166086108
1787946516466698067,-2.4332151153968153,-2.5486617162025373,0.0,0.16882892166086108
1787946517467233748,-2.4332151153968153,-2.5486617162025373,0.0,0.16882892166086108
1787946518466660066,-2.4332151153968153,-2.5486617162025373,0.0,0.16882892166086108
1787946519467300583,-2.4332151153968153,-2.5486617162025373,0.0,0.16882892166086108
1787946520467002263,-2.4332151153968153,-2.5486617162025373,0.0,0.16882892166086108
1787946521467684758,-2.4332151153968153,-2.5486617162025373,0.0,0.16882892166086108
1787946522466443400,-2.4332151153968153,-2.5486617162025373,0.0,0.16882892166086108
